Name,Price,Image_URL,Local_Image_Path
PALANCAS PARA MOLDURAS DE PUERTAS (2 PZS) - WADFOW,18600,https://electroparb-cdnnet/rails/active_storage/representations/proxy/eyJfcmFpbHMiOnsibWVzc2FnZSI6IkJBaHBBeG9ZQWc9PSIsImV4cCI6bnVsbCwicHVyIjoiYmxvYl9pZCJ9fQ==--9883497b4d7c06a8e26a90351e89f3d7418cd23b/eyJfcmFpbHMiOnsibWVzc2FnZSI6IkJBaDdCem9MWm05eWJXRjBTU0lJYW5CbkJqb0dSVlE2RTNKbGMybDZaVjloYm1SZmNHRmtXd2RwQWl3QmFRSXNBUT09IiwiZXhwIjpudWxsLCJwdXIiOiJ2YXJpYXRpb24ifX0=--6cb9da79ecc04d7c8e10b3563f9294560e1bfed2/125980jpg,/opt/odoo/odoo8084/electropar_images/PALANCAS_PARA_MOLDURAS_DE_PUERTAS__2_PZS__-_WADFOWjpg
JUEGO DE PALANCAS MANUALES - WADFOW,62900,https://electroparb-cdnnet/rails/active_storage/representations/proxy/eyJfcmFpbHMiOnsibWVzc2FnZSI6IkJBaHBBeHNZQWc9PSIsImV4cCI6bnVsbCwicHVyIjoiYmxvYl9pZCJ9fQ==--1c0b82121f0008642cc0c87e8480f29b9dbab759/eyJfcmFpbHMiOnsibWVzc2FnZSI6IkJBaDdCem9MWm05eWJXRjBTU0lJYW5CbkJqb0dSVlE2RTNKbGMybDZaVjloYm1SZmNHRmtXd2RwQWl3QmFRSXNBUT09IiwiZXhwIjpudWxsLCJwdXIiOiJ2YXJpYXRpb24ifX0=--6cb9da79ecc04d7c8e10b3563f9294560e1bfed2/125981jpg,/opt/odoo/odoo8084/electropar_images/JUEGO_DE_PALANCAS_MANUALES_-_WADFOWjpg
JUEGO DE ROSCADO DE TUBERÍAS (9 PZS) - WADFOW,606500,https://electroparb-cdnnet/rails/active_storage/representations/proxy/eyJfcmFpbHMiOnsibWVzc2FnZSI6IkJBaHBBN29ZQWc9PSIsImV4cCI6bnVsbCwicHVyIjoiYmxvYl9pZCJ9fQ==--fca4a11b17bb624977449efe3dfcadbb3e17e986/eyJfcmFpbHMiOnsibWVzc2FnZSI6IkJBaDdCem9MWm05eWJXRjBTU0lJYW5CbkJqb0dSVlE2RTNKbGMybDZaVjloYm1SZmNHRmtXd2RwQWl3QmFRSXNBUT09IiwiZXhwIjpudWxsLCJwdXIiOiJ2YXJpYXRpb24ifX0=--6cb9da79ecc04d7c8e10b3563f9294560e1bfed2/126048jpg,/opt/odoo/odoo8084/electropar_images/JUEGO_DE_ROSCADO_DE_TUBER_AS__9_PZS__-_WADFOWjpg
SARGENTO DE ESQUINA 75MM - WADFOW,25500,https://electroparb-cdnnet/rails/active_storage/representations/proxy/eyJfcmFpbHMiOnsibWVzc2FnZSI6IkJBaHBBOUFZQWc9PSIsImV4cCI6bnVsbCwicHVyIjoiYmxvYl9pZCJ9fQ==--ee0f4646b0f5679f0339a29e29168e9d2b007c64/eyJfcmFpbHMiOnsibWVzc2FnZSI6IkJBaDdCem9MWm05eWJXRjBTU0lJYW5CbkJqb0dSVlE2RTNKbGMybDZaVjloYm1SZmNHRmtXd2RwQWl3QmFRSXNBUT09IiwiZXhwIjpudWxsLCJwdXIiOiJ2YXJpYXRpb24ifX0=--6cb9da79ecc04d7c8e10b3563f9294560e1bfed2/126055jpg,/opt/odoo/odoo8084/electropar_images/SARGENTO_DE_ESQUINA_75MM_-_WADFOWjpg
ABRAZADERA DE CORREA 4M - WADFOW,56800,https://electroparb-cdnnet/rails/active_storage/representations/proxy/eyJfcmFpbHMiOnsibWVzc2FnZSI6IkJBaHBBOU1ZQWc9PSIsImV4cCI6bnVsbCwicHVyIjoiYmxvYl9pZCJ9fQ==--b90c4493d4a2c0f2621a2e089d3fca4ff942f51d/eyJfcmFpbHMiOnsibWVzc2FnZSI6IkJBaDdCem9MWm05eWJXRjBTU0lJYW5CbkJqb0dSVlE2RTNKbGMybDZaVjloYm1SZmNHRmtXd2RwQWl3QmFRSXNBUT09IiwiZXhwIjpudWxsLCJwdXIiOiJ2YXJpYXRpb24ifX0=--6cb9da79ecc04d7c8e10b3563f9294560e1bfed2/126057jpg,/opt/odoo/odoo8084/electropar_images/ABRAZADERA_DE_CORREA_4M_-_WADFOWjpg
SARGENTO DE BANCO 70MM - WADFOW,60300,https://electroparb-cdnnet/rails/active_storage/representations/proxy/eyJfcmFpbHMiOnsibWVzc2FnZSI6IkJBaHBBOVFZQWc9PSIsImV4cCI6bnVsbCwicHVyIjoiYmxvYl9pZCJ9fQ==--82d119695668c17180ad69247cca59f7ffdb7c97/eyJfcmFpbHMiOnsibWVzc2FnZSI6IkJBaDdCem9MWm05eWJXRjBTU0lJYW5CbkJqb0dSVlE2RTNKbGMybDZaVjloYm1SZmNHRmtXd2RwQWl3QmFRSXNBUT09IiwiZXhwIjpudWxsLCJwdXIiOiJ2YXJpYXRpb24ifX0=--6cb9da79ecc04d7c8e10b3563f9294560e1bfed2/126058jpg,/opt/odoo/odoo8084/electropar_images/SARGENTO_DE_BANCO_70MM_-_WADFOWjpg
SARGENTO DE ESQUINA 70MM - WADFOW,109700,https://electroparb-cdnnet/rails/active_storage/representations/proxy/eyJfcmFpbHMiOnsibWVzc2FnZSI6IkJBaHBBOVVZQWc9PSIsImV4cCI6bnVsbCwicHVyIjoiYmxvYl9pZCJ9fQ==--948aa5b12b8574df3145c631a89866f90009e9fc/eyJfcmFpbHMiOnsibWVzc2FnZSI6IkJBaDdCem9MWm05eWJXRjBTU0lJYW5CbkJqb0dSVlE2RTNKbGMybDZaVjloYm1SZmNHRmtXd2RwQWl3QmFRSXNBUT09IiwiZXhwIjpudWxsLCJwdXIiOiJ2YXJpYXRpb24ifX0=--6cb9da79ecc04d7c8e10b3563f9294560e1bfed2/126059jpg,/opt/odoo/odoo8084/electropar_images/SARGENTO_DE_ESQUINA_70MM_-_WADFOWjpg
SARGENTO DE ESQUINA 70MM (BOTÓN LIBERACIÓN RÁPIDA) - WADFOW,114800,https://electroparb-cdnnet/rails/active_storage/representations/proxy/eyJfcmFpbHMiOnsibWVzc2FnZSI6IkJBaHBBOWNZQWc9PSIsImV4cCI6bnVsbCwicHVyIjoiYmxvYl9pZCJ9fQ==--c44163254b8538304930f55ee62838e1f8a10b66/eyJfcmFpbHMiOnsibWVzc2FnZSI6IkJBaDdCem9MWm05eWJXRjBTU0lJYW5CbkJqb0dSVlE2RTNKbGMybDZaVjloYm1SZmNHRmtXd2RwQWl3QmFRSXNBUT09IiwiZXhwIjpudWxsLCJwdXIiOiJ2YXJpYXRpb24ifX0=--6cb9da79ecc04d7c8e10b3563f9294560e1bfed2/126060jpg,/opt/odoo/odoo8084/electropar_images/SARGENTO_DE_ESQUINA_70MM__BOT_N_LIBERACI_N_R_PIDA__-_WADFOWjpg
MORSA DE BANCO 50MM - WADFOW,94001,https://electroparb-cdnnet/rails/active_storage/representations/proxy/eyJfcmFpbHMiOnsibWVzc2FnZSI6IkJBaHBBK0FZQWc9PSIsImV4cCI6bnVsbCwicHVyIjoiYmxvYl9pZCJ9fQ==--6eb6bedf3aab7758da5a2f1bfc359204761bf5d3/eyJfcmFpbHMiOnsibWVzc2FnZSI6IkJBaDdCem9MWm05eWJXRjBTU0lJYW5CbkJqb0dSVlE2RTNKbGMybDZaVjloYm1SZmNHRmtXd2RwQWl3QmFRSXNBUT09IiwiZXhwIjpudWxsLCJwdXIiOiJ2YXJpYXRpb24ifX0=--6cb9da79ecc04d7c8e10b3563f9294560e1bfed2/126070jpg,/opt/odoo/odoo8084/electropar_images/MORSA_DE_BANCO_50MM_-_WADFOWjpg
MORSA DE BANCO 100MM - WADFOW,270700,https://electroparb-cdnnet/rails/active_storage/representations/proxy/eyJfcmFpbHMiOnsibWVzc2FnZSI6IkJBaHBBK0VZQWc9PSIsImV4cCI6bnVsbCwicHVyIjoiYmxvYl9pZCJ9fQ==--eb867722b7504c63be9b104a93ffdc5da69f32cb/eyJfcmFpbHMiOnsibWVzc2FnZSI6IkJBaDdCem9MWm05eWJXRjBTU0lJYW5CbkJqb0dSVlE2RTNKbGMybDZaVjloYm1SZmNHRmtXd2RwQWl3QmFRSXNBUT09IiwiZXhwIjpudWxsLCJwdXIiOiJ2YXJpYXRpb24ifX0=--6cb9da79ecc04d7c8e10b3563f9294560e1bfed2/126071jpg,/opt/odoo/odoo8084/electropar_images/MORSA_DE_BANCO_100MM_-_WADFOWjpg
MORSA DE BANCO 125MM - WADFOW,336300,https://electroparb-cdnnet/rails/active_storage/representations/proxy/eyJfcmFpbHMiOnsibWVzc2FnZSI6IkJBaHBBK0lZQWc9PSIsImV4cCI6bnVsbCwicHVyIjoiYmxvYl9pZCJ9fQ==--88c9ba7028cef2babd4ccee6370152e58c77b747/eyJfcmFpbHMiOnsibWVzc2FnZSI6IkJBaDdCem9MWm05eWJXRjBTU0lJYW5CbkJqb0dSVlE2RTNKbGMybDZaVjloYm1SZmNHRmtXd2RwQWl3QmFRSXNBUT09IiwiZXhwIjpudWxsLCJwdXIiOiJ2YXJpYXRpb24ifX0=--6cb9da79ecc04d7c8e10b3563f9294560e1bfed2/126072jpg,/opt/odoo/odoo8084/electropar_images/MORSA_DE_BANCO_125MM_-_WADFOWjpg
ENGRAPADORA MANUAL (4-8MM)- WGU1608 - WADFOW,36100,https://electroparb-cdnnet/rails/active_storage/representations/proxy/eyJfcmFpbHMiOnsibWVzc2FnZSI6IkJBaHBBK1VZQWc9PSIsImV4cCI6bnVsbCwicHVyIjoiYmxvYl9pZCJ9fQ==--833a8da4ff433de3a62f52c872a11f20ce8ca438/eyJfcmFpbHMiOnsibWVzc2FnZSI6IkJBaDdCem9MWm05eWJXRjBTU0lJYW5CbkJqb0dSVlE2RTNKbGMybDZaVjloYm1SZmNHRmtXd2RwQWl3QmFRSXNBUT09IiwiZXhwIjpudWxsLCJwdXIiOiJ2YXJpYXRpb24ifX0=--6cb9da79ecc04d7c8e10b3563f9294560e1bfed2/126074jpg,/opt/odoo/odoo8084/electropar_images/ENGRAPADORA_MANUAL__4-8MM_-_WGU1608_-_WADFOWjpg
ENGRAPADORA MANUAL 3-EN-1 (4-14MM) - WGU2614 - WADFOW,45700,https://electroparb-cdnnet/rails/active_storage/representations/proxy/eyJfcmFpbHMiOnsibWVzc2FnZSI6IkJBaHBBK1lZQWc9PSIsImV4cCI6bnVsbCwicHVyIjoiYmxvYl9pZCJ9fQ==--c634a16186bce303acb076fb871d3469100bcf18/eyJfcmFpbHMiOnsibWVzc2FnZSI6IkJBaDdCem9MWm05eWJXRjBTU0lJYW5CbkJqb0dSVlE2RTNKbGMybDZaVjloYm1SZmNHRmtXd2RwQWl3QmFRSXNBUT09IiwiZXhwIjpudWxsLCJwdXIiOiJ2YXJpYXRpb24ifX0=--6cb9da79ecc04d7c8e10b3563f9294560e1bfed2/126075jpg,/opt/odoo/odoo8084/electropar_images/ENGRAPADORA_MANUAL_3-EN-1__4-14MM__-_WGU2614_-_WADFOWjpg
REMACHADORA Y JUEGO DE RIVETES (40 PZS) - WADFOW,171300,https://electroparb-cdnnet/rails/active_storage/representations/proxy/eyJfcmFpbHMiOnsibWVzc2FnZSI6IkJBaHBBK3dZQWc9PSIsImV4cCI6bnVsbCwicHVyIjoiYmxvYl9pZCJ9fQ==--04e85ed89fea4577af65edb6757b6af150ed9bad/eyJfcmFpbHMiOnsibWVzc2FnZSI6IkJBaDdCem9MWm05eWJXRjBTU0lJYW5CbkJqb0dSVlE2RTNKbGMybDZaVjloYm1SZmNHRmtXd2RwQWl3QmFRSXNBUT09IiwiZXhwIjpudWxsLCJwdXIiOiJ2YXJpYXRpb24ifX0=--6cb9da79ecc04d7c8e10b3563f9294560e1bfed2/126078jpg,/opt/odoo/odoo8084/electropar_images/REMACHADORA_Y_JUEGO_DE_RIVETES__40_PZS__-_WADFOWjpg
REMACHADORA DE PERFILES 280MM - WADFOW,107600,https://electroparb-cdnnet/rails/active_storage/representations/proxy/eyJfcmFpbHMiOnsibWVzc2FnZSI6IkJBaHBBKzBZQWc9PSIsImV4cCI6bnVsbCwicHVyIjoiYmxvYl9pZCJ9fQ==--4e69be8749b9dfe862ae5f98064e1982c82b4ea3/eyJfcmFpbHMiOnsibWVzc2FnZSI6IkJBaDdCem9MWm05eWJXRjBTU0lJYW5CbkJqb0dSVlE2RTNKbGMybDZaVjloYm1SZmNHRmtXd2RwQWl3QmFRSXNBUT09IiwiZXhwIjpudWxsLCJwdXIiOiJ2YXJpYXRpb24ifX0=--6cb9da79ecc04d7c8e10b3563f9294560e1bfed2/126079jpg,/opt/odoo/odoo8084/electropar_images/REMACHADORA_DE_PERFILES_280MM_-_WADFOWjpg
REMACHADORA DE PERFILES 250MM - WADFOW,99900,https://electroparb-cdnnet/rails/active_storage/representations/proxy/eyJfcmFpbHMiOnsibWVzc2FnZSI6IkJBaHBBL0FZQWc9PSIsImV4cCI6bnVsbCwicHVyIjoiYmxvYl9pZCJ9fQ==--930ba8b1568eeb1309659b395389a8279ae18357/eyJfcmFpbHMiOnsibWVzc2FnZSI6IkJBaDdCem9MWm05eWJXRjBTU0lJYW5CbkJqb0dSVlE2RTNKbGMybDZaVjloYm1SZmNHRmtXd2RwQWl3QmFRSXNBUT09IiwiZXhwIjpudWxsLCJwdXIiOiJ2YXJpYXRpb24ifX0=--6cb9da79ecc04d7c8e10b3563f9294560e1bfed2/126080jpg,/opt/odoo/odoo8084/electropar_images/REMACHADORA_DE_PERFILES_250MM_-_WADFOWjpg
PLEGADORA MANUAL DE MANDÍBULA RECTA 3 - WADFOW,98000,https://electroparb-cdnnet/rails/active_storage/representations/proxy/eyJfcmFpbHMiOnsibWVzc2FnZSI6IkJBaHBBL0VZQWc9PSIsImV4cCI6bnVsbCwicHVyIjoiYmxvYl9pZCJ9fQ==--0e5b5cb0b7903b01af00733ad729f94d9354b7ff/eyJfcmFpbHMiOnsibWVzc2FnZSI6IkJBaDdCem9MWm05eWJXRjBTU0lJYW5CbkJqb0dSVlE2RTNKbGMybDZaVjloYm1SZmNHRmtXd2RwQWl3QmFRSXNBUT09IiwiZXhwIjpudWxsLCJwdXIiOiJ2YXJpYXRpb24ifX0=--6cb9da79ecc04d7c8e10b3563f9294560e1bfed2/126081jpg,/opt/odoo/odoo8084/electropar_images/PLEGADORA_MANUAL_DE_MAND_BULA_RECTA_3_-_WADFOWjpg
PLEGADORA MANUAL DE MANDÍBULA DESPLAZADA 3 - WADFOW,98000,https://electroparb-cdnnet/rails/active_storage/representations/proxy/eyJfcmFpbHMiOnsibWVzc2FnZSI6IkJBaHBBL1VZQWc9PSIsImV4cCI6bnVsbCwicHVyIjoiYmxvYl9pZCJ9fQ==--443f84477c50375e66338fce73bffff14ed10667/eyJfcmFpbHMiOnsibWVzc2FnZSI6IkJBaDdCem9MWm05eWJXRjBTU0lJYW5CbkJqb0dSVlE2RTNKbGMybDZaVjloYm1SZmNHRmtXd2RwQWl3QmFRSXNBUT09IiwiZXhwIjpudWxsLCJwdXIiOiJ2YXJpYXRpb24ifX0=--6cb9da79ecc04d7c8e10b3563f9294560e1bfed2/126082jpg,/opt/odoo/odoo8084/electropar_images/PLEGADORA_MANUAL_DE_MAND_BULA_DESPLAZADA_3_-_WADFOWjpg
PLEGADORA MANUAL DE MANDÍBULA RECTA 6 - WADFOW,118000,https://electroparb-cdnnet/rails/active_storage/representations/proxy/eyJfcmFpbHMiOnsibWVzc2FnZSI6IkJBaHBBL2NZQWc9PSIsImV4cCI6bnVsbCwicHVyIjoiYmxvYl9pZCJ9fQ==--d2fdd18f9ccddd94ea186d62a93d999105628063/eyJfcmFpbHMiOnsibWVzc2FnZSI6IkJBaDdCem9MWm05eWJXRjBTU0lJYW5CbkJqb0dSVlE2RTNKbGMybDZaVjloYm1SZmNHRmtXd2RwQWl3QmFRSXNBUT09IiwiZXhwIjpudWxsLCJwdXIiOiJ2YXJpYXRpb24ifX0=--6cb9da79ecc04d7c8e10b3563f9294560e1bfed2/126083jpg,/opt/odoo/odoo8084/electropar_images/PLEGADORA_MANUAL_DE_MAND_BULA_RECTA_6_-_WADFOWjpg
TRANSPORTADOR DE PANELES - WADFOW,37300,https://electroparb-cdnnet/rails/active_storage/representations/proxy/eyJfcmFpbHMiOnsibWVzc2FnZSI6IkJBaHBBL2tZQWc9PSIsImV4cCI6bnVsbCwicHVyIjoiYmxvYl9pZCJ9fQ==--ced61fabb6ef76771be81c2b7cfc67e33c005a54/eyJfcmFpbHMiOnsibWVzc2FnZSI6IkJBaDdCem9MWm05eWJXRjBTU0lJYW5CbkJqb0dSVlE2RTNKbGMybDZaVjloYm1SZmNHRmtXd2RwQWl3QmFRSXNBUT09IiwiZXhwIjpudWxsLCJwdXIiOiJ2YXJpYXRpb24ifX0=--6cb9da79ecc04d7c8e10b3563f9294560e1bfed2/126084jpg,/opt/odoo/odoo8084/electropar_images/TRANSPORTADOR_DE_PANELES_-_WADFOWjpg
TRANSPORTADORES DE TABLERO DE YESO (2 PZS) - WADFOW,69000,https://electroparb-cdnnet/rails/active_storage/representations/proxy/eyJfcmFpbHMiOnsibWVzc2FnZSI6IkJBaHBBL3dZQWc9PSIsImV4cCI6bnVsbCwicHVyIjoiYmxvYl9pZCJ9fQ==--408e342b719d2fbaf9e7a0094e8f5a76610d125a/eyJfcmFpbHMiOnsibWVzc2FnZSI6IkJBaDdCem9MWm05eWJXRjBTU0lJYW5CbkJqb0dSVlE2RTNKbGMybDZaVjloYm1SZmNHRmtXd2RwQWl3QmFRSXNBUT09IiwiZXhwIjpudWxsLCJwdXIiOiJ2YXJpYXRpb24ifX0=--6cb9da79ecc04d7c8e10b3563f9294560e1bfed2/126085jpg,/opt/odoo/odoo8084/electropar_images/TRANSPORTADORES_DE_TABLERO_DE_YESO__2_PZS__-_WADFOWjpg
CEPILLO DE HIERRO - WADFOW,26700,https://electroparb-cdnnet/rails/active_storage/representations/proxy/eyJfcmFpbHMiOnsibWVzc2FnZSI6IkJBaHBBeEVaQWc9PSIsImV4cCI6bnVsbCwicHVyIjoiYmxvYl9pZCJ9fQ==--2655aea5d4a5a77fd4d08b11d7b4eddc76c30935/eyJfcmFpbHMiOnsibWVzc2FnZSI6IkJBaDdCem9MWm05eWJXRjBTU0lJYW5CbkJqb0dSVlE2RTNKbGMybDZaVjloYm1SZmNHRmtXd2RwQWl3QmFRSXNBUT09IiwiZXhwIjpudWxsLCJwdXIiOiJ2YXJpYXRpb24ifX0=--6cb9da79ecc04d7c8e10b3563f9294560e1bfed2/126097jpg,/opt/odoo/odoo8084/electropar_images/CEPILLO_DE_HIERRO_-_WADFOWjpg
CEPILLO DE CORTE 250MM - WADFOW,50700,https://electroparb-cdnnet/rails/active_storage/representations/proxy/eyJfcmFpbHMiOnsibWVzc2FnZSI6IkJBaHBBeFlaQWc9PSIsImV4cCI6bnVsbCwicHVyIjoiYmxvYl9pZCJ9fQ==--5dca5ec1a1f93cbd668943d5520da8056929dad4/eyJfcmFpbHMiOnsibWVzc2FnZSI6IkJBaDdCem9MWm05eWJXRjBTU0lJYW5CbkJqb0dSVlE2RTNKbGMybDZaVjloYm1SZmNHRmtXd2RwQWl3QmFRSXNBUT09IiwiZXhwIjpudWxsLCJwdXIiOiJ2YXJpYXRpb24ifX0=--6cb9da79ecc04d7c8e10b3563f9294560e1bfed2/126099jpg,/opt/odoo/odoo8084/electropar_images/CEPILLO_DE_CORTE_250MM_-_WADFOWjpg
JUEGO DE 9 PUNZONES NUMÉRICOS - WADFOW,33000,https://electroparb-cdnnet/rails/active_storage/representations/proxy/eyJfcmFpbHMiOnsibWVzc2FnZSI6IkJBaHBBeGtaQWc9PSIsImV4cCI6bnVsbCwicHVyIjoiYmxvYl9pZCJ9fQ==--18eff23a13a2ef40dd85998818df71e96e163141/eyJfcmFpbHMiOnsibWVzc2FnZSI6IkJBaDdCem9MWm05eWJXRjBTU0lJYW5CbkJqb0dSVlE2RTNKbGMybDZaVjloYm1SZmNHRmtXd2RwQWl3QmFRSXNBUT09IiwiZXhwIjpudWxsLCJwdXIiOiJ2YXJpYXRpb24ifX0=--6cb9da79ecc04d7c8e10b3563f9294560e1bfed2/126100jpg,/opt/odoo/odoo8084/electropar_images/JUEGO_DE_9_PUNZONES_NUM_RICOS_-_WADFOWjpg
JUEGO DE PUNZONES DE LETRAS (27 PZS) - WADFOW,93100,https://electroparb-cdnnet/rails/active_storage/representations/proxy/eyJfcmFpbHMiOnsibWVzc2FnZSI6IkJBaHBBeG9aQWc9PSIsImV4cCI6bnVsbCwicHVyIjoiYmxvYl9pZCJ9fQ==--19c617a7bf88deb7e7a36f812c7ff95422f9e416/eyJfcmFpbHMiOnsibWVzc2FnZSI6IkJBaDdCem9MWm05eWJXRjBTU0lJYW5CbkJqb0dSVlE2RTNKbGMybDZaVjloYm1SZmNHRmtXd2RwQWl3QmFRSXNBUT09IiwiZXhwIjpudWxsLCJwdXIiOiJ2YXJpYXRpb24ifX0=--6cb9da79ecc04d7c8e10b3563f9294560e1bfed2/126101jpg,/opt/odoo/odoo8084/electropar_images/JUEGO_DE_PUNZONES_DE_LETRAS__27_PZS__-_WADFOWjpg
JUEGO DE PUNZONES DE PASADOR (6 PZS) - WADFOW,68200,https://electroparb-cdnnet/rails/active_storage/representations/proxy/eyJfcmFpbHMiOnsibWVzc2FnZSI6IkJBaHBBeUFaQWc9PSIsImV4cCI6bnVsbCwicHVyIjoiYmxvYl9pZCJ9fQ==--ddf4179655b88fbeeef7d2ba5fea947edc47510e/eyJfcmFpbHMiOnsibWVzc2FnZSI6IkJBaDdCem9MWm05eWJXRjBTU0lJYW5CbkJqb0dSVlE2RTNKbGMybDZaVjloYm1SZmNHRmtXd2RwQWl3QmFRSXNBUT09IiwiZXhwIjpudWxsLCJwdXIiOiJ2YXJpYXRpb24ifX0=--6cb9da79ecc04d7c8e10b3563f9294560e1bfed2/126103jpg,/opt/odoo/odoo8084/electropar_images/JUEGO_DE_PUNZONES_DE_PASADOR__6_PZS__-_WADFOWjpg
MARTILLO MAZO DE 2KG - WADFOW,69300,https://electroparb-cdnnet/rails/active_storage/representations/proxy/eyJfcmFpbHMiOnsibWVzc2FnZSI6IkJBaHBBeVVaQWc9PSIsImV4cCI6bnVsbCwicHVyIjoiYmxvYl9pZCJ9fQ==--05268e5ac0b909fbd24b258bfe7b3003de0ac059/eyJfcmFpbHMiOnsibWVzc2FnZSI6IkJBaDdCem9MWm05eWJXRjBTU0lJYW5CbkJqb0dSVlE2RTNKbGMybDZaVjloYm1SZmNHRmtXd2RwQWl3QmFRSXNBUT09IiwiZXhwIjpudWxsLCJwdXIiOiJ2YXJpYXRpb24ifX0=--6cb9da79ecc04d7c8e10b3563f9294560e1bfed2/126105jpg,/opt/odoo/odoo8084/electropar_images/MARTILLO_MAZO_DE_2KG_-_WADFOWjpg
MARTILLO MAZO DE 3KG - WADFOW,136600,https://electroparb-cdnnet/rails/active_storage/representations/proxy/eyJfcmFpbHMiOnsibWVzc2FnZSI6IkJBaHBBeWdaQWc9PSIsImV4cCI6bnVsbCwicHVyIjoiYmxvYl9pZCJ9fQ==--a84ef67e6f35219e6059832ded6f8e8a8f480f39/eyJfcmFpbHMiOnsibWVzc2FnZSI6IkJBaDdCem9MWm05eWJXRjBTU0lJYW5CbkJqb0dSVlE2RTNKbGMybDZaVjloYm1SZmNHRmtXd2RwQWl3QmFRSXNBUT09IiwiZXhwIjpudWxsLCJwdXIiOiJ2YXJpYXRpb24ifX0=--6cb9da79ecc04d7c8e10b3563f9294560e1bfed2/126106jpg,/opt/odoo/odoo8084/electropar_images/MARTILLO_MAZO_DE_3KG_-_WADFOWjpg
MARTILLO MAZO DE 4KG - WADFOW,158901,https://electroparb-cdnnet/rails/active_storage/representations/proxy/eyJfcmFpbHMiOnsibWVzc2FnZSI6IkJBaHBBeWtaQWc9PSIsImV4cCI6bnVsbCwicHVyIjoiYmxvYl9pZCJ9fQ==--88ecbb37c6468574409b31e0ede1c120cc3f57f9/eyJfcmFpbHMiOnsibWVzc2FnZSI6IkJBaDdCem9MWm05eWJXRjBTU0lJYW5CbkJqb0dSVlE2RTNKbGMybDZaVjloYm1SZmNHRmtXd2RwQWl3QmFRSXNBUT09IiwiZXhwIjpudWxsLCJwdXIiOiJ2YXJpYXRpb24ifX0=--6cb9da79ecc04d7c8e10b3563f9294560e1bfed2/126107jpg,/opt/odoo/odoo8084/electropar_images/MARTILLO_MAZO_DE_4KG_-_WADFOWjpg
CARRETE DE LÍNEA DE TIZA 30M - WADFOW,27100,https://electroparb-cdnnet/rails/active_storage/representations/proxy/eyJfcmFpbHMiOnsibWVzc2FnZSI6IkJBaHBBeThaQWc9PSIsImV4cCI6bnVsbCwicHVyIjoiYmxvYl9pZCJ9fQ==--167118e72af879f505c84d52b13ef1fea38fe7d0/eyJfcmFpbHMiOnsibWVzc2FnZSI6IkJBaDdCem9MWm05eWJXRjBTU0lJYW5CbkJqb0dSVlE2RTNKbGMybDZaVjloYm1SZmNHRmtXd2RwQWl3QmFRSXNBUT09IiwiZXhwIjpudWxsLCJwdXIiOiJ2YXJpYXRpb24ifX0=--6cb9da79ecc04d7c8e10b3563f9294560e1bfed2/126109jpg,/opt/odoo/odoo8084/electropar_images/CARRETE_DE_L_NEA_DE_TIZA_30M_-_WADFOWjpg
LÁPICES PARA CARPINTERO (12 PZS) - WADFOW,12300,https://electroparb-cdnnet/rails/active_storage/representations/proxy/eyJfcmFpbHMiOnsibWVzc2FnZSI6IkJBaHBBeklaQWc9PSIsImV4cCI6bnVsbCwicHVyIjoiYmxvYl9pZCJ9fQ==--9ef0f37d8fd4a1ddb9b9b60d4b7b6b9532160f92/eyJfcmFpbHMiOnsibWVzc2FnZSI6IkJBaDdCem9MWm05eWJXRjBTU0lJYW5CbkJqb0dSVlE2RTNKbGMybDZaVjloYm1SZmNHRmtXd2RwQWl3QmFRSXNBUT09IiwiZXhwIjpudWxsLCJwdXIiOiJ2YXJpYXRpb24ifX0=--6cb9da79ecc04d7c8e10b3563f9294560e1bfed2/126110jpg,/opt/odoo/odoo8084/electropar_images/L_PICES_PARA_CARPINTERO__12_PZS__-_WADFOWjpg
PUNZÓN DE CONCRETO 4X16X250MM - WADFOW,20600,https://electroparb-cdnnet/rails/active_storage/representations/proxy/eyJfcmFpbHMiOnsibWVzc2FnZSI6IkJBaHBBemtaQWc9PSIsImV4cCI6bnVsbCwicHVyIjoiYmxvYl9pZCJ9fQ==--858f63dfda8b99ae61d785cf574d51f8e5a9f016/eyJfcmFpbHMiOnsibWVzc2FnZSI6IkJBaDdCem9MWm05eWJXRjBTU0lJYW5CbkJqb0dSVlE2RTNKbGMybDZaVjloYm1SZmNHRmtXd2RwQWl3QmFRSXNBUT09IiwiZXhwIjpudWxsLCJwdXIiOiJ2YXJpYXRpb24ifX0=--6cb9da79ecc04d7c8e10b3563f9294560e1bfed2/126113jpg,/opt/odoo/odoo8084/electropar_images/PUNZ_N_DE_CONCRETO_4X16X250MM_-_WADFOWjpg
PATA DE CABRA 450MM - WADFOW,32000,https://electroparb-cdnnet/rails/active_storage/representations/proxy/eyJfcmFpbHMiOnsibWVzc2FnZSI6IkJBaHBBendaQWc9PSIsImV4cCI6bnVsbCwicHVyIjoiYmxvYl9pZCJ9fQ==--214b64331074861187f76d1e8055ec91bab77381/eyJfcmFpbHMiOnsibWVzc2FnZSI6IkJBaDdCem9MWm05eWJXRjBTU0lJYW5CbkJqb0dSVlE2RTNKbGMybDZaVjloYm1SZmNHRmtXd2RwQWl3QmFRSXNBUT09IiwiZXhwIjpudWxsLCJwdXIiOiJ2YXJpYXRpb24ifX0=--6cb9da79ecc04d7c8e10b3563f9294560e1bfed2/126114jpg,/opt/odoo/odoo8084/electropar_images/PATA_DE_CABRA_450MM_-_WADFOWjpg
PILA AAA (4 PZS) - WADFOW,3900,https://electroparb-cdnnet/rails/active_storage/representations/proxy/eyJfcmFpbHMiOnsibWVzc2FnZSI6IkJBaHBBN2NaQWc9PSIsImV4cCI6bnVsbCwicHVyIjoiYmxvYl9pZCJ9fQ==--be042cbab9113c949c7e9e4825c837448802a1ed/eyJfcmFpbHMiOnsibWVzc2FnZSI6IkJBaDdCem9MWm05eWJXRjBTU0lJYW5CbkJqb0dSVlE2RTNKbGMybDZaVjloYm1SZmNHRmtXd2RwQWl3QmFRSXNBUT09IiwiZXhwIjpudWxsLCJwdXIiOiJ2YXJpYXRpb24ifX0=--6cb9da79ecc04d7c8e10b3563f9294560e1bfed2/126216jpg,/opt/odoo/odoo8084/electropar_images/PILA_AAA__4_PZS__-_WADFOWjpg
PILA AA (4 PZS) - WADFOW,5400,https://electroparb-cdnnet/rails/active_storage/representations/proxy/eyJfcmFpbHMiOnsibWVzc2FnZSI6IkJBaHBBN2daQWc9PSIsImV4cCI6bnVsbCwicHVyIjoiYmxvYl9pZCJ9fQ==--d7e1200478f90f93417a9db48d80cd318360c613/eyJfcmFpbHMiOnsibWVzc2FnZSI6IkJBaDdCem9MWm05eWJXRjBTU0lJYW5CbkJqb0dSVlE2RTNKbGMybDZaVjloYm1SZmNHRmtXd2RwQWl3QmFRSXNBUT09IiwiZXhwIjpudWxsLCJwdXIiOiJ2YXJpYXRpb24ifX0=--6cb9da79ecc04d7c8e10b3563f9294560e1bfed2/126217jpg,/opt/odoo/odoo8084/electropar_images/PILA_AA__4_PZS__-_WADFOWjpg
ESPÁTULA PARA MASILLA 38MM - WADFOW,8400,https://electroparb-cdnnet/rails/active_storage/representations/proxy/eyJfcmFpbHMiOnsibWVzc2FnZSI6IkJBaHBBN3daQWc9PSIsImV4cCI6bnVsbCwicHVyIjoiYmxvYl9pZCJ9fQ==--503b2e800e55ac04a6825aa92caf7ef7ed604198/eyJfcmFpbHMiOnsibWVzc2FnZSI6IkJBaDdCem9MWm05eWJXRjBTU0lJYW5CbkJqb0dSVlE2RTNKbGMybDZaVjloYm1SZmNHRmtXd2RwQWl3QmFRSXNBUT09IiwiZXhwIjpudWxsLCJwdXIiOiJ2YXJpYXRpb24ifX0=--6cb9da79ecc04d7c8e10b3563f9294560e1bfed2/126221jpg,/opt/odoo/odoo8084/electropar_images/ESP_TULA_PARA_MASILLA_38MM_-_WADFOWjpg
ESPÁTULA PARA MASILLA 50MM - WADFOW,8900,https://electroparb-cdnnet/rails/active_storage/representations/proxy/eyJfcmFpbHMiOnsibWVzc2FnZSI6IkJBaHBBNzBaQWc9PSIsImV4cCI6bnVsbCwicHVyIjoiYmxvYl9pZCJ9fQ==--7a3c4da00247dadd689629dc9b670ca49f5e3aa1/eyJfcmFpbHMiOnsibWVzc2FnZSI6IkJBaDdCem9MWm05eWJXRjBTU0lJYW5CbkJqb0dSVlE2RTNKbGMybDZaVjloYm1SZmNHRmtXd2RwQWl3QmFRSXNBUT09IiwiZXhwIjpudWxsLCJwdXIiOiJ2YXJpYXRpb24ifX0=--6cb9da79ecc04d7c8e10b3563f9294560e1bfed2/126222jpg,/opt/odoo/odoo8084/electropar_images/ESP_TULA_PARA_MASILLA_50MM_-_WADFOWjpg
ESPÁTULA PARA MASILLA 63MM - WADFOW,9200,https://electroparb-cdnnet/rails/active_storage/representations/proxy/eyJfcmFpbHMiOnsibWVzc2FnZSI6IkJBaHBBNzRaQWc9PSIsImV4cCI6bnVsbCwicHVyIjoiYmxvYl9pZCJ9fQ==--0d0e30384f88951cde2f16a964634a53ab2ff9e6/eyJfcmFpbHMiOnsibWVzc2FnZSI6IkJBaDdCem9MWm05eWJXRjBTU0lJYW5CbkJqb0dSVlE2RTNKbGMybDZaVjloYm1SZmNHRmtXd2RwQWl3QmFRSXNBUT09IiwiZXhwIjpudWxsLCJwdXIiOiJ2YXJpYXRpb24ifX0=--6cb9da79ecc04d7c8e10b3563f9294560e1bfed2/126223jpg,/opt/odoo/odoo8084/electropar_images/ESP_TULA_PARA_MASILLA_63MM_-_WADFOWjpg
RASCADOR DE PARED 183MM - WADFOW,11300,https://electroparb-cdnnet/rails/active_storage/representations/proxy/eyJfcmFpbHMiOnsibWVzc2FnZSI6IkJBaHBBOEVaQWc9PSIsImV4cCI6bnVsbCwicHVyIjoiYmxvYl9pZCJ9fQ==--1786a66177d2df3abfcf7aad05f740462393d02d/eyJfcmFpbHMiOnsibWVzc2FnZSI6IkJBaDdCem9MWm05eWJXRjBTU0lJYW5CbkJqb0dSVlE2RTNKbGMybDZaVjloYm1SZmNHRmtXd2RwQWl3QmFRSXNBUT09IiwiZXhwIjpudWxsLCJwdXIiOiJ2YXJpYXRpb24ifX0=--6cb9da79ecc04d7c8e10b3563f9294560e1bfed2/126226jpg,/opt/odoo/odoo8084/electropar_images/RASCADOR_DE_PARED_183MM_-_WADFOWjpg
ESPÁTULA PARA YESO 140MM - WADFOW,10700,https://electroparb-cdnnet/rails/active_storage/representations/proxy/eyJfcmFpbHMiOnsibWVzc2FnZSI6IkJBaHBBOE1aQWc9PSIsImV4cCI6bnVsbCwicHVyIjoiYmxvYl9pZCJ9fQ==--f431296dfc207460b99c7b1f1638ba4ed6b3724f/eyJfcmFpbHMiOnsibWVzc2FnZSI6IkJBaDdCem9MWm05eWJXRjBTU0lJYW5CbkJqb0dSVlE2RTNKbGMybDZaVjloYm1SZmNHRmtXd2RwQWl3QmFRSXNBUT09IiwiZXhwIjpudWxsLCJwdXIiOiJ2YXJpYXRpb24ifX0=--6cb9da79ecc04d7c8e10b3563f9294560e1bfed2/126228jpg,/opt/odoo/odoo8084/electropar_images/ESP_TULA_PARA_YESO_140MM_-_WADFOWjpg
ESPÁTULA PARA YESO 180MM - WADFOW,12100,https://electroparb-cdnnet/rails/active_storage/representations/proxy/eyJfcmFpbHMiOnsibWVzc2FnZSI6IkJBaHBBOFFaQWc9PSIsImV4cCI6bnVsbCwicHVyIjoiYmxvYl9pZCJ9fQ==--fea5c51518e89e75d7c255b5a4e3dada511433be/eyJfcmFpbHMiOnsibWVzc2FnZSI6IkJBaDdCem9MWm05eWJXRjBTU0lJYW5CbkJqb0dSVlE2RTNKbGMybDZaVjloYm1SZmNHRmtXd2RwQWl3QmFRSXNBUT09IiwiZXhwIjpudWxsLCJwdXIiOiJ2YXJpYXRpb24ifX0=--6cb9da79ecc04d7c8e10b3563f9294560e1bfed2/126229jpg,/opt/odoo/odoo8084/electropar_images/ESP_TULA_PARA_YESO_180MM_-_WADFOWjpg
LLANA DE GOMA SUAVE 280X140MM - WADFOW,19201,https://electroparb-cdnnet/rails/active_storage/representations/proxy/eyJfcmFpbHMiOnsibWVzc2FnZSI6IkJBaHBBOFVaQWc9PSIsImV4cCI6bnVsbCwicHVyIjoiYmxvYl9pZCJ9fQ==--8090f1fcaae2cf085c5942515ee087e0875bf053/eyJfcmFpbHMiOnsibWVzc2FnZSI6IkJBaDdCem9MWm05eWJXRjBTU0lJYW5CbkJqb0dSVlE2RTNKbGMybDZaVjloYm1SZmNHRmtXd2RwQWl3QmFRSXNBUT09IiwiZXhwIjpudWxsLCJwdXIiOiJ2YXJpYXRpb24ifX0=--6cb9da79ecc04d7c8e10b3563f9294560e1bfed2/126230jpg,/opt/odoo/odoo8084/electropar_images/LLANA_DE_GOMA_SUAVE_280X140MM_-_WADFOWjpg
LLANA PARA ENLUCIDO DENTADA 280X120MM - WADFOW,33000,https://electroparb-cdnnet/rails/active_storage/representations/proxy/eyJfcmFpbHMiOnsibWVzc2FnZSI6IkJBaHBBOGdaQWc9PSIsImV4cCI6bnVsbCwicHVyIjoiYmxvYl9pZCJ9fQ==--746b8397e5ea9195c557a7011475985256caf413/eyJfcmFpbHMiOnsibWVzc2FnZSI6IkJBaDdCem9MWm05eWJXRjBTU0lJYW5CbkJqb0dSVlE2RTNKbGMybDZaVjloYm1SZmNHRmtXd2RwQWl3QmFRSXNBUT09IiwiZXhwIjpudWxsLCJwdXIiOiJ2YXJpYXRpb24ifX0=--6cb9da79ecc04d7c8e10b3563f9294560e1bfed2/126233jpg,/opt/odoo/odoo8084/electropar_images/LLANA_PARA_ENLUCIDO_DENTADA_280X120MM_-_WADFOWjpg
PALETA DE ESQUINA EXTERIOR 4X5 - WADFOW,21100,https://electroparb-cdnnet/rails/active_storage/representations/proxy/eyJfcmFpbHMiOnsibWVzc2FnZSI6IkJBaHBBOGtaQWc9PSIsImV4cCI6bnVsbCwicHVyIjoiYmxvYl9pZCJ9fQ==--b08bc7bea18f85efda3da159489920f45f94c75c/eyJfcmFpbHMiOnsibWVzc2FnZSI6IkJBaDdCem9MWm05eWJXRjBTU0lJYW5CbkJqb0dSVlE2RTNKbGMybDZaVjloYm1SZmNHRmtXd2RwQWl3QmFRSXNBUT09IiwiZXhwIjpudWxsLCJwdXIiOiJ2YXJpYXRpb24ifX0=--6cb9da79ecc04d7c8e10b3563f9294560e1bfed2/126234jpg,/opt/odoo/odoo8084/electropar_images/PALETA_DE_ESQUINA_EXTERIOR_4X5_-_WADFOWjpg
LLANA DE YESERO PARA ESQUINAS INTERNAS 100X130MM - WADFOW,21100,https://electroparb-cdnnet/rails/active_storage/representations/proxy/eyJfcmFpbHMiOnsibWVzc2FnZSI6IkJBaHBBOG9aQWc9PSIsImV4cCI6bnVsbCwicHVyIjoiYmxvYl9pZCJ9fQ==--97394d6d9c5395e4b841f600f58d6b675f63dfaf/eyJfcmFpbHMiOnsibWVzc2FnZSI6IkJBaDdCem9MWm05eWJXRjBTU0lJYW5CbkJqb0dSVlE2RTNKbGMybDZaVjloYm1SZmNHRmtXd2RwQWl3QmFRSXNBUT09IiwiZXhwIjpudWxsLCJwdXIiOiJ2YXJpYXRpb24ifX0=--6cb9da79ecc04d7c8e10b3563f9294560e1bfed2/126235jpg,/opt/odoo/odoo8084/electropar_images/LLANA_DE_YESERO_PARA_ESQUINAS_INTERNAS_100X130MM_-_WADFOWjpg
ESPÁTULA PARA ALBAÑILERÍA 150MM - WADFOW,14300,https://electroparb-cdnnet/rails/active_storage/representations/proxy/eyJfcmFpbHMiOnsibWVzc2FnZSI6IkJBaHBBOHNaQWc9PSIsImV4cCI6bnVsbCwicHVyIjoiYmxvYl9pZCJ9fQ==--f5b63d1b33d3525d0b4553257ddfbbd08debab04/eyJfcmFpbHMiOnsibWVzc2FnZSI6IkJBaDdCem9MWm05eWJXRjBTU0lJYW5CbkJqb0dSVlE2RTNKbGMybDZaVjloYm1SZmNHRmtXd2RwQWl3QmFRSXNBUT09IiwiZXhwIjpudWxsLCJwdXIiOiJ2YXJpYXRpb24ifX0=--6cb9da79ecc04d7c8e10b3563f9294560e1bfed2/126236jpg,/opt/odoo/odoo8084/electropar_images/ESP_TULA_PARA_ALBA_ILER_A_150MM_-_WADFOWjpg
ESPÁTULA PARA ALBAÑILERÍA 180MM - WADFOW,15500,https://electroparb-cdnnet/rails/active_storage/representations/proxy/eyJfcmFpbHMiOnsibWVzc2FnZSI6IkJBaHBBOHdaQWc9PSIsImV4cCI6bnVsbCwicHVyIjoiYmxvYl9pZCJ9fQ==--f7d867bbd2a0007a0d7b9e2ff6fa64dab36c91bd/eyJfcmFpbHMiOnsibWVzc2FnZSI6IkJBaDdCem9MWm05eWJXRjBTU0lJYW5CbkJqb0dSVlE2RTNKbGMybDZaVjloYm1SZmNHRmtXd2RwQWl3QmFRSXNBUT09IiwiZXhwIjpudWxsLCJwdXIiOiJ2YXJpYXRpb24ifX0=--6cb9da79ecc04d7c8e10b3563f9294560e1bfed2/126237jpg,/opt/odoo/odoo8084/electropar_images/ESP_TULA_PARA_ALBA_ILER_A_180MM_-_WADFOWjpg
ESPÁTULA PARA ALBAÑILERÍA 200MM - WADFOW,16400,https://electroparb-cdnnet/rails/active_storage/representations/proxy/eyJfcmFpbHMiOnsibWVzc2FnZSI6IkJBaHBBODBaQWc9PSIsImV4cCI6bnVsbCwicHVyIjoiYmxvYl9pZCJ9fQ==--ccbad44baa053db575ca1348c45a8cf2b9920725/eyJfcmFpbHMiOnsibWVzc2FnZSI6IkJBaDdCem9MWm05eWJXRjBTU0lJYW5CbkJqb0dSVlE2RTNKbGMybDZaVjloYm1SZmNHRmtXd2RwQWl3QmFRSXNBUT09IiwiZXhwIjpudWxsLCJwdXIiOiJ2YXJpYXRpb24ifX0=--6cb9da79ecc04d7c8e10b3563f9294560e1bfed2/126238jpg,/opt/odoo/odoo8084/electropar_images/ESP_TULA_PARA_ALBA_ILER_A_200MM_-_WADFOWjpg
PALETA DE RELLENO DE JUNTAS 10MM - WADFOW,15200,https://electroparb-cdnnet/rails/active_storage/representations/proxy/eyJfcmFpbHMiOnsibWVzc2FnZSI6IkJBaHBBODRaQWc9PSIsImV4cCI6bnVsbCwicHVyIjoiYmxvYl9pZCJ9fQ==--a0e71874887b332c6c616b4d21383d87bcfaf4d1/eyJfcmFpbHMiOnsibWVzc2FnZSI6IkJBaDdCem9MWm05eWJXRjBTU0lJYW5CbkJqb0dSVlE2RTNKbGMybDZaVjloYm1SZmNHRmtXd2RwQWl3QmFRSXNBUT09IiwiZXhwIjpudWxsLCJwdXIiOiJ2YXJpYXRpb24ifX0=--6cb9da79ecc04d7c8e10b3563f9294560e1bfed2/126239jpg,/opt/odoo/odoo8084/electropar_images/PALETA_DE_RELLENO_DE_JUNTAS_10MM_-_WADFOWjpg
PALETA DE RELLENO DE JUNTAS 14MM - WADFOW,15500,https://electroparb-cdnnet/rails/active_storage/representations/proxy/eyJfcmFpbHMiOnsibWVzc2FnZSI6IkJBaHBBODhaQWc9PSIsImV4cCI6bnVsbCwicHVyIjoiYmxvYl9pZCJ9fQ==--dcdc3f7586fb9ed5797f2cd2abb118f851794e66/eyJfcmFpbHMiOnsibWVzc2FnZSI6IkJBaDdCem9MWm05eWJXRjBTU0lJYW5CbkJqb0dSVlE2RTNKbGMybDZaVjloYm1SZmNHRmtXd2RwQWl3QmFRSXNBUT09IiwiZXhwIjpudWxsLCJwdXIiOiJ2YXJpYXRpb24ifX0=--6cb9da79ecc04d7c8e10b3563f9294560e1bfed2/126240jpg,/opt/odoo/odoo8084/electropar_images/PALETA_DE_RELLENO_DE_JUNTAS_14MM_-_WADFOWjpg
BANDEJA PLASTICA P/ MASILLA 10PULG - WADFOW,15400,https://electroparb-cdnnet/rails/active_storage/representations/proxy/eyJfcmFpbHMiOnsibWVzc2FnZSI6IkJBaHBBOUFaQWc9PSIsImV4cCI6bnVsbCwicHVyIjoiYmxvYl9pZCJ9fQ==--93d97e6a6808e2c463271201344266b85fd66240/eyJfcmFpbHMiOnsibWVzc2FnZSI6IkJBaDdCem9MWm05eWJXRjBTU0lJYW5CbkJqb0dSVlE2RTNKbGMybDZaVjloYm1SZmNHRmtXd2RwQWl3QmFRSXNBUT09IiwiZXhwIjpudWxsLCJwdXIiOiJ2YXJpYXRpb24ifX0=--6cb9da79ecc04d7c8e10b3563f9294560e1bfed2/126241jpg,/opt/odoo/odoo8084/electropar_images/BANDEJA_PLASTICA_P__MASILLA_10PULG_-_WADFOWjpg
NIVEL DE PLOMADA MAGNÉTICO - WADFOW,59901,https://electroparb-cdnnet/rails/active_storage/representations/proxy/eyJfcmFpbHMiOnsibWVzc2FnZSI6IkJBaHBBOUlaQWc9PSIsImV4cCI6bnVsbCwicHVyIjoiYmxvYl9pZCJ9fQ==--a11d2ba523c72b47486b5ae29dad05ed22cca707/eyJfcmFpbHMiOnsibWVzc2FnZSI6IkJBaDdCem9MWm05eWJXRjBTU0lJYW5CbkJqb0dSVlE2RTNKbGMybDZaVjloYm1SZmNHRmtXd2RwQWl3QmFRSXNBUT09IiwiZXhwIjpudWxsLCJwdXIiOiJ2YXJpYXRpb24ifX0=--6cb9da79ecc04d7c8e10b3563f9294560e1bfed2/126243jpg,/opt/odoo/odoo8084/electropar_images/NIVEL_DE_PLOMADA_MAGN_TICO_-_WADFOWjpg
PISTOLA DE CALAFATEO (TUBO SILICONA) 230MM - WADFOW,15700,https://electroparb-cdnnet/rails/active_storage/representations/proxy/eyJfcmFpbHMiOnsibWVzc2FnZSI6IkJBaHBBOVlaQWc9PSIsImV4cCI6bnVsbCwicHVyIjoiYmxvYl9pZCJ9fQ==--65e999e57547b8f5158af0fe8e607647e80a7cbc/eyJfcmFpbHMiOnsibWVzc2FnZSI6IkJBaDdCem9MWm05eWJXRjBTU0lJYW5CbkJqb0dSVlE2RTNKbGMybDZaVjloYm1SZmNHRmtXd2RwQWl3QmFRSXNBUT09IiwiZXhwIjpudWxsLCJwdXIiOiJ2YXJpYXRpb24ifX0=--6cb9da79ecc04d7c8e10b3563f9294560e1bfed2/126247jpg,/opt/odoo/odoo8084/electropar_images/PISTOLA_DE_CALAFATEO__TUBO_SILICONA__230MM_-_WADFOWjpg
PISTOLA DE CALAFATEO (TUBO SILICONA) 230MM FUNCIÓN DE,29500,https://electroparb-cdnnet/rails/active_storage/representations/proxy/eyJfcmFpbHMiOnsibWVzc2FnZSI6IkJBaHBBOWNaQWc9PSIsImV4cCI6bnVsbCwicHVyIjoiYmxvYl9pZCJ9fQ==--3600f1b1c331d552c472d643aec21300793895e7/eyJfcmFpbHMiOnsibWVzc2FnZSI6IkJBaDdCem9MWm05eWJXRjBTU0lJYW5CbkJqb0dSVlE2RTNKbGMybDZaVjloYm1SZmNHRmtXd2RwQWl3QmFRSXNBUT09IiwiZXhwIjpudWxsLCJwdXIiOiJ2YXJpYXRpb24ifX0=--6cb9da79ecc04d7c8e10b3563f9294560e1bfed2/126248jpg,/opt/odoo/odoo8084/electropar_images/PISTOLA_DE_CALAFATEO__TUBO_SILICONA__230MM_FUNCI_N_DEjpg
PISTOLA DE CALAFATEO (TUBO SILICONA) 230MM - MANGO DE,43600,https://electroparb-cdnnet/rails/active_storage/representations/proxy/eyJfcmFpbHMiOnsibWVzc2FnZSI6IkJBaHBBOWdaQWc9PSIsImV4cCI6bnVsbCwicHVyIjoiYmxvYl9pZCJ9fQ==--3fdea5c22e207afd9cd16e4ade7be5958be3b4fb/eyJfcmFpbHMiOnsibWVzc2FnZSI6IkJBaDdCem9MWm05eWJXRjBTU0lJYW5CbkJqb0dSVlE2RTNKbGMybDZaVjloYm1SZmNHRmtXd2RwQWl3QmFRSXNBUT09IiwiZXhwIjpudWxsLCJwdXIiOiJ2YXJpYXRpb24ifX0=--6cb9da79ecc04d7c8e10b3563f9294560e1bfed2/126249jpg,/opt/odoo/odoo8084/electropar_images/PISTOLA_DE_CALAFATEO__TUBO_SILICONA__230MM_-_MANGO_DEjpg
PEGAMENTO INSTANTÁNEO UNIVERSAL 1GR (10 PZS) - WADFOW,7600,https://electroparb-cdnnet/rails/active_storage/representations/proxy/eyJfcmFpbHMiOnsibWVzc2FnZSI6IkJBaHBBOWtaQWc9PSIsImV4cCI6bnVsbCwicHVyIjoiYmxvYl9pZCJ9fQ==--59d526ced0101f62e8bad13ab818a75626860ed0/eyJfcmFpbHMiOnsibWVzc2FnZSI6IkJBaDdCem9MWm05eWJXRjBTU0lJYW5CbkJqb0dSVlE2RTNKbGMybDZaVjloYm1SZmNHRmtXd2RwQWl3QmFRSXNBUT09IiwiZXhwIjpudWxsLCJwdXIiOiJ2YXJpYXRpb24ifX0=--6cb9da79ecc04d7c8e10b3563f9294560e1bfed2/126250jpg,/opt/odoo/odoo8084/electropar_images/PEGAMENTO_INSTANT_NEO_UNIVERSAL_1GR__10_PZS__-_WADFOWjpg
PAPELERA DE PLÁSTICO (BASURERO) - WADFOW,18000,https://electroparb-cdnnet/rails/active_storage/representations/proxy/eyJfcmFpbHMiOnsibWVzc2FnZSI6IkJBaHBBdzhhQWc9PSIsImV4cCI6bnVsbCwicHVyIjoiYmxvYl9pZCJ9fQ==--bc4939ebb325f0f2f13a2cf8e27bf42bc152315f/eyJfcmFpbHMiOnsibWVzc2FnZSI6IkJBaDdCem9MWm05eWJXRjBTU0lJYW5CbkJqb0dSVlE2RTNKbGMybDZaVjloYm1SZmNHRmtXd2RwQWl3QmFRSXNBUT09IiwiZXhwIjpudWxsLCJwdXIiOiJ2YXJpYXRpb24ifX0=--6cb9da79ecc04d7c8e10b3563f9294560e1bfed2/126291jpg,/opt/odoo/odoo8084/electropar_images/PAPELERA_DE_PL_STICO__BASURERO__-_WADFOWjpg
CUBO DE PLÁSTICO (15L) - WADFOW,28700,https://electroparb-cdnnet/rails/active_storage/representations/proxy/eyJfcmFpbHMiOnsibWVzc2FnZSI6IkJBaHBBeEFhQWc9PSIsImV4cCI6bnVsbCwicHVyIjoiYmxvYl9pZCJ9fQ==--de437f815061a843422799db8d452a9a8fc6c071/eyJfcmFpbHMiOnsibWVzc2FnZSI6IkJBaDdCem9MWm05eWJXRjBTU0lJYW5CbkJqb0dSVlE2RTNKbGMybDZaVjloYm1SZmNHRmtXd2RwQWl3QmFRSXNBUT09IiwiZXhwIjpudWxsLCJwdXIiOiJ2YXJpYXRpb24ifX0=--6cb9da79ecc04d7c8e10b3563f9294560e1bfed2/126292jpg,/opt/odoo/odoo8084/electropar_images/CUBO_DE_PL_STICO__15L__-_WADFOWjpg
CUBO DE PLÁSTICO (18L) - WADFOW,33000,https://electroparb-cdnnet/rails/active_storage/representations/proxy/eyJfcmFpbHMiOnsibWVzc2FnZSI6IkJBaHBBeEVhQWc9PSIsImV4cCI6bnVsbCwicHVyIjoiYmxvYl9pZCJ9fQ==--b51286d8f55065074950b80acd879abf6438d0d0/eyJfcmFpbHMiOnsibWVzc2FnZSI6IkJBaDdCem9MWm05eWJXRjBTU0lJYW5CbkJqb0dSVlE2RTNKbGMybDZaVjloYm1SZmNHRmtXd2RwQWl3QmFRSXNBUT09IiwiZXhwIjpudWxsLCJwdXIiOiJ2YXJpYXRpb24ifX0=--6cb9da79ecc04d7c8e10b3563f9294560e1bfed2/126293jpg,/opt/odoo/odoo8084/electropar_images/CUBO_DE_PL_STICO__18L__-_WADFOWjpg
LONA 2X3M - WADFOW,36500,https://electroparb-cdnnet/rails/active_storage/representations/proxy/eyJfcmFpbHMiOnsibWVzc2FnZSI6IkJBaHBBeElhQWc9PSIsImV4cCI6bnVsbCwicHVyIjoiYmxvYl9pZCJ9fQ==--08f7888c025d5e1ec9a90f10c87448667d64379c/eyJfcmFpbHMiOnsibWVzc2FnZSI6IkJBaDdCem9MWm05eWJXRjBTU0lJYW5CbkJqb0dSVlE2RTNKbGMybDZaVjloYm1SZmNHRmtXd2RwQWl3QmFRSXNBUT09IiwiZXhwIjpudWxsLCJwdXIiOiJ2YXJpYXRpb24ifX0=--6cb9da79ecc04d7c8e10b3563f9294560e1bfed2/126294jpg,/opt/odoo/odoo8084/electropar_images/LONA_2X3M_-_WADFOWjpg
LONA 3X4M - WADFOW,73000,https://electroparb-cdnnet/rails/active_storage/representations/proxy/eyJfcmFpbHMiOnsibWVzc2FnZSI6IkJBaHBBeE1hQWc9PSIsImV4cCI6bnVsbCwicHVyIjoiYmxvYl9pZCJ9fQ==--5f70d07882fbf8d6bd33802aa9e9d680dbceaada/eyJfcmFpbHMiOnsibWVzc2FnZSI6IkJBaDdCem9MWm05eWJXRjBTU0lJYW5CbkJqb0dSVlE2RTNKbGMybDZaVjloYm1SZmNHRmtXd2RwQWl3QmFRSXNBUT09IiwiZXhwIjpudWxsLCJwdXIiOiJ2YXJpYXRpb24ifX0=--6cb9da79ecc04d7c8e10b3563f9294560e1bfed2/126295jpg,/opt/odoo/odoo8084/electropar_images/LONA_3X4M_-_WADFOWjpg
LONA 4X6M - WADFOW,137200,https://electroparb-cdnnet/rails/active_storage/representations/proxy/eyJfcmFpbHMiOnsibWVzc2FnZSI6IkJBaHBBeFVhQWc9PSIsImV4cCI6bnVsbCwicHVyIjoiYmxvYl9pZCJ9fQ==--05201a41dc2507fd29a7b93e25366bc2939bb5ab/eyJfcmFpbHMiOnsibWVzc2FnZSI6IkJBaDdCem9MWm05eWJXRjBTU0lJYW5CbkJqb0dSVlE2RTNKbGMybDZaVjloYm1SZmNHRmtXd2RwQWl3QmFRSXNBUT09IiwiZXhwIjpudWxsLCJwdXIiOiJ2YXJpYXRpb24ifX0=--6cb9da79ecc04d7c8e10b3563f9294560e1bfed2/126296jpg,/opt/odoo/odoo8084/electropar_images/LONA_4X6M_-_WADFOWjpg
BANCO DE TRABAJO PLEGABLE 100KG - WADFOW,197600,https://electroparb-cdnnet/rails/active_storage/representations/proxy/eyJfcmFpbHMiOnsibWVzc2FnZSI6IkJBaHBBeGthQWc9PSIsImV4cCI6bnVsbCwicHVyIjoiYmxvYl9pZCJ9fQ==--ccad83c9d6eaa2b9210d3609427928e595522a3d/eyJfcmFpbHMiOnsibWVzc2FnZSI6IkJBaDdCem9MWm05eWJXRjBTU0lJYW5CbkJqb0dSVlE2RTNKbGMybDZaVjloYm1SZmNHRmtXd2RwQWl3QmFRSXNBUT09IiwiZXhwIjpudWxsLCJwdXIiOiJ2YXJpYXRpb24ifX0=--6cb9da79ecc04d7c8e10b3563f9294560e1bfed2/126299jpg,/opt/odoo/odoo8084/electropar_images/BANCO_DE_TRABAJO_PLEGABLE_100KG_-_WADFOWjpg
CEPILLO PARA BOTELLAS - WADFOW,7300,https://electroparb-cdnnet/rails/active_storage/representations/proxy/eyJfcmFpbHMiOnsibWVzc2FnZSI6IkJBaHBBeHdhQWc9PSIsImV4cCI6bnVsbCwicHVyIjoiYmxvYl9pZCJ9fQ==--f20b70cc983a97765779157525b889e2a672c5f5/eyJfcmFpbHMiOnsibWVzc2FnZSI6IkJBaDdCem9MWm05eWJXRjBTU0lJYW5CbkJqb0dSVlE2RTNKbGMybDZaVjloYm1SZmNHRmtXd2RwQWl3QmFRSXNBUT09IiwiZXhwIjpudWxsLCJwdXIiOiJ2YXJpYXRpb24ifX0=--6cb9da79ecc04d7c8e10b3563f9294560e1bfed2/126302jpg,/opt/odoo/odoo8084/electropar_images/CEPILLO_PARA_BOTELLAS_-_WADFOWjpg
ESCOBA PARA INTERIORES - WADFOW,21900,https://electroparb-cdnnet/rails/active_storage/representations/proxy/eyJfcmFpbHMiOnsibWVzc2FnZSI6IkJBaHBBeDBhQWc9PSIsImV4cCI6bnVsbCwicHVyIjoiYmxvYl9pZCJ9fQ==--7cb9691a7e1fffe06ca2880af483552cead132e0/eyJfcmFpbHMiOnsibWVzc2FnZSI6IkJBaDdCem9MWm05eWJXRjBTU0lJYW5CbkJqb0dSVlE2RTNKbGMybDZaVjloYm1SZmNHRmtXd2RwQWl3QmFRSXNBUT09IiwiZXhwIjpudWxsLCJwdXIiOiJ2YXJpYXRpb24ifX0=--6cb9da79ecc04d7c8e10b3563f9294560e1bfed2/126303jpg,/opt/odoo/odoo8084/electropar_images/ESCOBA_PARA_INTERIORES_-_WADFOWjpg
ESCOBA PARA EXTERIORES - WADFOW,21900,https://electroparb-cdnnet/rails/active_storage/representations/proxy/eyJfcmFpbHMiOnsibWVzc2FnZSI6IkJBaHBBeDRhQWc9PSIsImV4cCI6bnVsbCwicHVyIjoiYmxvYl9pZCJ9fQ==--59e64b54f016c90df1f85b781f42a165ccc91466/eyJfcmFpbHMiOnsibWVzc2FnZSI6IkJBaDdCem9MWm05eWJXRjBTU0lJYW5CbkJqb0dSVlE2RTNKbGMybDZaVjloYm1SZmNHRmtXd2RwQWl3QmFRSXNBUT09IiwiZXhwIjpudWxsLCJwdXIiOiJ2YXJpYXRpb24ifX0=--6cb9da79ecc04d7c8e10b3563f9294560e1bfed2/126304jpg,/opt/odoo/odoo8084/electropar_images/ESCOBA_PARA_EXTERIORES_-_WADFOWjpg
TUBOS TERMOCONTRAÍBLES (120 PZS) - WADFOW,21700,https://electroparb-cdnnet/rails/active_storage/representations/proxy/eyJfcmFpbHMiOnsibWVzc2FnZSI6IkJBaHBBeGFOQVE9PSIsImV4cCI6bnVsbCwicHVyIjoiYmxvYl9pZCJ9fQ==--f28ac9ed474a86bbeaa88bd2acbeb1a7fc00adef/eyJfcmFpbHMiOnsibWVzc2FnZSI6IkJBaDdCem9MWm05eWJXRjBTU0lJYW5CbkJqb0dSVlE2RTNKbGMybDZaVjloYm1SZmNHRmtXd2RwQWl3QmFRSXNBUT09IiwiZXhwIjpudWxsLCJwdXIiOiJ2YXJpYXRpb24ifX0=--6cb9da79ecc04d7c8e10b3563f9294560e1bfed2/126305jpg,/opt/odoo/odoo8084/electropar_images/TUBOS_TERMOCONTRA_BLES__120_PZS__-_WADFOWjpg
SOPORTE DE ESQUINA 20X20MM (4 PZS) - WADFOW,5500,https://electroparb-cdnnet/rails/active_storage/representations/proxy/eyJfcmFpbHMiOnsibWVzc2FnZSI6IkJBaHBBeUlhQWc9PSIsImV4cCI6bnVsbCwicHVyIjoiYmxvYl9pZCJ9fQ==--f936698cb7392c378f745265317baeb37f7b71da/eyJfcmFpbHMiOnsibWVzc2FnZSI6IkJBaDdCem9MWm05eWJXRjBTU0lJYW5CbkJqb0dSVlE2RTNKbGMybDZaVjloYm1SZmNHRmtXd2RwQWl3QmFRSXNBUT09IiwiZXhwIjpudWxsLCJwdXIiOiJ2YXJpYXRpb24ifX0=--6cb9da79ecc04d7c8e10b3563f9294560e1bfed2/126309jpg,/opt/odoo/odoo8084/electropar_images/SOPORTE_DE_ESQUINA_20X20MM__4_PZS__-_WADFOWjpg
SOPORTE DE ESQUINA 50X50MM (4 PZS) - WADFOW,7600,https://electroparb-cdnnet/rails/active_storage/representations/proxy/eyJfcmFpbHMiOnsibWVzc2FnZSI6IkJBaHBBeVFhQWc9PSIsImV4cCI6bnVsbCwicHVyIjoiYmxvYl9pZCJ9fQ==--967cd43dff663d588e39b877c32296cd8e40d943/eyJfcmFpbHMiOnsibWVzc2FnZSI6IkJBaDdCem9MWm05eWJXRjBTU0lJYW5CbkJqb0dSVlE2RTNKbGMybDZaVjloYm1SZmNHRmtXd2RwQWl3QmFRSXNBUT09IiwiZXhwIjpudWxsLCJwdXIiOiJ2YXJpYXRpb24ifX0=--6cb9da79ecc04d7c8e10b3563f9294560e1bfed2/126310jpg,/opt/odoo/odoo8084/electropar_images/SOPORTE_DE_ESQUINA_50X50MM__4_PZS__-_WADFOWjpg
SOPORTE DE ESQUINA 75X75MM (4 PZS) - WADFOW,11000,https://electroparb-cdnnet/rails/active_storage/representations/proxy/eyJfcmFpbHMiOnsibWVzc2FnZSI6IkJBaHBBeVlhQWc9PSIsImV4cCI6bnVsbCwicHVyIjoiYmxvYl9pZCJ9fQ==--3a50c6c7b10d137a43594ac66ecedf48ab3f27d9/eyJfcmFpbHMiOnsibWVzc2FnZSI6IkJBaDdCem9MWm05eWJXRjBTU0lJYW5CbkJqb0dSVlE2RTNKbGMybDZaVjloYm1SZmNHRmtXd2RwQWl3QmFRSXNBUT09IiwiZXhwIjpudWxsLCJwdXIiOiJ2YXJpYXRpb24ifX0=--6cb9da79ecc04d7c8e10b3563f9294560e1bfed2/126311jpg,/opt/odoo/odoo8084/electropar_images/SOPORTE_DE_ESQUINA_75X75MM__4_PZS__-_WADFOWjpg
SOPORTE DE ESQUINA 100X100MM (4 PZS) - WADFOW,13000,https://electroparb-cdnnet/rails/active_storage/representations/proxy/eyJfcmFpbHMiOnsibWVzc2FnZSI6IkJBaHBBeWdhQWc9PSIsImV4cCI6bnVsbCwicHVyIjoiYmxvYl9pZCJ9fQ==--a3779d799d676df93083a6f07fb25fc51984fc29/eyJfcmFpbHMiOnsibWVzc2FnZSI6IkJBaDdCem9MWm05eWJXRjBTU0lJYW5CbkJqb0dSVlE2RTNKbGMybDZaVjloYm1SZmNHRmtXd2RwQWl3QmFRSXNBUT09IiwiZXhwIjpudWxsLCJwdXIiOiJ2YXJpYXRpb24ifX0=--6cb9da79ecc04d7c8e10b3563f9294560e1bfed2/126312jpg,/opt/odoo/odoo8084/electropar_images/SOPORTE_DE_ESQUINA_100X100MM__4_PZS__-_WADFOWjpg
JUEGO DE ROSCAS Y TARRAJAS MÉTRICAS (12 PZS) - WADFOW,166601,https://electroparb-cdnnet/rails/active_storage/representations/proxy/eyJfcmFpbHMiOnsibWVzc2FnZSI6IkJBaHBBNFlhQWc9PSIsImV4cCI6bnVsbCwicHVyIjoiYmxvYl9pZCJ9fQ==--46d10b4e4df55d5137976a45f2ddb652682d0666/eyJfcmFpbHMiOnsibWVzc2FnZSI6IkJBaDdCem9MWm05eWJXRjBTU0lJYW5CbkJqb0dSVlE2RTNKbGMybDZaVjloYm1SZmNHRmtXd2RwQWl3QmFRSXNBUT09IiwiZXhwIjpudWxsLCJwdXIiOiJ2YXJpYXRpb24ifX0=--6cb9da79ecc04d7c8e10b3563f9294560e1bfed2/126392jpg,/opt/odoo/odoo8084/electropar_images/JUEGO_DE_ROSCAS_Y_TARRAJAS_M_TRICAS__12_PZS__-_WADFOWjpg
MACHOS Y TARRAJAS MÉTRICAS (20 PZS) - WADFOW,233900,https://electroparb-cdnnet/rails/active_storage/representations/proxy/eyJfcmFpbHMiOnsibWVzc2FnZSI6IkJBaHBBNGNhQWc9PSIsImV4cCI6bnVsbCwicHVyIjoiYmxvYl9pZCJ9fQ==--d1181bf2392e2aba1c5150e3dde57cdcadf7fa49/eyJfcmFpbHMiOnsibWVzc2FnZSI6IkJBaDdCem9MWm05eWJXRjBTU0lJYW5CbkJqb0dSVlE2RTNKbGMybDZaVjloYm1SZmNHRmtXd2RwQWl3QmFRSXNBUT09IiwiZXhwIjpudWxsLCJwdXIiOiJ2YXJpYXRpb24ifX0=--6cb9da79ecc04d7c8e10b3563f9294560e1bfed2/126393jpg,/opt/odoo/odoo8084/electropar_images/MACHOS_Y_TARRAJAS_M_TRICAS__20_PZS__-_WADFOWjpg
PIEDRA DE AFILAR 230MM - WADFOW,5100,https://electroparb-cdnnet/rails/active_storage/representations/proxy/eyJfcmFpbHMiOnsibWVzc2FnZSI6IkJBaHBBNDhhQWc9PSIsImV4cCI6bnVsbCwicHVyIjoiYmxvYl9pZCJ9fQ==--5ab1cad4c81955c4dc038f710f9337f4056544a2/eyJfcmFpbHMiOnsibWVzc2FnZSI6IkJBaDdCem9MWm05eWJXRjBTU0lJYW5CbkJqb0dSVlE2RTNKbGMybDZaVjloYm1SZmNHRmtXd2RwQWl3QmFRSXNBUT09IiwiZXhwIjpudWxsLCJwdXIiOiJ2YXJpYXRpb24ifX0=--6cb9da79ecc04d7c8e10b3563f9294560e1bfed2/126401jpg,/opt/odoo/odoo8084/electropar_images/PIEDRA_DE_AFILAR_230MM_-_WADFOWjpg
PIEDRA DE AFILAR COMBINADA 120P/240P - WADFOW,8201,https://electroparb-cdnnet/rails/active_storage/representations/proxy/eyJfcmFpbHMiOnsibWVzc2FnZSI6IkJBaHBBNUVhQWc9PSIsImV4cCI6bnVsbCwicHVyIjoiYmxvYl9pZCJ9fQ==--b7c9ac2894a1e72c662cd6c8ba49864988a2a384/eyJfcmFpbHMiOnsibWVzc2FnZSI6IkJBaDdCem9MWm05eWJXRjBTU0lJYW5CbkJqb0dSVlE2RTNKbGMybDZaVjloYm1SZmNHRmtXd2RwQWl3QmFRSXNBUT09IiwiZXhwIjpudWxsLCJwdXIiOiJ2YXJpYXRpb24ifX0=--6cb9da79ecc04d7c8e10b3563f9294560e1bfed2/126402jpg,/opt/odoo/odoo8084/electropar_images/PIEDRA_DE_AFILAR_COMBINADA_120P_240P_-_WADFOWjpg
JUEGO DE CEPILLOS ABRASIVOS 7PULG (3 PZS) - WADFOW,9301,https://electroparb-cdnnet/rails/active_storage/representations/proxy/eyJfcmFpbHMiOnsibWVzc2FnZSI6IkJBaHBBNm9hQWc9PSIsImV4cCI6bnVsbCwicHVyIjoiYmxvYl9pZCJ9fQ==--6d97064ac95ab7761ac1b0c9a23eb792bdf837a8/eyJfcmFpbHMiOnsibWVzc2FnZSI6IkJBaDdCem9MWm05eWJXRjBTU0lJYW5CbkJqb0dSVlE2RTNKbGMybDZaVjloYm1SZmNHRmtXd2RwQWl3QmFRSXNBUT09IiwiZXhwIjpudWxsLCJwdXIiOiJ2YXJpYXRpb24ifX0=--6cb9da79ecc04d7c8e10b3563f9294560e1bfed2/126427jpg,/opt/odoo/odoo8084/electropar_images/JUEGO_DE_CEPILLOS_ABRASIVOS_7PULG__3_PZS__-_WADFOWjpg
JUEGO DE CEPILLOS ABRASIVOS 9PULG (3 PZS) - WADFOW,17700,https://electroparb-cdnnet/rails/active_storage/representations/proxy/eyJfcmFpbHMiOnsibWVzc2FnZSI6IkJBaHBBNnNhQWc9PSIsImV4cCI6bnVsbCwicHVyIjoiYmxvYl9pZCJ9fQ==--06cedb0c0e739065dc4a4546470684c61e242cbf/eyJfcmFpbHMiOnsibWVzc2FnZSI6IkJBaDdCem9MWm05eWJXRjBTU0lJYW5CbkJqb0dSVlE2RTNKbGMybDZaVjloYm1SZmNHRmtXd2RwQWl3QmFRSXNBUT09IiwiZXhwIjpudWxsLCJwdXIiOiJ2YXJpYXRpb24ifX0=--6cb9da79ecc04d7c8e10b3563f9294560e1bfed2/126428jpg,/opt/odoo/odoo8084/electropar_images/JUEGO_DE_CEPILLOS_ABRASIVOS_9PULG__3_PZS__-_WADFOWjpg
SARGENTO DE BARRA RÁPIDO 63X300MM - TOTAL,53200,https://electroparb-cdnnet/rails/active_storage/representations/proxy/eyJfcmFpbHMiOnsibWVzc2FnZSI6IkJBaHBBNWdWQWc9PSIsImV4cCI6bnVsbCwicHVyIjoiYmxvYl9pZCJ9fQ==--9f45b385cae4661cdc8c5b627c369f2e2f4147bc/eyJfcmFpbHMiOnsibWVzc2FnZSI6IkJBaDdCem9MWm05eWJXRjBTU0lJYW5CbkJqb0dSVlE2RTNKbGMybDZaVjloYm1SZmNHRmtXd2RwQWl3QmFRSXNBUT09IiwiZXhwIjpudWxsLCJwdXIiOiJ2YXJpYXRpb24ifX0=--6cb9da79ecc04d7c8e10b3563f9294560e1bfed2/125438jpg,/opt/odoo/odoo8084/electropar_images/SARGENTO_DE_BARRA_R_PIDO_63X300MM_-_TOTALjpg
SARGENTO DE BARRA RÁPIDO 63X450MM - TOTAL,56900,https://electroparb-cdnnet/rails/active_storage/representations/proxy/eyJfcmFpbHMiOnsibWVzc2FnZSI6IkJBaHBBNWtWQWc9PSIsImV4cCI6bnVsbCwicHVyIjoiYmxvYl9pZCJ9fQ==--62ad4c78da3a47f57b0e26aeea595f7c61f86c98/eyJfcmFpbHMiOnsibWVzc2FnZSI6IkJBaDdCem9MWm05eWJXRjBTU0lJYW5CbkJqb0dSVlE2RTNKbGMybDZaVjloYm1SZmNHRmtXd2RwQWl3QmFRSXNBUT09IiwiZXhwIjpudWxsLCJwdXIiOiJ2YXJpYXRpb24ifX0=--6cb9da79ecc04d7c8e10b3563f9294560e1bfed2/125439jpg,/opt/odoo/odoo8084/electropar_images/SARGENTO_DE_BARRA_R_PIDO_63X450MM_-_TOTALjpg
MORSA DE BANCO 150MM - TOTAL,503600,https://electroparb-cdnnet/rails/active_storage/representations/proxy/eyJfcmFpbHMiOnsibWVzc2FnZSI6IkJBaHBBOGdXQWc9PSIsImV4cCI6bnVsbCwicHVyIjoiYmxvYl9pZCJ9fQ==--66f9a8227bb2719c7a2cba0b696515691ce07f66/eyJfcmFpbHMiOnsibWVzc2FnZSI6IkJBaDdCem9MWm05eWJXRjBTU0lJYW5CbkJqb0dSVlE2RTNKbGMybDZaVjloYm1SZmNHRmtXd2RwQWl3QmFRSXNBUT09IiwiZXhwIjpudWxsLCJwdXIiOiJ2YXJpYXRpb24ifX0=--6cb9da79ecc04d7c8e10b3563f9294560e1bfed2/125749jpg,/opt/odoo/odoo8084/electropar_images/MORSA_DE_BANCO_150MM_-_TOTALjpg
MORSA DE BANCO 60MM - TOTAL,112000,https://electroparb-cdnnet/rails/active_storage/representations/proxy/eyJfcmFpbHMiOnsibWVzc2FnZSI6IkJBaHBBOG9XQWc9PSIsImV4cCI6bnVsbCwicHVyIjoiYmxvYl9pZCJ9fQ==--44f28a9b702f3440b87ee0bb52167f3a516c2b76/eyJfcmFpbHMiOnsibWVzc2FnZSI6IkJBaDdCem9MWm05eWJXRjBTU0lJYW5CbkJqb0dSVlE2RTNKbGMybDZaVjloYm1SZmNHRmtXd2RwQWl3QmFRSXNBUT09IiwiZXhwIjpudWxsLCJwdXIiOiJ2YXJpYXRpb24ifX0=--6cb9da79ecc04d7c8e10b3563f9294560e1bfed2/125750jpg,/opt/odoo/odoo8084/electropar_images/MORSA_DE_BANCO_60MM_-_TOTALjpg
JUEGO DE CINCELES DE MADERA (FORMONES)  (4 PZS)- CRV - TOTAL,107600,https://electroparb-cdnnet/rails/active_storage/representations/proxy/eyJfcmFpbHMiOnsibWVzc2FnZSI6IkJBaHBBOHdXQWc9PSIsImV4cCI6bnVsbCwicHVyIjoiYmxvYl9pZCJ9fQ==--a88df94478f1df028e3b0386a37a86e30cb09861/eyJfcmFpbHMiOnsibWVzc2FnZSI6IkJBaDdCem9MWm05eWJXRjBTU0lJYW5CbkJqb0dSVlE2RTNKbGMybDZaVjloYm1SZmNHRmtXd2RwQWl3QmFRSXNBUT09IiwiZXhwIjpudWxsLCJwdXIiOiJ2YXJpYXRpb24ifX0=--6cb9da79ecc04d7c8e10b3563f9294560e1bfed2/125751jpg,/opt/odoo/odoo8084/electropar_images/JUEGO_DE_CINCELES_DE_MADERA__FORMONES____4_PZS_-_CRV_-_TOTALjpg
CLAVIJA PARA CLAVADORA 10 MM (5000 PZS) - TOTAL,25500,https://electroparb-cdnnet/rails/active_storage/representations/proxy/eyJfcmFpbHMiOnsibWVzc2FnZSI6IkJBaHBBODhXQWc9PSIsImV4cCI6bnVsbCwicHVyIjoiYmxvYl9pZCJ9fQ==--3ed6a0cfe5e49286d6e8cb618cd9488bd1bfb407/eyJfcmFpbHMiOnsibWVzc2FnZSI6IkJBaDdCem9MWm05eWJXRjBTU0lJYW5CbkJqb0dSVlE2RTNKbGMybDZaVjloYm1SZmNHRmtXd2RwQWl3QmFRSXNBUT09IiwiZXhwIjpudWxsLCJwdXIiOiJ2YXJpYXRpb24ifX0=--6cb9da79ecc04d7c8e10b3563f9294560e1bfed2/125753jpg,/opt/odoo/odoo8084/electropar_images/CLAVIJA_PARA_CLAVADORA_10_MM__5000_PZS__-_TOTALjpg
GRAPAS 12 MM P/ THT31143 (1000 PZS) - TOTAL,9100,https://electroparb-cdnnet/rails/active_storage/representations/proxy/eyJfcmFpbHMiOnsibWVzc2FnZSI6IkJBaHBBOUFXQWc9PSIsImV4cCI6bnVsbCwicHVyIjoiYmxvYl9pZCJ9fQ==--a34b7f35f13207e4b277dbc7f03b7880ce943aac/eyJfcmFpbHMiOnsibWVzc2FnZSI6IkJBaDdCem9MWm05eWJXRjBTU0lJYW5CbkJqb0dSVlE2RTNKbGMybDZaVjloYm1SZmNHRmtXd2RwQWl3QmFRSXNBUT09IiwiZXhwIjpudWxsLCJwdXIiOiJ2YXJpYXRpb24ifX0=--6cb9da79ecc04d7c8e10b3563f9294560e1bfed2/125754jpg,/opt/odoo/odoo8084/electropar_images/GRAPAS_12_MM_P__THT31143__1000_PZS__-_TOTALjpg
ARCO DE SIERRA 300MM - TOTAL,25000,https://electroparb-cdnnet/rails/active_storage/representations/proxy/eyJfcmFpbHMiOnsibWVzc2FnZSI6IkJBaHBBOUVXQWc9PSIsImV4cCI6bnVsbCwicHVyIjoiYmxvYl9pZCJ9fQ==--71b422adf6c10af51e7ee3dd7b760b8364d4bbe1/eyJfcmFpbHMiOnsibWVzc2FnZSI6IkJBaDdCem9MWm05eWJXRjBTU0lJYW5CbkJqb0dSVlE2RTNKbGMybDZaVjloYm1SZmNHRmtXd2RwQWl3QmFRSXNBUT09IiwiZXhwIjpudWxsLCJwdXIiOiJ2YXJpYXRpb24ifX0=--6cb9da79ecc04d7c8e10b3563f9294560e1bfed2/125755jpg,/opt/odoo/odoo8084/electropar_images/ARCO_DE_SIERRA_300MM_-_TOTALjpg
ESPÁTULA PARA MASILLA 40MM - TOTAL,12700,https://electroparb-cdnnet/rails/active_storage/representations/proxy/eyJfcmFpbHMiOnsibWVzc2FnZSI6IkJBaHBBK0lXQWc9PSIsImV4cCI6bnVsbCwicHVyIjoiYmxvYl9pZCJ9fQ==--8427bc4fc8e55099e1494267f283fe615cc7e575/eyJfcmFpbHMiOnsibWVzc2FnZSI6IkJBaDdCem9MWm05eWJXRjBTU0lJYW5CbkJqb0dSVlE2RTNKbGMybDZaVjloYm1SZmNHRmtXd2RwQWl3QmFRSXNBUT09IiwiZXhwIjpudWxsLCJwdXIiOiJ2YXJpYXRpb24ifX0=--6cb9da79ecc04d7c8e10b3563f9294560e1bfed2/125765jpg,/opt/odoo/odoo8084/electropar_images/ESP_TULA_PARA_MASILLA_40MM_-_TOTALjpg
ESPÁTULA PARA MASILLA 100MM - TOTAL,16900,https://electroparb-cdnnet/rails/active_storage/representations/proxy/eyJfcmFpbHMiOnsibWVzc2FnZSI6IkJBaHBBK01XQWc9PSIsImV4cCI6bnVsbCwicHVyIjoiYmxvYl9pZCJ9fQ==--853c93674ebeee8fc50889bb0f6deff2e017e69c/eyJfcmFpbHMiOnsibWVzc2FnZSI6IkJBaDdCem9MWm05eWJXRjBTU0lJYW5CbkJqb0dSVlE2RTNKbGMybDZaVjloYm1SZmNHRmtXd2RwQWl3QmFRSXNBUT09IiwiZXhwIjpudWxsLCJwdXIiOiJ2YXJpYXRpb24ifX0=--6cb9da79ecc04d7c8e10b3563f9294560e1bfed2/125766jpg,/opt/odoo/odoo8084/electropar_images/ESP_TULA_PARA_MASILLA_100MM_-_TOTALjpg
ESPÁTULA PARA MASILLA 100MM CON EXTREMO DE ALUMINIO - TOTAL,25300,https://electroparb-cdnnet/rails/active_storage/representations/proxy/eyJfcmFpbHMiOnsibWVzc2FnZSI6IkJBaHBBK1VXQWc9PSIsImV4cCI6bnVsbCwicHVyIjoiYmxvYl9pZCJ9fQ==--c0905611775ce157321ce474f39999dd5981b4f3/eyJfcmFpbHMiOnsibWVzc2FnZSI6IkJBaDdCem9MWm05eWJXRjBTU0lJYW5CbkJqb0dSVlE2RTNKbGMybDZaVjloYm1SZmNHRmtXd2RwQWl3QmFRSXNBUT09IiwiZXhwIjpudWxsLCJwdXIiOiJ2YXJpYXRpb24ifX0=--6cb9da79ecc04d7c8e10b3563f9294560e1bfed2/125768jpg,/opt/odoo/odoo8084/electropar_images/ESP_TULA_PARA_MASILLA_100MM_CON_EXTREMO_DE_ALUMINIO_-_TOTALjpg
ESPÁTULA PARA MASILLA 125MM CON EXTREMO DE ALUMINIO - TOTAL,28900,https://electroparb-cdnnet/rails/active_storage/representations/proxy/eyJfcmFpbHMiOnsibWVzc2FnZSI6IkJBaHBBK2dXQWc9PSIsImV4cCI6bnVsbCwicHVyIjoiYmxvYl9pZCJ9fQ==--dc6720a51ea6ec353a27cc114446794899556d38/eyJfcmFpbHMiOnsibWVzc2FnZSI6IkJBaDdCem9MWm05eWJXRjBTU0lJYW5CbkJqb0dSVlE2RTNKbGMybDZaVjloYm1SZmNHRmtXd2RwQWl3QmFRSXNBUT09IiwiZXhwIjpudWxsLCJwdXIiOiJ2YXJpYXRpb24ifX0=--6cb9da79ecc04d7c8e10b3563f9294560e1bfed2/125769jpg,/opt/odoo/odoo8084/electropar_images/ESP_TULA_PARA_MASILLA_125MM_CON_EXTREMO_DE_ALUMINIO_-_TOTALjpg
CUCHARA PARA ALBAÑILERÍA 150MM - TOTAL,17700,https://electroparb-cdnnet/rails/active_storage/representations/proxy/eyJfcmFpbHMiOnsibWVzc2FnZSI6IkJBaHBBK2tXQWc9PSIsImV4cCI6bnVsbCwicHVyIjoiYmxvYl9pZCJ9fQ==--7ce1e51ab38cc4b3f0a7664f5bb162f83d395a38/eyJfcmFpbHMiOnsibWVzc2FnZSI6IkJBaDdCem9MWm05eWJXRjBTU0lJYW5CbkJqb0dSVlE2RTNKbGMybDZaVjloYm1SZmNHRmtXd2RwQWl3QmFRSXNBUT09IiwiZXhwIjpudWxsLCJwdXIiOiJ2YXJpYXRpb24ifX0=--6cb9da79ecc04d7c8e10b3563f9294560e1bfed2/125770jpg,/opt/odoo/odoo8084/electropar_images/CUCHARA_PARA_ALBA_ILER_A_150MM_-_TOTALjpg
CUCHARA PARA ALBAÑILERÍA 180MM - TOTAL,18500,https://electroparb-cdnnet/rails/active_storage/representations/proxy/eyJfcmFpbHMiOnsibWVzc2FnZSI6IkJBaHBBK3dXQWc9PSIsImV4cCI6bnVsbCwicHVyIjoiYmxvYl9pZCJ9fQ==--242dacf1f5692a2375657208c983a665e1167b88/eyJfcmFpbHMiOnsibWVzc2FnZSI6IkJBaDdCem9MWm05eWJXRjBTU0lJYW5CbkJqb0dSVlE2RTNKbGMybDZaVjloYm1SZmNHRmtXd2RwQWl3QmFRSXNBUT09IiwiZXhwIjpudWxsLCJwdXIiOiJ2YXJpYXRpb24ifX0=--6cb9da79ecc04d7c8e10b3563f9294560e1bfed2/125771jpg,/opt/odoo/odoo8084/electropar_images/CUCHARA_PARA_ALBA_ILER_A_180MM_-_TOTALjpg
LLANA PARA ENLUCIDO 280X130 - TOTAL,50300,https://electroparb-cdnnet/rails/active_storage/representations/proxy/eyJfcmFpbHMiOnsibWVzc2FnZSI6IkJBaHBBKzBXQWc9PSIsImV4cCI6bnVsbCwicHVyIjoiYmxvYl9pZCJ9fQ==--8faf14432d7113dd05d28286c6e75695ff15984e/eyJfcmFpbHMiOnsibWVzc2FnZSI6IkJBaDdCem9MWm05eWJXRjBTU0lJYW5CbkJqb0dSVlE2RTNKbGMybDZaVjloYm1SZmNHRmtXd2RwQWl3QmFRSXNBUT09IiwiZXhwIjpudWxsLCJwdXIiOiJ2YXJpYXRpb24ifX0=--6cb9da79ecc04d7c8e10b3563f9294560e1bfed2/125772jpg,/opt/odoo/odoo8084/electropar_images/LLANA_PARA_ENLUCIDO_280X130_-_TOTALjpg
PINCEL DE PINTURA 25MM (CERDA 40X10MM) - TOTAL,2701,https://electroparb-cdnnet/rails/active_storage/representations/proxy/eyJfcmFpbHMiOnsibWVzc2FnZSI6IkJBaHBBKzhXQWc9PSIsImV4cCI6bnVsbCwicHVyIjoiYmxvYl9pZCJ9fQ==--9ca963043f126b8dc01da6bb2ef18f2c2c818c11/eyJfcmFpbHMiOnsibWVzc2FnZSI6IkJBaDdCem9MWm05eWJXRjBTU0lJYW5CbkJqb0dSVlE2RTNKbGMybDZaVjloYm1SZmNHRmtXd2RwQWl3QmFRSXNBUT09IiwiZXhwIjpudWxsLCJwdXIiOiJ2YXJpYXRpb24ifX0=--6cb9da79ecc04d7c8e10b3563f9294560e1bfed2/125774jpg,/opt/odoo/odoo8084/electropar_images/PINCEL_DE_PINTURA_25MM__CERDA_40X10MM__-_TOTALjpg
PINCEL DE PINTURA 38MM (CERDA 40X10MM) - TOTAL,3200,https://electroparb-cdnnet/rails/active_storage/representations/proxy/eyJfcmFpbHMiOnsibWVzc2FnZSI6IkJBaHBBL0FXQWc9PSIsImV4cCI6bnVsbCwicHVyIjoiYmxvYl9pZCJ9fQ==--bdcd8763d6feac770aadff1042d3491f5770f6d8/eyJfcmFpbHMiOnsibWVzc2FnZSI6IkJBaDdCem9MWm05eWJXRjBTU0lJYW5CbkJqb0dSVlE2RTNKbGMybDZaVjloYm1SZmNHRmtXd2RwQWl3QmFRSXNBUT09IiwiZXhwIjpudWxsLCJwdXIiOiJ2YXJpYXRpb24ifX0=--6cb9da79ecc04d7c8e10b3563f9294560e1bfed2/125775jpg,/opt/odoo/odoo8084/electropar_images/PINCEL_DE_PINTURA_38MM__CERDA_40X10MM__-_TOTALjpg
PINCEL DE PINTURA 50MM (CERDA 45X11MM) - TOTAL,5100,https://electroparb-cdnnet/rails/active_storage/representations/proxy/eyJfcmFpbHMiOnsibWVzc2FnZSI6IkJBaHBBelUwQVE9PSIsImV4cCI6bnVsbCwicHVyIjoiYmxvYl9pZCJ9fQ==--16ec9273c69defb84fa1fa0ccafaef7a2b1f6444/eyJfcmFpbHMiOnsibWVzc2FnZSI6IkJBaDdCem9MWm05eWJXRjBTU0lJYW5CbkJqb0dSVlE2RTNKbGMybDZaVjloYm1SZmNHRmtXd2RwQWl3QmFRSXNBUT09IiwiZXhwIjpudWxsLCJwdXIiOiJ2YXJpYXRpb24ifX0=--6cb9da79ecc04d7c8e10b3563f9294560e1bfed2/125776jpg,/opt/odoo/odoo8084/electropar_images/PINCEL_DE_PINTURA_50MM__CERDA_45X11MM__-_TOTALjpg
PINCEL DE PINTURA 75MM (CERDA 51X12MM) - TOTAL,10200,https://electroparb-cdnnet/rails/active_storage/representations/proxy/eyJfcmFpbHMiOnsibWVzc2FnZSI6IkJBaHBBL0VXQWc9PSIsImV4cCI6bnVsbCwicHVyIjoiYmxvYl9pZCJ9fQ==--30c97bab29deccb2117fb4e4f60d18e80b87c16c/eyJfcmFpbHMiOnsibWVzc2FnZSI6IkJBaDdCem9MWm05eWJXRjBTU0lJYW5CbkJqb0dSVlE2RTNKbGMybDZaVjloYm1SZmNHRmtXd2RwQWl3QmFRSXNBUT09IiwiZXhwIjpudWxsLCJwdXIiOiJ2YXJpYXRpb24ifX0=--6cb9da79ecc04d7c8e10b3563f9294560e1bfed2/125777jpg,/opt/odoo/odoo8084/electropar_images/PINCEL_DE_PINTURA_75MM__CERDA_51X12MM__-_TOTALjpg
JUEGO DE PINCELES PARA PINTURA (8 PZS) - TOTAL,39800,https://electroparb-cdnnet/rails/active_storage/representations/proxy/eyJfcmFpbHMiOnsibWVzc2FnZSI6IkJBaHBBL0lXQWc9PSIsImV4cCI6bnVsbCwicHVyIjoiYmxvYl9pZCJ9fQ==--a4987727dbd48f15d4a3f30bc227e7f26a8ce22d/eyJfcmFpbHMiOnsibWVzc2FnZSI6IkJBaDdCem9MWm05eWJXRjBTU0lJYW5CbkJqb0dSVlE2RTNKbGMybDZaVjloYm1SZmNHRmtXd2RwQWl3QmFRSXNBUT09IiwiZXhwIjpudWxsLCJwdXIiOiJ2YXJpYXRpb24ifX0=--6cb9da79ecc04d7c8e10b3563f9294560e1bfed2/125778jpg,/opt/odoo/odoo8084/electropar_images/JUEGO_DE_PINCELES_PARA_PINTURA__8_PZS__-_TOTALjpg
CARRETE DE LÍNEA DE TIZA 30M - TOTAL,33600,https://electroparb-cdnnet/rails/active_storage/representations/proxy/eyJfcmFpbHMiOnsibWVzc2FnZSI6IkJBaHBBL01XQWc9PSIsImV4cCI6bnVsbCwicHVyIjoiYmxvYl9pZCJ9fQ==--5a87385130bb583152199dc4550e2bc21a56f8a9/eyJfcmFpbHMiOnsibWVzc2FnZSI6IkJBaDdCem9MWm05eWJXRjBTU0lJYW5CbkJqb0dSVlE2RTNKbGMybDZaVjloYm1SZmNHRmtXd2RwQWl3QmFRSXNBUT09IiwiZXhwIjpudWxsLCJwdXIiOiJ2YXJpYXRpb24ifX0=--6cb9da79ecc04d7c8e10b3563f9294560e1bfed2/125779jpg,/opt/odoo/odoo8084/electropar_images/CARRETE_DE_L_NEA_DE_TIZA_30M_-_TOTALjpg
RODILLO Y FUNDAS P/ PARED INTERIOR (11 PZS) - TOTAL,53100,https://electroparb-cdnnet/rails/active_storage/representations/proxy/eyJfcmFpbHMiOnsibWVzc2FnZSI6IkJBaHBBL1lXQWc9PSIsImV4cCI6bnVsbCwicHVyIjoiYmxvYl9pZCJ9fQ==--ea5a9d39ce63ec1f854b586db632fb0be5a9a130/eyJfcmFpbHMiOnsibWVzc2FnZSI6IkJBaDdCem9MWm05eWJXRjBTU0lJYW5CbkJqb0dSVlE2RTNKbGMybDZaVjloYm1SZmNHRmtXd2RwQWl3QmFRSXNBUT09IiwiZXhwIjpudWxsLCJwdXIiOiJ2YXJpYXRpb24ifX0=--6cb9da79ecc04d7c8e10b3563f9294560e1bfed2/125782jpg,/opt/odoo/odoo8084/electropar_images/RODILLO_Y_FUNDAS_P__PARED_INTERIOR__11_PZS__-_TOTALjpg
INFLADOR MANUAL 140PSI 38X500MM - TOTAL,99900,https://electroparb-cdnnet/rails/active_storage/representations/proxy/eyJfcmFpbHMiOnsibWVzc2FnZSI6IkJBaHBBd2tYQWc9PSIsImV4cCI6bnVsbCwicHVyIjoiYmxvYl9pZCJ9fQ==--70c3cdad002f1e3550b93320270e6a1ba0f948eb/eyJfcmFpbHMiOnsibWVzc2FnZSI6IkJBaDdCem9MWm05eWJXRjBTU0lJYW5CbkJqb0dSVlE2RTNKbGMybDZaVjloYm1SZmNHRmtXd2RwQWl3QmFRSXNBUT09IiwiZXhwIjpudWxsLCJwdXIiOiJ2YXJpYXRpb24ifX0=--6cb9da79ecc04d7c8e10b3563f9294560e1bfed2/125793jpg,/opt/odoo/odoo8084/electropar_images/INFLADOR_MANUAL_140PSI_38X500MM_-_TOTALjpg
JUEGO DE MARTILLOS PARA CARROCERÍA (7 PZS) - TOTAL,388100,https://electroparb-cdnnet/rails/active_storage/representations/proxy/eyJfcmFpbHMiOnsibWVzc2FnZSI6IkJBaHBBMVlXQWc9PSIsImV4cCI6bnVsbCwicHVyIjoiYmxvYl9pZCJ9fQ==--93c1742cca53fcea2bf715d1e50db8f6258c96af/eyJfcmFpbHMiOnsibWVzc2FnZSI6IkJBaDdCem9MWm05eWJXRjBTU0lJYW5CbkJqb0dSVlE2RTNKbGMybDZaVjloYm1SZmNHRmtXd2RwQWl3QmFRSXNBUT09IiwiZXhwIjpudWxsLCJwdXIiOiJ2YXJpYXRpb24ifX0=--6cb9da79ecc04d7c8e10b3563f9294560e1bfed2/125660jpg,/opt/odoo/odoo8084/electropar_images/JUEGO_DE_MARTILLOS_PARA_CARROCER_A__7_PZS__-_TOTALjpg
PINCEL (BROCHA) DE PINTURA 25MM (CERDA 51X8MM) - TOTAL,6900,https://electroparb-cdnnet/rails/active_storage/representations/proxy/eyJfcmFpbHMiOnsibWVzc2FnZSI6IkJBaHBBMmdXQWc9PSIsImV4cCI6bnVsbCwicHVyIjoiYmxvYl9pZCJ9fQ==--41a55f616e010422f9a5bcdd8d24289a736ec226/eyJfcmFpbHMiOnsibWVzc2FnZSI6IkJBaDdCem9MWm05eWJXRjBTU0lJYW5CbkJqb0dSVlE2RTNKbGMybDZaVjloYm1SZmNHRmtXd2RwQWl3QmFRSXNBUT09IiwiZXhwIjpudWxsLCJwdXIiOiJ2YXJpYXRpb24ifX0=--6cb9da79ecc04d7c8e10b3563f9294560e1bfed2/125668jpg,/opt/odoo/odoo8084/electropar_images/PINCEL__BROCHA__DE_PINTURA_25MM__CERDA_51X8MM__-_TOTALjpg
RODILLO EXTENSIBLE (44-87CM) Y FUNDA MICROFIBRA - TOTAL,68701,https://electroparb-cdnnet/rails/active_storage/representations/proxy/eyJfcmFpbHMiOnsibWVzc2FnZSI6IkJBaHBBMndXQWc9PSIsImV4cCI6bnVsbCwicHVyIjoiYmxvYl9pZCJ9fQ==--512f1c8f6f65d507b456b5e0bd772a9e6fdbfc8e/eyJfcmFpbHMiOnsibWVzc2FnZSI6IkJBaDdCem9MWm05eWJXRjBTU0lJYW5CbkJqb0dSVlE2RTNKbGMybDZaVjloYm1SZmNHRmtXd2RwQWl3QmFRSXNBUT09IiwiZXhwIjpudWxsLCJwdXIiOiJ2YXJpYXRpb24ifX0=--6cb9da79ecc04d7c8e10b3563f9294560e1bfed2/125670jpg,/opt/odoo/odoo8084/electropar_images/RODILLO_EXTENSIBLE__44-87CM__Y_FUNDA_MICROFIBRA_-_TOTALjpg
ESLINGA DE CINTA 1TONX2MX30MM - TOTAL,43800,https://electroparb-cdnnet/rails/active_storage/representations/proxy/eyJfcmFpbHMiOnsibWVzc2FnZSI6IkJBaHBBNFVXQWc9PSIsImV4cCI6bnVsbCwicHVyIjoiYmxvYl9pZCJ9fQ==--65d80e16b80f9d34f3fbb3d95848fff6c4129ec7/eyJfcmFpbHMiOnsibWVzc2FnZSI6IkJBaDdCem9MWm05eWJXRjBTU0lJYW5CbkJqb0dSVlE2RTNKbGMybDZaVjloYm1SZmNHRmtXd2RwQWl3QmFRSXNBUT09IiwiZXhwIjpudWxsLCJwdXIiOiJ2YXJpYXRpb24ifX0=--6cb9da79ecc04d7c8e10b3563f9294560e1bfed2/125682jpg,/opt/odoo/odoo8084/electropar_images/ESLINGA_DE_CINTA_1TONX2MX30MM_-_TOTALjpg
SARGENTO G 125MM - TOTAL,66200,https://electroparb-cdnnet/rails/active_storage/representations/proxy/eyJfcmFpbHMiOnsibWVzc2FnZSI6IkJBaHBBNmNYQWc9PSIsImV4cCI6bnVsbCwicHVyIjoiYmxvYl9pZCJ9fQ==--b84f4c92acadfd7c8c84bb8c805b1db45ebcf91a/eyJfcmFpbHMiOnsibWVzc2FnZSI6IkJBaDdCem9MWm05eWJXRjBTU0lJYW5CbkJqb0dSVlE2RTNKbGMybDZaVjloYm1SZmNHRmtXd2RwQWl3QmFRSXNBUT09IiwiZXhwIjpudWxsLCJwdXIiOiJ2YXJpYXRpb24ifX0=--6cb9da79ecc04d7c8e10b3563f9294560e1bfed2/125905jpg,/opt/odoo/odoo8084/electropar_images/SARGENTO_G_125MM_-_TOTALjpg
SARGENTO F CON MANGO DE PLÁSTICO 50X250MM - TOTAL,34700,https://electroparb-cdnnet/rails/active_storage/representations/proxy/eyJfcmFpbHMiOnsibWVzc2FnZSI6IkJBaHBBNmdYQWc9PSIsImV4cCI6bnVsbCwicHVyIjoiYmxvYl9pZCJ9fQ==--d8394b7bc99e26fd1f6d00cee825fa6a0a17db72/eyJfcmFpbHMiOnsibWVzc2FnZSI6IkJBaDdCem9MWm05eWJXRjBTU0lJYW5CbkJqb0dSVlE2RTNKbGMybDZaVjloYm1SZmNHRmtXd2RwQWl3QmFRSXNBUT09IiwiZXhwIjpudWxsLCJwdXIiOiJ2YXJpYXRpb24ifX0=--6cb9da79ecc04d7c8e10b3563f9294560e1bfed2/125906jpg,/opt/odoo/odoo8084/electropar_images/SARGENTO_F_CON_MANGO_DE_PL_STICO_50X250MM_-_TOTALjpg
PISTOLA DE CALAFATEO (TUBO SILICONA) DE ALUMINIO 230MM -,67000,https://electroparb-cdnnet/rails/active_storage/representations/proxy/eyJfcmFpbHMiOnsibWVzc2FnZSI6IkJBaHBBNjhYQWc9PSIsImV4cCI6bnVsbCwicHVyIjoiYmxvYl9pZCJ9fQ==--4f75a197a74fc971e96b1acd2834bfdfcc1dac61/eyJfcmFpbHMiOnsibWVzc2FnZSI6IkJBaDdCem9MWm05eWJXRjBTU0lJYW5CbkJqb0dSVlE2RTNKbGMybDZaVjloYm1SZmNHRmtXd2RwQWl3QmFRSXNBUT09IiwiZXhwIjpudWxsLCJwdXIiOiJ2YXJpYXRpb24ifX0=--6cb9da79ecc04d7c8e10b3563f9294560e1bfed2/125909jpg,/opt/odoo/odoo8084/electropar_images/PISTOLA_DE_CALAFATEO__TUBO_SILICONA__DE_ALUMINIO_230MM_-jpg
PISTOLA DE CALAFATEO (TUBO SILICONA) DE ALUMINIO 300MM -,76000,https://electroparb-cdnnet/rails/active_storage/representations/proxy/eyJfcmFpbHMiOnsibWVzc2FnZSI6IkJBaHBBN0VYQWc9PSIsImV4cCI6bnVsbCwicHVyIjoiYmxvYl9pZCJ9fQ==--a694308a4171fbd1864f9acd7b8b04d7dc532fc9/eyJfcmFpbHMiOnsibWVzc2FnZSI6IkJBaDdCem9MWm05eWJXRjBTU0lJYW5CbkJqb0dSVlE2RTNKbGMybDZaVjloYm1SZmNHRmtXd2RwQWl3QmFRSXNBUT09IiwiZXhwIjpudWxsLCJwdXIiOiJ2YXJpYXRpb24ifX0=--6cb9da79ecc04d7c8e10b3563f9294560e1bfed2/125910jpg,/opt/odoo/odoo8084/electropar_images/PISTOLA_DE_CALAFATEO__TUBO_SILICONA__DE_ALUMINIO_300MM_-jpg
ESPÁTULA PARA YESO 250MM - TOTAL,23601,https://electroparb-cdnnet/rails/active_storage/representations/proxy/eyJfcmFpbHMiOnsibWVzc2FnZSI6IkJBaHBBN1VYQWc9PSIsImV4cCI6bnVsbCwicHVyIjoiYmxvYl9pZCJ9fQ==--408847bc389130ed8f1eb394fb522643aec24139/eyJfcmFpbHMiOnsibWVzc2FnZSI6IkJBaDdCem9MWm05eWJXRjBTU0lJYW5CbkJqb0dSVlE2RTNKbGMybDZaVjloYm1SZmNHRmtXd2RwQWl3QmFRSXNBUT09IiwiZXhwIjpudWxsLCJwdXIiOiJ2YXJpYXRpb24ifX0=--6cb9da79ecc04d7c8e10b3563f9294560e1bfed2/125913jpg,/opt/odoo/odoo8084/electropar_images/ESP_TULA_PARA_YESO_250MM_-_TOTALjpg
ESPÁTULA PARA YESO 300MM - TOTAL,26901,https://electroparb-cdnnet/rails/active_storage/representations/proxy/eyJfcmFpbHMiOnsibWVzc2FnZSI6IkJBaHBBN2NYQWc9PSIsImV4cCI6bnVsbCwicHVyIjoiYmxvYl9pZCJ9fQ==--ee8f4509be26162a2d62b697ca3392ff9a183852/eyJfcmFpbHMiOnsibWVzc2FnZSI6IkJBaDdCem9MWm05eWJXRjBTU0lJYW5CbkJqb0dSVlE2RTNKbGMybDZaVjloYm1SZmNHRmtXd2RwQWl3QmFRSXNBUT09IiwiZXhwIjpudWxsLCJwdXIiOiJ2YXJpYXRpb24ifX0=--6cb9da79ecc04d7c8e10b3563f9294560e1bfed2/125914jpg,/opt/odoo/odoo8084/electropar_images/ESP_TULA_PARA_YESO_300MM_-_TOTALjpg
RODILLO DE MICROFIBRA P/ PARED INTERIOR 100MM (12 PZS)-,22300,https://electroparb-cdnnet/rails/active_storage/representations/proxy/eyJfcmFpbHMiOnsibWVzc2FnZSI6IkJBaHBBN2tYQWc9PSIsImV4cCI6bnVsbCwicHVyIjoiYmxvYl9pZCJ9fQ==--badadc84361d480ebd144404b966b02831e9ceca/eyJfcmFpbHMiOnsibWVzc2FnZSI6IkJBaDdCem9MWm05eWJXRjBTU0lJYW5CbkJqb0dSVlE2RTNKbGMybDZaVjloYm1SZmNHRmtXd2RwQWl3QmFRSXNBUT09IiwiZXhwIjpudWxsLCJwdXIiOiJ2YXJpYXRpb24ifX0=--6cb9da79ecc04d7c8e10b3563f9294560e1bfed2/125915jpg,/opt/odoo/odoo8084/electropar_images/RODILLO_DE_MICROFIBRA_P__PARED_INTERIOR_100MM__12_PZS_-jpg
RODILLO DE MICROFIBRA P/ PARED INTERIOR 230MM (3 PZS) -,22300,https://electroparb-cdnnet/rails/active_storage/representations/proxy/eyJfcmFpbHMiOnsibWVzc2FnZSI6IkJBaHBBN3dYQWc9PSIsImV4cCI6bnVsbCwicHVyIjoiYmxvYl9pZCJ9fQ==--28e7c02a0d2e524c0211cbf91e9c67a55adb2392/eyJfcmFpbHMiOnsibWVzc2FnZSI6IkJBaDdCem9MWm05eWJXRjBTU0lJYW5CbkJqb0dSVlE2RTNKbGMybDZaVjloYm1SZmNHRmtXd2RwQWl3QmFRSXNBUT09IiwiZXhwIjpudWxsLCJwdXIiOiJ2YXJpYXRpb24ifX0=--6cb9da79ecc04d7c8e10b3563f9294560e1bfed2/125916jpg,/opt/odoo/odoo8084/electropar_images/RODILLO_DE_MICROFIBRA_P__PARED_INTERIOR_230MM__3_PZS__-jpg
APAREJO DE CADENA 1TON 3M - TOTAL,494000,https://electroparb-cdnnet/rails/active_storage/representations/proxy/eyJfcmFpbHMiOnsibWVzc2FnZSI6IkJBaHBBOUFYQWc9PSIsImV4cCI6bnVsbCwicHVyIjoiYmxvYl9pZCJ9fQ==--1c3db8d73eb803b271f8bb936474f26017cfe3ef/eyJfcmFpbHMiOnsibWVzc2FnZSI6IkJBaDdCem9MWm05eWJXRjBTU0lJYW5CbkJqb0dSVlE2RTNKbGMybDZaVjloYm1SZmNHRmtXd2RwQWl3QmFRSXNBUT09IiwiZXhwIjpudWxsLCJwdXIiOiJ2YXJpYXRpb24ifX0=--6cb9da79ecc04d7c8e10b3563f9294560e1bfed2/125933jpg,/opt/odoo/odoo8084/electropar_images/APAREJO_DE_CADENA_1TON_3M_-_TOTALjpg
CINTA AISLADORA 915M (ESPESOR 019MM)  - TOTAL,4901,https://electroparb-cdnnet/rails/active_storage/representations/proxy/eyJfcmFpbHMiOnsibWVzc2FnZSI6IkJBaHBBOUlYQWc9PSIsImV4cCI6bnVsbCwicHVyIjoiYmxvYl9pZCJ9fQ==--9615bcd6ea8be0fa357395f9289dfeb58bfb1019/eyJfcmFpbHMiOnsibWVzc2FnZSI6IkJBaDdCem9MWm05eWJXRjBTU0lJYW5CbkJqb0dSVlE2RTNKbGMybDZaVjloYm1SZmNHRmtXd2RwQWl3QmFRSXNBUT09IiwiZXhwIjpudWxsLCJwdXIiOiJ2YXJpYXRpb24ifX0=--6cb9da79ecc04d7c8e10b3563f9294560e1bfed2/125934jpg,/opt/odoo/odoo8084/electropar_images/CINTA_AISLADORA_915M__ESPESOR_019MM___-_TOTALjpg
PILA ALCALINA AAA LR03 15V - TOTAL,2600,https://electroparb-cdnnet/rails/active_storage/representations/proxy/eyJfcmFpbHMiOnsibWVzc2FnZSI6IkJBaHBBNDRWQXc9PSIsImV4cCI6bnVsbCwicHVyIjoiYmxvYl9pZCJ9fQ==--b15bba5ab6f6671179c3d239eda7c5debbd72352/eyJfcmFpbHMiOnsibWVzc2FnZSI6IkJBaDdCem9MWm05eWJXRjBTU0lJYW5CbkJqb0dSVlE2RTNKbGMybDZaVjloYm1SZmNHRmtXd2RwQWl3QmFRSXNBUT09IiwiZXhwIjpudWxsLCJwdXIiOiJ2YXJpYXRpb24ifX0=--6cb9da79ecc04d7c8e10b3563f9294560e1bfed2/125936jpg,/opt/odoo/odoo8084/electropar_images/PILA_ALCALINA_AAA_LR03_15V_-_TOTALjpg
PILA ALCALINA AA LR6 15V - TOTAL,3200,https://electroparb-cdnnet/rails/active_storage/representations/proxy/eyJfcmFpbHMiOnsibWVzc2FnZSI6IkJBaHBBOVVYQWc9PSIsImV4cCI6bnVsbCwicHVyIjoiYmxvYl9pZCJ9fQ==--eab205901a8c612613093d8ef61f7f46aadaa2d5/eyJfcmFpbHMiOnsibWVzc2FnZSI6IkJBaDdCem9MWm05eWJXRjBTU0lJYW5CbkJqb0dSVlE2RTNKbGMybDZaVjloYm1SZmNHRmtXd2RwQWl3QmFRSXNBUT09IiwiZXhwIjpudWxsLCJwdXIiOiJ2YXJpYXRpb24ifX0=--6cb9da79ecc04d7c8e10b3563f9294560e1bfed2/125937_2jpg,/opt/odoo/odoo8084/electropar_images/PILA_ALCALINA_AA_LR6_15V_-_TOTALjpg
MARTILLO DE PENA (MECÁNICO) 500GR - TOTAL,31700,https://electroparb-cdnnet/rails/active_storage/representations/proxy/eyJfcmFpbHMiOnsibWVzc2FnZSI6IkJBaHBBNm9XQWc9PSIsImV4cCI6bnVsbCwicHVyIjoiYmxvYl9pZCJ9fQ==--4cfd88702fd4b884722abdb20bbb799d4c875ad6/eyJfcmFpbHMiOnsibWVzc2FnZSI6IkJBaDdCem9MWm05eWJXRjBTU0lJYW5CbkJqb0dSVlE2RTNKbGMybDZaVjloYm1SZmNHRmtXd2RwQWl3QmFRSXNBUT09IiwiZXhwIjpudWxsLCJwdXIiOiJ2YXJpYXRpb24ifX0=--6cb9da79ecc04d7c8e10b3563f9294560e1bfed2/125728jpg,/opt/odoo/odoo8084/electropar_images/MARTILLO_DE_PENA__MEC_NICO__500GR_-_TOTALjpg
MARTILLO DE GOMA NATURAL 220G - TOTAL,30600,https://electroparb-cdnnet/rails/active_storage/representations/proxy/eyJfcmFpbHMiOnsibWVzc2FnZSI6IkJBaHBBNjBXQWc9PSIsImV4cCI6bnVsbCwicHVyIjoiYmxvYl9pZCJ9fQ==--629d5be36be0805a7b6c80927c3a77595ad1daa2/eyJfcmFpbHMiOnsibWVzc2FnZSI6IkJBaDdCem9MWm05eWJXRjBTU0lJYW5CbkJqb0dSVlE2RTNKbGMybDZaVjloYm1SZmNHRmtXd2RwQWl3QmFRSXNBUT09IiwiZXhwIjpudWxsLCJwdXIiOiJ2YXJpYXRpb24ifX0=--6cb9da79ecc04d7c8e10b3563f9294560e1bfed2/125731jpg,/opt/odoo/odoo8084/electropar_images/MARTILLO_DE_GOMA_NATURAL_220G_-_TOTALjpg
MARTILLO DE GOLPE MUERTO 2LB - TOTAL,65700,https://electroparb-cdnnet/rails/active_storage/representations/proxy/eyJfcmFpbHMiOnsibWVzc2FnZSI6IkJBaHBBNjhXQWc9PSIsImV4cCI6bnVsbCwicHVyIjoiYmxvYl9pZCJ9fQ==--460e47da7cbf15b41ace4838042d68cddb5ce93d/eyJfcmFpbHMiOnsibWVzc2FnZSI6IkJBaDdCem9MWm05eWJXRjBTU0lJYW5CbkJqb0dSVlE2RTNKbGMybDZaVjloYm1SZmNHRmtXd2RwQWl3QmFRSXNBUT09IiwiZXhwIjpudWxsLCJwdXIiOiJ2YXJpYXRpb24ifX0=--6cb9da79ecc04d7c8e10b3563f9294560e1bfed2/125732jpg,/opt/odoo/odoo8084/electropar_images/MARTILLO_DE_GOLPE_MUERTO_2LB_-_TOTALjpg
CUADERNO - TOTAL,14500,https://electroparb-cdnnet/rails/active_storage/representations/proxy/eyJfcmFpbHMiOnsibWVzc2FnZSI6IkJBaHBBOHZjQWc9PSIsImV4cCI6bnVsbCwicHVyIjoiYmxvYl9pZCJ9fQ==--8f464e894e1cd692969912c6ae8daba16e7217ea/eyJfcmFpbHMiOnsibWVzc2FnZSI6IkJBaDdCem9MWm05eWJXRjBTU0lJYW5CbkJqb0dSVlE2RTNKbGMybDZaVjloYm1SZmNHRmtXd2RwQWl3QmFRSXNBUT09IiwiZXhwIjpudWxsLCJwdXIiOiJ2YXJpYXRpb24ifX0=--6cb9da79ecc04d7c8e10b3563f9294560e1bfed2/126721jpg,/opt/odoo/odoo8084/electropar_images/CUADERNO_-_TOTALjpg
"CANDADO DE CABLE PARA BICICLETA 4 DÍGITOS (1,2M) - TOTAL",37901,https://electroparb-cdnnet/rails/active_storage/representations/proxy/eyJfcmFpbHMiOnsibWVzc2FnZSI6IkJBaHBBN2NiQWc9PSIsImV4cCI6bnVsbCwicHVyIjoiYmxvYl9pZCJ9fQ==--e1f5368c2b0c0fea2e13cba7e6282f249c8217fe/eyJfcmFpbHMiOnsibWVzc2FnZSI6IkJBaDdCem9MWm05eWJXRjBTU0lJYW5CbkJqb0dSVlE2RTNKbGMybDZaVjloYm1SZmNHRmtXd2RwQWl3QmFRSXNBUT09IiwiZXhwIjpudWxsLCJwdXIiOiJ2YXJpYXRpb24ifX0=--6cb9da79ecc04d7c8e10b3563f9294560e1bfed2/126729jpg,/opt/odoo/odoo8084/electropar_images/CANDADO_DE_CABLE_PARA_BICICLETA_4_D_GITOS__1_2M__-_TOTALjpg
MARTILLO DE CINCELAR 300GR - WADFOW,21500,https://electroparb-cdnnet/rails/active_storage/representations/proxy/eyJfcmFpbHMiOnsibWVzc2FnZSI6IkJBaHBBNzhiQWc9PSIsImV4cCI6bnVsbCwicHVyIjoiYmxvYl9pZCJ9fQ==--d60f79b33a6007db865b233bbd5085436fb660ad/eyJfcmFpbHMiOnsibWVzc2FnZSI6IkJBaDdCem9MWm05eWJXRjBTU0lJYW5CbkJqb0dSVlE2RTNKbGMybDZaVjloYm1SZmNHRmtXd2RwQWl3QmFRSXNBUT09IiwiZXhwIjpudWxsLCJwdXIiOiJ2YXJpYXRpb24ifX0=--6cb9da79ecc04d7c8e10b3563f9294560e1bfed2/126736jpg,/opt/odoo/odoo8084/electropar_images/MARTILLO_DE_CINCELAR_300GR_-_WADFOWjpg
MARTILLO DE CINCELAR 500GR - WADFOW,27000,https://electroparb-cdnnet/rails/active_storage/representations/proxy/eyJfcmFpbHMiOnsibWVzc2FnZSI6IkJBaHBBOEFiQWc9PSIsImV4cCI6bnVsbCwicHVyIjoiYmxvYl9pZCJ9fQ==--17d3815edec11ed611ce57f04dccb4d20f4dbf24/eyJfcmFpbHMiOnsibWVzc2FnZSI6IkJBaDdCem9MWm05eWJXRjBTU0lJYW5CbkJqb0dSVlE2RTNKbGMybDZaVjloYm1SZmNHRmtXd2RwQWl3QmFRSXNBUT09IiwiZXhwIjpudWxsLCJwdXIiOiJ2YXJpYXRpb24ifX0=--6cb9da79ecc04d7c8e10b3563f9294560e1bfed2/126737jpg,/opt/odoo/odoo8084/electropar_images/MARTILLO_DE_CINCELAR_500GR_-_WADFOWjpg
SOPORTE DE REPISA 15X20CM (2 PZS) - TOTAL,7500,https://electroparb-cdnnet/rails/active_storage/representations/proxy/eyJfcmFpbHMiOnsibWVzc2FnZSI6IkJBaHBBM3diQWc9PSIsImV4cCI6bnVsbCwicHVyIjoiYmxvYl9pZCJ9fQ==--22e43022bb58b4e75b8f9a9c824e42762d418d71/eyJfcmFpbHMiOnsibWVzc2FnZSI6IkJBaDdCem9MWm05eWJXRjBTU0lJYW5CbkJqb0dSVlE2RTNKbGMybDZaVjloYm1SZmNHRmtXd2RwQWl3QmFRSXNBUT09IiwiZXhwIjpudWxsLCJwdXIiOiJ2YXJpYXRpb24ifX0=--6cb9da79ecc04d7c8e10b3563f9294560e1bfed2/126676jpg,/opt/odoo/odoo8084/electropar_images/SOPORTE_DE_REPISA_15X20CM__2_PZS__-_TOTALjpg
SOPORTE DE REPISA 25X30CM (2 PZS) - TOTAL,12900,https://electroparb-cdnnet/rails/active_storage/representations/proxy/eyJfcmFpbHMiOnsibWVzc2FnZSI6IkJBaHBBMzBiQWc9PSIsImV4cCI6bnVsbCwicHVyIjoiYmxvYl9pZCJ9fQ==--41b0597fbb67a7b915763fda120ca63650f5dba0/eyJfcmFpbHMiOnsibWVzc2FnZSI6IkJBaDdCem9MWm05eWJXRjBTU0lJYW5CbkJqb0dSVlE2RTNKbGMybDZaVjloYm1SZmNHRmtXd2RwQWl3QmFRSXNBUT09IiwiZXhwIjpudWxsLCJwdXIiOiJ2YXJpYXRpb24ifX0=--6cb9da79ecc04d7c8e10b3563f9294560e1bfed2/126677jpg,/opt/odoo/odoo8084/electropar_images/SOPORTE_DE_REPISA_25X30CM__2_PZS__-_TOTALjpg
APAREJO DE CADENA 2TON 3M - TOTAL,748300,https://electroparb-cdnnet/rails/active_storage/representations/proxy/eyJfcmFpbHMiOnsibWVzc2FnZSI6IkJBaHBBMFliQWc9PSIsImV4cCI6bnVsbCwicHVyIjoiYmxvYl9pZCJ9fQ==--d7acadf48c82534282fc64924b259d3d1cfed51e/eyJfcmFpbHMiOnsibWVzc2FnZSI6IkJBaDdCem9MWm05eWJXRjBTU0lJYW5CbkJqb0dSVlE2RTNKbGMybDZaVjloYm1SZmNHRmtXd2RwQWl3QmFRSXNBUT09IiwiZXhwIjpudWxsLCJwdXIiOiJ2YXJpYXRpb24ifX0=--6cb9da79ecc04d7c8e10b3563f9294560e1bfed2/126637jpg,/opt/odoo/odoo8084/electropar_images/APAREJO_DE_CADENA_2TON_3M_-_TOTALjpg
PISTOLA DE CALAFATEO (TUBO SILICONA) 230MM - TOTAL,19400,https://electroparb-cdnnet/rails/active_storage/representations/proxy/eyJfcmFpbHMiOnsibWVzc2FnZSI6IkJBaHBBLzgwQVE9PSIsImV4cCI6bnVsbCwicHVyIjoiYmxvYl9pZCJ9fQ==--a2af6f06be4cbf8376c4f2046ff919e27c5c377b/eyJfcmFpbHMiOnsibWVzc2FnZSI6IkJBaDdCem9MWm05eWJXRjBTU0lJYW5CbkJqb0dSVlE2RTNKbGMybDZaVjloYm1SZmNHRmtXd2RwQWl3QmFRSXNBUT09IiwiZXhwIjpudWxsLCJwdXIiOiJ2YXJpYXRpb24ifX0=--6cb9da79ecc04d7c8e10b3563f9294560e1bfed2/126640jpg,/opt/odoo/odoo8084/electropar_images/PISTOLA_DE_CALAFATEO__TUBO_SILICONA__230MM_-_TOTALjpg
TRANSPALETA MANUAL 2500 KG - TOTAL,3140800,https://electroparb-cdnnet/rails/active_storage/representations/proxy/eyJfcmFpbHMiOnsibWVzc2FnZSI6IkJBaHBBMDRiQWc9PSIsImV4cCI6bnVsbCwicHVyIjoiYmxvYl9pZCJ9fQ==--6a1bcefb5ea19944722f03b3a4b13d5f0a15d340/eyJfcmFpbHMiOnsibWVzc2FnZSI6IkJBaDdCem9MWm05eWJXRjBTU0lJYW5CbkJqb0dSVlE2RTNKbGMybDZaVjloYm1SZmNHRmtXd2RwQWl3QmFRSXNBUT09IiwiZXhwIjpudWxsLCJwdXIiOiJ2YXJpYXRpb24ifX0=--6cb9da79ecc04d7c8e10b3563f9294560e1bfed2/126647jpg,/opt/odoo/odoo8084/electropar_images/TRANSPALETA_MANUAL_2500_KG_-_TOTALjpg
ENGRAPADORA MANUAL 3-EN-1 (4-14MM) - THT31143 - TOTAL,70600,https://electroparb-cdnnet/rails/active_storage/representations/proxy/eyJfcmFpbHMiOnsibWVzc2FnZSI6IkJBaHBBMDhiQWc9PSIsImV4cCI6bnVsbCwicHVyIjoiYmxvYl9pZCJ9fQ==--b98fb3e4957616a7181be9322a7d38f70ea88596/eyJfcmFpbHMiOnsibWVzc2FnZSI6IkJBaDdCem9MWm05eWJXRjBTU0lJYW5CbkJqb0dSVlE2RTNKbGMybDZaVjloYm1SZmNHRmtXd2RwQWl3QmFRSXNBUT09IiwiZXhwIjpudWxsLCJwdXIiOiJ2YXJpYXRpb24ifX0=--6cb9da79ecc04d7c8e10b3563f9294560e1bfed2/126648jpg,/opt/odoo/odoo8084/electropar_images/ENGRAPADORA_MANUAL_3-EN-1__4-14MM__-_THT31143_-_TOTALjpg
REMACHADORA MANUAL 250MM ALUMINIO - TOTAL,52500,https://electroparb-cdnnet/rails/active_storage/representations/proxy/eyJfcmFpbHMiOnsibWVzc2FnZSI6IkJBaHBBMUFiQWc9PSIsImV4cCI6bnVsbCwicHVyIjoiYmxvYl9pZCJ9fQ==--8a015494fc1a431df0695d438764a7643f202e5b/eyJfcmFpbHMiOnsibWVzc2FnZSI6IkJBaDdCem9MWm05eWJXRjBTU0lJYW5CbkJqb0dSVlE2RTNKbGMybDZaVjloYm1SZmNHRmtXd2RwQWl3QmFRSXNBUT09IiwiZXhwIjpudWxsLCJwdXIiOiJ2YXJpYXRpb24ifX0=--6cb9da79ecc04d7c8e10b3563f9294560e1bfed2/126649jpg,/opt/odoo/odoo8084/electropar_images/REMACHADORA_MANUAL_250MM_ALUMINIO_-_TOTALjpg
ARCO DE SIERRA 300MM AGARRE SUAVE - TOTAL,33800,https://electroparb-cdnnet/rails/active_storage/representations/proxy/eyJfcmFpbHMiOnsibWVzc2FnZSI6IkJBaHBBMUViQWc9PSIsImV4cCI6bnVsbCwicHVyIjoiYmxvYl9pZCJ9fQ==--03652a15029536325fbd4c35b89ac3122dc0760c/eyJfcmFpbHMiOnsibWVzc2FnZSI6IkJBaDdCem9MWm05eWJXRjBTU0lJYW5CbkJqb0dSVlE2RTNKbGMybDZaVjloYm1SZmNHRmtXd2RwQWl3QmFRSXNBUT09IiwiZXhwIjpudWxsLCJwdXIiOiJ2YXJpYXRpb24ifX0=--6cb9da79ecc04d7c8e10b3563f9294560e1bfed2/126650jpg,/opt/odoo/odoo8084/electropar_images/ARCO_DE_SIERRA_300MM_AGARRE_SUAVE_-_TOTALjpg
RODILLO Y FUNDA MICROFIBRA CON CUBETA P/ PARED INTERIOR,27700,https://electroparb-cdnnet/rails/active_storage/representations/proxy/eyJfcmFpbHMiOnsibWVzc2FnZSI6IkJBaHBBMVFiQWc9PSIsImV4cCI6bnVsbCwicHVyIjoiYmxvYl9pZCJ9fQ==--ee989a2f4c2c88d25af24497dacfe72f9a0a115c/eyJfcmFpbHMiOnsibWVzc2FnZSI6IkJBaDdCem9MWm05eWJXRjBTU0lJYW5CbkJqb0dSVlE2RTNKbGMybDZaVjloYm1SZmNHRmtXd2RwQWl3QmFRSXNBUT09IiwiZXhwIjpudWxsLCJwdXIiOiJ2YXJpYXRpb24ifX0=--6cb9da79ecc04d7c8e10b3563f9294560e1bfed2/126652jpg,/opt/odoo/odoo8084/electropar_images/RODILLO_Y_FUNDA_MICROFIBRA_CON_CUBETA_P__PARED_INTERIORjpg
JUEGO DE PINCELES DE PINTURA 1+2+3PULG (3 PZS) - TOTAL,12500,https://electroparb-cdnnet/rails/active_storage/representations/proxy/eyJfcmFpbHMiOnsibWVzc2FnZSI6IkJBaHBBMWNiQWc9PSIsImV4cCI6bnVsbCwicHVyIjoiYmxvYl9pZCJ9fQ==--ce233f6f454e0c1a15162d00ae7dfac596cdaf16/eyJfcmFpbHMiOnsibWVzc2FnZSI6IkJBaDdCem9MWm05eWJXRjBTU0lJYW5CbkJqb0dSVlE2RTNKbGMybDZaVjloYm1SZmNHRmtXd2RwQWl3QmFRSXNBUT09IiwiZXhwIjpudWxsLCJwdXIiOiJ2YXJpYXRpb24ifX0=--6cb9da79ecc04d7c8e10b3563f9294560e1bfed2/126653jpg,/opt/odoo/odoo8084/electropar_images/JUEGO_DE_PINCELES_DE_PINTURA_1_2_3PULG__3_PZS__-_TOTALjpg
PINCEL DE PINTURA 100MM (CERDA 51X12MM) - TOTAL,14400,https://electroparb-cdnnet/rails/active_storage/representations/proxy/eyJfcmFpbHMiOnsibWVzc2FnZSI6IkJBaHBBMW9iQWc9PSIsImV4cCI6bnVsbCwicHVyIjoiYmxvYl9pZCJ9fQ==--1dbb537827385fe42ffa51af788dc000f2c7fdfc/eyJfcmFpbHMiOnsibWVzc2FnZSI6IkJBaDdCem9MWm05eWJXRjBTU0lJYW5CbkJqb0dSVlE2RTNKbGMybDZaVjloYm1SZmNHRmtXd2RwQWl3QmFRSXNBUT09IiwiZXhwIjpudWxsLCJwdXIiOiJ2YXJpYXRpb24ifX0=--6cb9da79ecc04d7c8e10b3563f9294560e1bfed2/126654jpg,/opt/odoo/odoo8084/electropar_images/PINCEL_DE_PINTURA_100MM__CERDA_51X12MM__-_TOTALjpg
HOJA DE SIERRA P/ ARCO BIMETÁLICA 18T 300MM (5 PZS) - TOTAL,40200,https://electroparb-cdnnet/rails/active_storage/representations/proxy/eyJfcmFpbHMiOnsibWVzc2FnZSI6IkJBaHBBMTBiQWc9PSIsImV4cCI6bnVsbCwicHVyIjoiYmxvYl9pZCJ9fQ==--f82d552d405c554af7afda5bd09880b952512210/eyJfcmFpbHMiOnsibWVzc2FnZSI6IkJBaDdCem9MWm05eWJXRjBTU0lJYW5CbkJqb0dSVlE2RTNKbGMybDZaVjloYm1SZmNHRmtXd2RwQWl3QmFRSXNBUT09IiwiZXhwIjpudWxsLCJwdXIiOiJ2YXJpYXRpb24ifX0=--6cb9da79ecc04d7c8e10b3563f9294560e1bfed2/126656jpg,/opt/odoo/odoo8084/electropar_images/HOJA_DE_SIERRA_P__ARCO_BIMET_LICA_18T_300MM__5_PZS__-_TOTALjpg
MARTILLO DE PENA (MECÁNICO) 100GR - TOTAL,18600,https://electroparb-cdnnet/rails/active_storage/representations/proxy/eyJfcmFpbHMiOnsibWVzc2FnZSI6IkJBaHBBMkFiQWc9PSIsImV4cCI6bnVsbCwicHVyIjoiYmxvYl9pZCJ9fQ==--90b5faba84b3949e8b22e402dbc9d45801c18d45/eyJfcmFpbHMiOnsibWVzc2FnZSI6IkJBaDdCem9MWm05eWJXRjBTU0lJYW5CbkJqb0dSVlE2RTNKbGMybDZaVjloYm1SZmNHRmtXd2RwQWl3QmFRSXNBUT09IiwiZXhwIjpudWxsLCJwdXIiOiJ2YXJpYXRpb24ifX0=--6cb9da79ecc04d7c8e10b3563f9294560e1bfed2/126659jpg,/opt/odoo/odoo8084/electropar_images/MARTILLO_DE_PENA__MEC_NICO__100GR_-_TOTALjpg
ARCO DE SIERRA MINI 300MM HOJA BIMETAL 24TPI - TOTAL,14801,https://electroparb-cdnnet/rails/active_storage/representations/proxy/eyJfcmFpbHMiOnsibWVzc2FnZSI6IkJBaHBBMEFiQWc9PSIsImV4cCI6bnVsbCwicHVyIjoiYmxvYl9pZCJ9fQ==--603440e5c8a7090ba6fa2102ed4619be42699ae1/eyJfcmFpbHMiOnsibWVzc2FnZSI6IkJBaDdCem9MWm05eWJXRjBTU0lJYW5CbkJqb0dSVlE2RTNKbGMybDZaVjloYm1SZmNHRmtXd2RwQWl3QmFRSXNBUT09IiwiZXhwIjpudWxsLCJwdXIiOiJ2YXJpYXRpb24ifX0=--6cb9da79ecc04d7c8e10b3563f9294560e1bfed2/126629jpg,/opt/odoo/odoo8084/electropar_images/ARCO_DE_SIERRA_MINI_300MM_HOJA_BIMETAL_24TPI_-_TOTALjpg
SOPORTES DE ESQUINA 20X20MM (4 PZS) - TOTAL,5700,https://electroparb-cdnnet/rails/active_storage/representations/proxy/eyJfcmFpbHMiOnsibWVzc2FnZSI6IkJBaHBBN0VjQWc9PSIsImV4cCI6bnVsbCwicHVyIjoiYmxvYl9pZCJ9fQ==--a3af6c68616dd1b0cd6204e45b1d3296284f8e8b/eyJfcmFpbHMiOnsibWVzc2FnZSI6IkJBaDdCem9MWm05eWJXRjBTU0lJYW5CbkJqb0dSVlE2RTNKbGMybDZaVjloYm1SZmNHRmtXd2RwQWl3QmFRSXNBUT09IiwiZXhwIjpudWxsLCJwdXIiOiJ2YXJpYXRpb24ifX0=--6cb9da79ecc04d7c8e10b3563f9294560e1bfed2/127111jpg,/opt/odoo/odoo8084/electropar_images/SOPORTES_DE_ESQUINA_20X20MM__4_PZS__-_TOTALjpg
SOPORTES DE ESQUINA 50X50MM (4 PZS) - TOTAL,7500,https://electroparb-cdnnet/rails/active_storage/representations/proxy/eyJfcmFpbHMiOnsibWVzc2FnZSI6IkJBaHBBN0ljQWc9PSIsImV4cCI6bnVsbCwicHVyIjoiYmxvYl9pZCJ9fQ==--d76926ddfd5e371de744da9f39d68ec64316e106/eyJfcmFpbHMiOnsibWVzc2FnZSI6IkJBaDdCem9MWm05eWJXRjBTU0lJYW5CbkJqb0dSVlE2RTNKbGMybDZaVjloYm1SZmNHRmtXd2RwQWl3QmFRSXNBUT09IiwiZXhwIjpudWxsLCJwdXIiOiJ2YXJpYXRpb24ifX0=--6cb9da79ecc04d7c8e10b3563f9294560e1bfed2/127112jpg,/opt/odoo/odoo8084/electropar_images/SOPORTES_DE_ESQUINA_50X50MM__4_PZS__-_TOTALjpg
SOPORTE DE REPISA REFORZADOS 20X30CM (4MM) - TOTAL,16700,https://electroparb-cdnnet/rails/active_storage/representations/proxy/eyJfcmFpbHMiOnsibWVzc2FnZSI6IkJBaHBBKzRjQWc9PSIsImV4cCI6bnVsbCwicHVyIjoiYmxvYl9pZCJ9fQ==--2530ec9383f68a2ee73ca768e69f79fb45652edb/eyJfcmFpbHMiOnsibWVzc2FnZSI6IkJBaDdCem9MWm05eWJXRjBTU0lJYW5CbkJqb0dSVlE2RTNKbGMybDZaVjloYm1SZmNHRmtXd2RwQWl3QmFRSXNBUT09IiwiZXhwIjpudWxsLCJwdXIiOiJ2YXJpYXRpb24ifX0=--6cb9da79ecc04d7c8e10b3563f9294560e1bfed2/127160jpg,/opt/odoo/odoo8084/electropar_images/SOPORTE_DE_REPISA_REFORZADOS_20X30CM__4MM__-_TOTALjpg
SOPORTE DE REPISA REFORZADOS 33X50CM (4MM) - TOTAL,35100,https://electroparb-cdnnet/rails/active_storage/representations/proxy/eyJfcmFpbHMiOnsibWVzc2FnZSI6IkJBaHBBL0VjQWc9PSIsImV4cCI6bnVsbCwicHVyIjoiYmxvYl9pZCJ9fQ==--6648d02f49a8dc1da0d03880bfade24cd8db22bf/eyJfcmFpbHMiOnsibWVzc2FnZSI6IkJBaDdCem9MWm05eWJXRjBTU0lJYW5CbkJqb0dSVlE2RTNKbGMybDZaVjloYm1SZmNHRmtXd2RwQWl3QmFRSXNBUT09IiwiZXhwIjpudWxsLCJwdXIiOiJ2YXJpYXRpb24ifX0=--6cb9da79ecc04d7c8e10b3563f9294560e1bfed2/127162jpg,/opt/odoo/odoo8084/electropar_images/SOPORTE_DE_REPISA_REFORZADOS_33X50CM__4MM__-_TOTALjpg
JUEGO DE CEPILLOS ABRASIVOS 7PULG (3 PZS) - TOTAL,18000,https://electroparb-cdnnet/rails/active_storage/representations/proxy/eyJfcmFpbHMiOnsibWVzc2FnZSI6IkJBaHBBMXdjQWc9PSIsImV4cCI6bnVsbCwicHVyIjoiYmxvYl9pZCJ9fQ==--24e7c5de0fdc464618da299d70d46ba09e15d064/eyJfcmFpbHMiOnsibWVzc2FnZSI6IkJBaDdCem9MWm05eWJXRjBTU0lJYW5CbkJqb0dSVlE2RTNKbGMybDZaVjloYm1SZmNHRmtXd2RwQWl3QmFRSXNBUT09IiwiZXhwIjpudWxsLCJwdXIiOiJ2YXJpYXRpb24ifX0=--6cb9da79ecc04d7c8e10b3563f9294560e1bfed2/127030jpg,/opt/odoo/odoo8084/electropar_images/JUEGO_DE_CEPILLOS_ABRASIVOS_7PULG__3_PZS__-_TOTALjpg
CLAVIJAS PARA CLAVADORA 15 MM (5000 PZS) - TOTAL,27100,https://electroparb-cdnnet/rails/active_storage/representations/proxy/eyJfcmFpbHMiOnsibWVzc2FnZSI6IkJBaHBBMm9jQWc9PSIsImV4cCI6bnVsbCwicHVyIjoiYmxvYl9pZCJ9fQ==--fce3cf72da36eaceb2430f5c3b3a1017a7776709/eyJfcmFpbHMiOnsibWVzc2FnZSI6IkJBaDdCem9MWm05eWJXRjBTU0lJYW5CbkJqb0dSVlE2RTNKbGMybDZaVjloYm1SZmNHRmtXd2RwQWl3QmFRSXNBUT09IiwiZXhwIjpudWxsLCJwdXIiOiJ2YXJpYXRpb24ifX0=--6cb9da79ecc04d7c8e10b3563f9294560e1bfed2/127048jpg,/opt/odoo/odoo8084/electropar_images/CLAVIJAS_PARA_CLAVADORA_15_MM__5000_PZS__-_TOTALjpg
CLAVIJAS PARA CLAVADORA 20 MM (5000 PZS) - TOTAL,35100,https://electroparb-cdnnet/rails/active_storage/representations/proxy/eyJfcmFpbHMiOnsibWVzc2FnZSI6IkJBaHBBMnNjQWc9PSIsImV4cCI6bnVsbCwicHVyIjoiYmxvYl9pZCJ9fQ==--534ca3e82e99ebd004ebb277865ca602b9ed3b77/eyJfcmFpbHMiOnsibWVzc2FnZSI6IkJBaDdCem9MWm05eWJXRjBTU0lJYW5CbkJqb0dSVlE2RTNKbGMybDZaVjloYm1SZmNHRmtXd2RwQWl3QmFRSXNBUT09IiwiZXhwIjpudWxsLCJwdXIiOiJ2YXJpYXRpb24ifX0=--6cb9da79ecc04d7c8e10b3563f9294560e1bfed2/127049jpg,/opt/odoo/odoo8084/electropar_images/CLAVIJAS_PARA_CLAVADORA_20_MM__5000_PZS__-_TOTALjpg
CLAVIJAS PARA CLAVADORA 25 MM (5000 PZS) - TOTAL,42700,https://electroparb-cdnnet/rails/active_storage/representations/proxy/eyJfcmFpbHMiOnsibWVzc2FnZSI6IkJBaHBBMndjQWc9PSIsImV4cCI6bnVsbCwicHVyIjoiYmxvYl9pZCJ9fQ==--c750b718b1e59abec03ea43662ceee5d3c040fa8/eyJfcmFpbHMiOnsibWVzc2FnZSI6IkJBaDdCem9MWm05eWJXRjBTU0lJYW5CbkJqb0dSVlE2RTNKbGMybDZaVjloYm1SZmNHRmtXd2RwQWl3QmFRSXNBUT09IiwiZXhwIjpudWxsLCJwdXIiOiJ2YXJpYXRpb24ifX0=--6cb9da79ecc04d7c8e10b3563f9294560e1bfed2/127050jpg,/opt/odoo/odoo8084/electropar_images/CLAVIJAS_PARA_CLAVADORA_25_MM__5000_PZS__-_TOTALjpg
CLAVIJAS PARA CLAVADORA 35 MM (5000 PZS) - TOTAL,43000,https://electroparb-cdnnet/rails/active_storage/representations/proxy/eyJfcmFpbHMiOnsibWVzc2FnZSI6IkJBaHBBMjRjQWc9PSIsImV4cCI6bnVsbCwicHVyIjoiYmxvYl9pZCJ9fQ==--efaf5075e7e735993e66b511b8699b0da1135283/eyJfcmFpbHMiOnsibWVzc2FnZSI6IkJBaDdCem9MWm05eWJXRjBTU0lJYW5CbkJqb0dSVlE2RTNKbGMybDZaVjloYm1SZmNHRmtXd2RwQWl3QmFRSXNBUT09IiwiZXhwIjpudWxsLCJwdXIiOiJ2YXJpYXRpb24ifX0=--6cb9da79ecc04d7c8e10b3563f9294560e1bfed2/127052jpg,/opt/odoo/odoo8084/electropar_images/CLAVIJAS_PARA_CLAVADORA_35_MM__5000_PZS__-_TOTALjpg
GRAPAS DE CORONA 35 MM (2500 PZS) - TOTAL,60800,https://electroparb-cdnnet/rails/active_storage/representations/proxy/eyJfcmFpbHMiOnsibWVzc2FnZSI6IkJBaHBBMjhjQWc9PSIsImV4cCI6bnVsbCwicHVyIjoiYmxvYl9pZCJ9fQ==--2ae6021693ed65e9a1396791ae46ec2110b0c67b/eyJfcmFpbHMiOnsibWVzc2FnZSI6IkJBaDdCem9MWm05eWJXRjBTU0lJYW5CbkJqb0dSVlE2RTNKbGMybDZaVjloYm1SZmNHRmtXd2RwQWl3QmFRSXNBUT09IiwiZXhwIjpudWxsLCJwdXIiOiJ2YXJpYXRpb24ifX0=--6cb9da79ecc04d7c8e10b3563f9294560e1bfed2/127053jpg,/opt/odoo/odoo8084/electropar_images/GRAPAS_DE_CORONA_35_MM__2500_PZS__-_TOTALjpg
PESTILLO Y TRINQUETE 15PULG - WADFOW,4200,https://electroparb-cdnnet/rails/active_storage/representations/proxy/eyJfcmFpbHMiOnsibWVzc2FnZSI6IkJBaHBBd1FmQWc9PSIsImV4cCI6bnVsbCwicHVyIjoiYmxvYl9pZCJ9fQ==--79025af7984e32af77eff5c36c13ce720c2fe973/eyJfcmFpbHMiOnsibWVzc2FnZSI6IkJBaDdCem9MWm05eWJXRjBTU0lJYW5CbkJqb0dSVlE2RTNKbGMybDZaVjloYm1SZmNHRmtXd2RwQWl3QmFRSXNBUT09IiwiZXhwIjpudWxsLCJwdXIiOiJ2YXJpYXRpb24ifX0=--6cb9da79ecc04d7c8e10b3563f9294560e1bfed2/127499jpg,/opt/odoo/odoo8084/electropar_images/PESTILLO_Y_TRINQUETE_15PULG_-_WADFOWjpg
PESTILLO Y TRINQUETE 25PULG - WADFOW,6300,https://electroparb-cdnnet/rails/active_storage/representations/proxy/eyJfcmFpbHMiOnsibWVzc2FnZSI6IkJBaHBBd1VmQWc9PSIsImV4cCI6bnVsbCwicHVyIjoiYmxvYl9pZCJ9fQ==--bceac4c7a00a278bf4994fe0f81dc99ef98763cd/eyJfcmFpbHMiOnsibWVzc2FnZSI6IkJBaDdCem9MWm05eWJXRjBTU0lJYW5CbkJqb0dSVlE2RTNKbGMybDZaVjloYm1SZmNHRmtXd2RwQWl3QmFRSXNBUT09IiwiZXhwIjpudWxsLCJwdXIiOiJ2YXJpYXRpb24ifX0=--6cb9da79ecc04d7c8e10b3563f9294560e1bfed2/127500jpg,/opt/odoo/odoo8084/electropar_images/PESTILLO_Y_TRINQUETE_25PULG_-_WADFOWjpg
PESTILLO Y TRINQUETE 35PULG - WADFOW,12601,https://electroparb-cdnnet/rails/active_storage/representations/proxy/eyJfcmFpbHMiOnsibWVzc2FnZSI6IkJBaHBBd1lmQWc9PSIsImV4cCI6bnVsbCwicHVyIjoiYmxvYl9pZCJ9fQ==--1cc6984894f0b2f88c747eff9375aec4825ca406/eyJfcmFpbHMiOnsibWVzc2FnZSI6IkJBaDdCem9MWm05eWJXRjBTU0lJYW5CbkJqb0dSVlE2RTNKbGMybDZaVjloYm1SZmNHRmtXd2RwQWl3QmFRSXNBUT09IiwiZXhwIjpudWxsLCJwdXIiOiJ2YXJpYXRpb24ifX0=--6cb9da79ecc04d7c8e10b3563f9294560e1bfed2/127501jpg,/opt/odoo/odoo8084/electropar_images/PESTILLO_Y_TRINQUETE_35PULG_-_WADFOWjpg
PESTILLO Y TRINQUETE 45PULG - WADFOW,13701,https://electroparb-cdnnet/rails/active_storage/representations/proxy/eyJfcmFpbHMiOnsibWVzc2FnZSI6IkJBaHBBd2NmQWc9PSIsImV4cCI6bnVsbCwicHVyIjoiYmxvYl9pZCJ9fQ==--947d0bbf4aca672d64b5c322ee59f3f03b703af3/eyJfcmFpbHMiOnsibWVzc2FnZSI6IkJBaDdCem9MWm05eWJXRjBTU0lJYW5CbkJqb0dSVlE2RTNKbGMybDZaVjloYm1SZmNHRmtXd2RwQWl3QmFRSXNBUT09IiwiZXhwIjpudWxsLCJwdXIiOiJ2YXJpYXRpb24ifX0=--6cb9da79ecc04d7c8e10b3563f9294560e1bfed2/127502jpg,/opt/odoo/odoo8084/electropar_images/PESTILLO_Y_TRINQUETE_45PULG_-_WADFOWjpg
ABRIDOR DE LATAS DE PINTURA - WADFOW,3700,https://electroparb-cdnnet/rails/active_storage/representations/proxy/eyJfcmFpbHMiOnsibWVzc2FnZSI6IkJBaHBBd2tmQWc9PSIsImV4cCI6bnVsbCwicHVyIjoiYmxvYl9pZCJ9fQ==--85e1ab29e79ae8fe46378f8358b13e175660e17a/eyJfcmFpbHMiOnsibWVzc2FnZSI6IkJBaDdCem9MWm05eWJXRjBTU0lJYW5CbkJqb0dSVlE2RTNKbGMybDZaVjloYm1SZmNHRmtXd2RwQWl3QmFRSXNBUT09IiwiZXhwIjpudWxsLCJwdXIiOiJ2YXJpYXRpb24ifX0=--6cb9da79ecc04d7c8e10b3563f9294560e1bfed2/127504jpg,/opt/odoo/odoo8084/electropar_images/ABRIDOR_DE_LATAS_DE_PINTURA_-_WADFOWjpg
CANDADO PARA BICICLETA - WADFOW,24701,https://electroparb-cdnnet/rails/active_storage/representations/proxy/eyJfcmFpbHMiOnsibWVzc2FnZSI6IkJBaHBBd29mQWc9PSIsImV4cCI6bnVsbCwicHVyIjoiYmxvYl9pZCJ9fQ==--c9c1fe6fbfa4b04171da6a5e442fe46a4f1ec31c/eyJfcmFpbHMiOnsibWVzc2FnZSI6IkJBaDdCem9MWm05eWJXRjBTU0lJYW5CbkJqb0dSVlE2RTNKbGMybDZaVjloYm1SZmNHRmtXd2RwQWl3QmFRSXNBUT09IiwiZXhwIjpudWxsLCJwdXIiOiJ2YXJpYXRpb24ifX0=--6cb9da79ecc04d7c8e10b3563f9294560e1bfed2/127505jpg,/opt/odoo/odoo8084/electropar_images/CANDADO_PARA_BICICLETA_-_WADFOWjpg
CANDADO SERPIENTE PARA BICICLETA - WADFOW,39001,https://electroparb-cdnnet/rails/active_storage/representations/proxy/eyJfcmFpbHMiOnsibWVzc2FnZSI6IkJBaHBBd3dmQWc9PSIsImV4cCI6bnVsbCwicHVyIjoiYmxvYl9pZCJ9fQ==--ded085bb82e2fa8901d400a2fc3720d3783803c5/eyJfcmFpbHMiOnsibWVzc2FnZSI6IkJBaDdCem9MWm05eWJXRjBTU0lJYW5CbkJqb0dSVlE2RTNKbGMybDZaVjloYm1SZmNHRmtXd2RwQWl3QmFRSXNBUT09IiwiZXhwIjpudWxsLCJwdXIiOiJ2YXJpYXRpb24ifX0=--6cb9da79ecc04d7c8e10b3563f9294560e1bfed2/127507jpg,/opt/odoo/odoo8084/electropar_images/CANDADO_SERPIENTE_PARA_BICICLETA_-_WADFOWjpg
REJILLA PLÁSTICA P/ RODILLO DE PINTURA 30X25CM - WADFOW,7700,https://electroparb-cdnnet/rails/active_storage/representations/proxy/eyJfcmFpbHMiOnsibWVzc2FnZSI6IkJBaHBBdzBmQWc9PSIsImV4cCI6bnVsbCwicHVyIjoiYmxvYl9pZCJ9fQ==--ab37b343bc252e6607f8b3ec41f3959f2d0dc89e/eyJfcmFpbHMiOnsibWVzc2FnZSI6IkJBaDdCem9MWm05eWJXRjBTU0lJYW5CbkJqb0dSVlE2RTNKbGMybDZaVjloYm1SZmNHRmtXd2RwQWl3QmFRSXNBUT09IiwiZXhwIjpudWxsLCJwdXIiOiJ2YXJpYXRpb24ifX0=--6cb9da79ecc04d7c8e10b3563f9294560e1bfed2/127508jpg,/opt/odoo/odoo8084/electropar_images/REJILLA_PL_STICA_P__RODILLO_DE_PINTURA_30X25CM_-_WADFOWjpg
RODILLO Y FUNDA POLYESTER P/ PARED INTERIOR - WADFOW,6100,https://electroparb-cdnnet/rails/active_storage/representations/proxy/eyJfcmFpbHMiOnsibWVzc2FnZSI6IkJBaHBBdzRmQWc9PSIsImV4cCI6bnVsbCwicHVyIjoiYmxvYl9pZCJ9fQ==--88cb98180aab4ac45e66bc04c720add4905aee90/eyJfcmFpbHMiOnsibWVzc2FnZSI6IkJBaDdCem9MWm05eWJXRjBTU0lJYW5CbkJqb0dSVlE2RTNKbGMybDZaVjloYm1SZmNHRmtXd2RwQWl3QmFRSXNBUT09IiwiZXhwIjpudWxsLCJwdXIiOiJ2YXJpYXRpb24ifX0=--6cb9da79ecc04d7c8e10b3563f9294560e1bfed2/127509jpg,/opt/odoo/odoo8084/electropar_images/RODILLO_Y_FUNDA_POLYESTER_P__PARED_INTERIOR_-_WADFOWjpg
RODILLO Y FUNDA POLYESTER P/ PARED INTERIOR 230MM - WADFOW,13300,https://electroparb-cdnnet/rails/active_storage/representations/proxy/eyJfcmFpbHMiOnsibWVzc2FnZSI6IkJBaHBBdzhmQWc9PSIsImV4cCI6bnVsbCwicHVyIjoiYmxvYl9pZCJ9fQ==--eddc787a0d06f1a2b69dc106f647d91ba2ac6d0b/eyJfcmFpbHMiOnsibWVzc2FnZSI6IkJBaDdCem9MWm05eWJXRjBTU0lJYW5CbkJqb0dSVlE2RTNKbGMybDZaVjloYm1SZmNHRmtXd2RwQWl3QmFRSXNBUT09IiwiZXhwIjpudWxsLCJwdXIiOiJ2YXJpYXRpb24ifX0=--6cb9da79ecc04d7c8e10b3563f9294560e1bfed2/127510jpg,/opt/odoo/odoo8084/electropar_images/RODILLO_Y_FUNDA_POLYESTER_P__PARED_INTERIOR_230MM_-_WADFOWjpg
FUNDA PARA RODILLO DE POLYESTER P/ PARED INTERIOR 100MM -,1800,https://electroparb-cdnnet/rails/active_storage/representations/proxy/eyJfcmFpbHMiOnsibWVzc2FnZSI6IkJBaHBBeE1mQWc9PSIsImV4cCI6bnVsbCwicHVyIjoiYmxvYl9pZCJ9fQ==--29588a78c780acdc0594372a9ce64557f5531fe3/eyJfcmFpbHMiOnsibWVzc2FnZSI6IkJBaDdCem9MWm05eWJXRjBTU0lJYW5CbkJqb0dSVlE2RTNKbGMybDZaVjloYm1SZmNHRmtXd2RwQWl3QmFRSXNBUT09IiwiZXhwIjpudWxsLCJwdXIiOiJ2YXJpYXRpb24ifX0=--6cb9da79ecc04d7c8e10b3563f9294560e1bfed2/127512jpg,/opt/odoo/odoo8084/electropar_images/FUNDA_PARA_RODILLO_DE_POLYESTER_P__PARED_INTERIOR_100MM_-jpg
FUNDA PARA RODILLO DE POLYESTER P/ PARED INTERIOR 230MM -,6100,https://electroparb-cdnnet/rails/active_storage/representations/proxy/eyJfcmFpbHMiOnsibWVzc2FnZSI6IkJBaHBBeFFmQWc9PSIsImV4cCI6bnVsbCwicHVyIjoiYmxvYl9pZCJ9fQ==--1c2d16bf10121287928b41cf51a1a94f48419867/eyJfcmFpbHMiOnsibWVzc2FnZSI6IkJBaDdCem9MWm05eWJXRjBTU0lJYW5CbkJqb0dSVlE2RTNKbGMybDZaVjloYm1SZmNHRmtXd2RwQWl3QmFRSXNBUT09IiwiZXhwIjpudWxsLCJwdXIiOiJ2YXJpYXRpb24ifX0=--6cb9da79ecc04d7c8e10b3563f9294560e1bfed2/127513jpg,/opt/odoo/odoo8084/electropar_images/FUNDA_PARA_RODILLO_DE_POLYESTER_P__PARED_INTERIOR_230MM_-jpg
RODILLO Y FUNDA POLYESTER CON CUBETA P/ PARED INTERIOR,14400,https://electroparb-cdnnet/rails/active_storage/representations/proxy/eyJfcmFpbHMiOnsibWVzc2FnZSI6IkJBaHBBeFVmQWc9PSIsImV4cCI6bnVsbCwicHVyIjoiYmxvYl9pZCJ9fQ==--a2cf73a33b757faa25ae6525ec1f04fee84f7dac/eyJfcmFpbHMiOnsibWVzc2FnZSI6IkJBaDdCem9MWm05eWJXRjBTU0lJYW5CbkJqb0dSVlE2RTNKbGMybDZaVjloYm1SZmNHRmtXd2RwQWl3QmFRSXNBUT09IiwiZXhwIjpudWxsLCJwdXIiOiJ2YXJpYXRpb24ifX0=--6cb9da79ecc04d7c8e10b3563f9294560e1bfed2/127514jpg,/opt/odoo/odoo8084/electropar_images/RODILLO_Y_FUNDA_POLYESTER_CON_CUBETA_P__PARED_INTERIORjpg
RODILLO Y FUNDAS INTERIORES C/ CUBETA Y PINCELES (6 EN 1),42400,https://electroparb-cdnnet/rails/active_storage/representations/proxy/eyJfcmFpbHMiOnsibWVzc2FnZSI6IkJBaHBBeGNmQWc9PSIsImV4cCI6bnVsbCwicHVyIjoiYmxvYl9pZCJ9fQ==--1c8a329c59e43e344b6898c7e1bf1fcae75f8a3d/eyJfcmFpbHMiOnsibWVzc2FnZSI6IkJBaDdCem9MWm05eWJXRjBTU0lJYW5CbkJqb0dSVlE2RTNKbGMybDZaVjloYm1SZmNHRmtXd2RwQWl3QmFRSXNBUT09IiwiZXhwIjpudWxsLCJwdXIiOiJ2YXJpYXRpb24ifX0=--6cb9da79ecc04d7c8e10b3563f9294560e1bfed2/127516jpg,/opt/odoo/odoo8084/electropar_images/RODILLO_Y_FUNDAS_INTERIORES_C__CUBETA_Y_PINCELES__6_EN_1_jpg
RODILLO Y FUNDAS POLYESTER P/ PARED INTERIOR (11 PZS) -,31200,https://electroparb-cdnnet/rails/active_storage/representations/proxy/eyJfcmFpbHMiOnsibWVzc2FnZSI6IkJBaHBBeGdmQWc9PSIsImV4cCI6bnVsbCwicHVyIjoiYmxvYl9pZCJ9fQ==--e4df412aa9d5d725c67f2794aa87dea41a0be1a9/eyJfcmFpbHMiOnsibWVzc2FnZSI6IkJBaDdCem9MWm05eWJXRjBTU0lJYW5CbkJqb0dSVlE2RTNKbGMybDZaVjloYm1SZmNHRmtXd2RwQWl3QmFRSXNBUT09IiwiZXhwIjpudWxsLCJwdXIiOiJ2YXJpYXRpb24ifX0=--6cb9da79ecc04d7c8e10b3563f9294560e1bfed2/127517jpg,/opt/odoo/odoo8084/electropar_images/RODILLO_Y_FUNDAS_POLYESTER_P__PARED_INTERIOR__11_PZS__-jpg
RODILLO DE ESPUMA CON ORIFICIOS 230MM - WADFOW,20600,https://electroparb-cdnnet/rails/active_storage/representations/proxy/eyJfcmFpbHMiOnsibWVzc2FnZSI6IkJBaHBBeGtmQWc9PSIsImV4cCI6bnVsbCwicHVyIjoiYmxvYl9pZCJ9fQ==--d680d1ccc1d0304a634b0e99b2e987df0d2557f5/eyJfcmFpbHMiOnsibWVzc2FnZSI6IkJBaDdCem9MWm05eWJXRjBTU0lJYW5CbkJqb0dSVlE2RTNKbGMybDZaVjloYm1SZmNHRmtXd2RwQWl3QmFRSXNBUT09IiwiZXhwIjpudWxsLCJwdXIiOiJ2YXJpYXRpb24ifX0=--6cb9da79ecc04d7c8e10b3563f9294560e1bfed2/127518jpg,/opt/odoo/odoo8084/electropar_images/RODILLO_DE_ESPUMA_CON_ORIFICIOS_230MM_-_WADFOWjpg
RODILLO DE ESPUMA 230MM - WADFOW,24800,https://electroparb-cdnnet/rails/active_storage/representations/proxy/eyJfcmFpbHMiOnsibWVzc2FnZSI6IkJBaHBBeHdmQWc9PSIsImV4cCI6bnVsbCwicHVyIjoiYmxvYl9pZCJ9fQ==--a519777c2e2825cbe49fd0b8f5f3562e21b1b2c1/eyJfcmFpbHMiOnsibWVzc2FnZSI6IkJBaDdCem9MWm05eWJXRjBTU0lJYW5CbkJqb0dSVlE2RTNKbGMybDZaVjloYm1SZmNHRmtXd2RwQWl3QmFRSXNBUT09IiwiZXhwIjpudWxsLCJwdXIiOiJ2YXJpYXRpb24ifX0=--6cb9da79ecc04d7c8e10b3563f9294560e1bfed2/127519jpg,/opt/odoo/odoo8084/electropar_images/RODILLO_DE_ESPUMA_230MM_-_WADFOWjpg
CERROJO 2PULG - WADFOW,5700,https://electroparb-cdnnet/rails/active_storage/representations/proxy/eyJfcmFpbHMiOnsibWVzc2FnZSI6IkJBaHBBeDBmQWc9PSIsImV4cCI6bnVsbCwicHVyIjoiYmxvYl9pZCJ9fQ==--78ac93605011cf5f5f42f99ff97152fc41712ad4/eyJfcmFpbHMiOnsibWVzc2FnZSI6IkJBaDdCem9MWm05eWJXRjBTU0lJYW5CbkJqb0dSVlE2RTNKbGMybDZaVjloYm1SZmNHRmtXd2RwQWl3QmFRSXNBUT09IiwiZXhwIjpudWxsLCJwdXIiOiJ2YXJpYXRpb24ifX0=--6cb9da79ecc04d7c8e10b3563f9294560e1bfed2/127520jpg,/opt/odoo/odoo8084/electropar_images/CERROJO_2PULG_-_WADFOWjpg
CERROJO 3PULG - WADFOW,7900,https://electroparb-cdnnet/rails/active_storage/representations/proxy/eyJfcmFpbHMiOnsibWVzc2FnZSI6IkJBaHBBeDhmQWc9PSIsImV4cCI6bnVsbCwicHVyIjoiYmxvYl9pZCJ9fQ==--f14619977cc773362ddcdc592c3ce5f09a2dc16e/eyJfcmFpbHMiOnsibWVzc2FnZSI6IkJBaDdCem9MWm05eWJXRjBTU0lJYW5CbkJqb0dSVlE2RTNKbGMybDZaVjloYm1SZmNHRmtXd2RwQWl3QmFRSXNBUT09IiwiZXhwIjpudWxsLCJwdXIiOiJ2YXJpYXRpb24ifX0=--6cb9da79ecc04d7c8e10b3563f9294560e1bfed2/127521jpg,/opt/odoo/odoo8084/electropar_images/CERROJO_3PULG_-_WADFOWjpg
CERROJO 4PULG - WADFOW,9700,https://electroparb-cdnnet/rails/active_storage/representations/proxy/eyJfcmFpbHMiOnsibWVzc2FnZSI6IkJBaHBBeUFmQWc9PSIsImV4cCI6bnVsbCwicHVyIjoiYmxvYl9pZCJ9fQ==--33a24763c007e09a3e20c5b4bbd6ad03728747bf/eyJfcmFpbHMiOnsibWVzc2FnZSI6IkJBaDdCem9MWm05eWJXRjBTU0lJYW5CbkJqb0dSVlE2RTNKbGMybDZaVjloYm1SZmNHRmtXd2RwQWl3QmFRSXNBUT09IiwiZXhwIjpudWxsLCJwdXIiOiJ2YXJpYXRpb24ifX0=--6cb9da79ecc04d7c8e10b3563f9294560e1bfed2/127522jpg,/opt/odoo/odoo8084/electropar_images/CERROJO_4PULG_-_WADFOWjpg
CERROJO 1-1/2PULG - WADFOW,5300,https://electroparb-cdnnet/rails/active_storage/representations/proxy/eyJfcmFpbHMiOnsibWVzc2FnZSI6IkJBaHBBeUlmQWc9PSIsImV4cCI6bnVsbCwicHVyIjoiYmxvYl9pZCJ9fQ==--ae768ba901c55f034554c35428285dd701e1658a/eyJfcmFpbHMiOnsibWVzc2FnZSI6IkJBaDdCem9MWm05eWJXRjBTU0lJYW5CbkJqb0dSVlE2RTNKbGMybDZaVjloYm1SZmNHRmtXd2RwQWl3QmFRSXNBUT09IiwiZXhwIjpudWxsLCJwdXIiOiJ2YXJpYXRpb24ifX0=--6cb9da79ecc04d7c8e10b3563f9294560e1bfed2/127524jpg,/opt/odoo/odoo8084/electropar_images/CERROJO_1-1_2PULG_-_WADFOWjpg
CERROJO 2-1/2PULG - WADFOW,6400,https://electroparb-cdnnet/rails/active_storage/representations/proxy/eyJfcmFpbHMiOnsibWVzc2FnZSI6IkJBaHBBeU1mQWc9PSIsImV4cCI6bnVsbCwicHVyIjoiYmxvYl9pZCJ9fQ==--c29f2222d2c5052583895da90903e86a5288d84b/eyJfcmFpbHMiOnsibWVzc2FnZSI6IkJBaDdCem9MWm05eWJXRjBTU0lJYW5CbkJqb0dSVlE2RTNKbGMybDZaVjloYm1SZmNHRmtXd2RwQWl3QmFRSXNBUT09IiwiZXhwIjpudWxsLCJwdXIiOiJ2YXJpYXRpb24ifX0=--6cb9da79ecc04d7c8e10b3563f9294560e1bfed2/127525jpg,/opt/odoo/odoo8084/electropar_images/CERROJO_2-1_2PULG_-_WADFOWjpg
CIERRE DE DOBLE RODILLO 1-1/4 - SUPERFICIE BRONCE - WADFOW,6600,https://electroparb-cdnnet/rails/active_storage/representations/proxy/eyJfcmFpbHMiOnsibWVzc2FnZSI6IkJBaHBBeTRmQWc9PSIsImV4cCI6bnVsbCwicHVyIjoiYmxvYl9pZCJ9fQ==--9d534debe8b38e810cf04f9e80dd8da003a0ea1f/eyJfcmFpbHMiOnsibWVzc2FnZSI6IkJBaDdCem9MWm05eWJXRjBTU0lJYW5CbkJqb0dSVlE2RTNKbGMybDZaVjloYm1SZmNHRmtXd2RwQWl3QmFRSXNBUT09IiwiZXhwIjpudWxsLCJwdXIiOiJ2YXJpYXRpb24ifX0=--6cb9da79ecc04d7c8e10b3563f9294560e1bfed2/127533jpg,/opt/odoo/odoo8084/electropar_images/CIERRE_DE_DOBLE_RODILLO_1-1_4_-_SUPERFICIE_BRONCE_-_WADFOWjpg
CIERRE DE DOBLE RODILLO 1-1/4 - SUPERFICIE GALVANIZADA -,6100,https://electroparb-cdnnet/rails/active_storage/representations/proxy/eyJfcmFpbHMiOnsibWVzc2FnZSI6IkJBaHBBeThmQWc9PSIsImV4cCI6bnVsbCwicHVyIjoiYmxvYl9pZCJ9fQ==--bc47e6027f417e5bb78a778faee3cdda71ab2da2/eyJfcmFpbHMiOnsibWVzc2FnZSI6IkJBaDdCem9MWm05eWJXRjBTU0lJYW5CbkJqb0dSVlE2RTNKbGMybDZaVjloYm1SZmNHRmtXd2RwQWl3QmFRSXNBUT09IiwiZXhwIjpudWxsLCJwdXIiOiJ2YXJpYXRpb24ifX0=--6cb9da79ecc04d7c8e10b3563f9294560e1bfed2/127534jpg,/opt/odoo/odoo8084/electropar_images/CIERRE_DE_DOBLE_RODILLO_1-1_4_-_SUPERFICIE_GALVANIZADA_-jpg
CINTA DE ADVERTENCIA 100MX75MM - WADFOW,36500,https://electroparb-cdnnet/rails/active_storage/representations/proxy/eyJfcmFpbHMiOnsibWVzc2FnZSI6IkJBaHBBekFmQWc9PSIsImV4cCI6bnVsbCwicHVyIjoiYmxvYl9pZCJ9fQ==--305c32b414f30ae2c2db6258bd064266975a40b0/eyJfcmFpbHMiOnsibWVzc2FnZSI6IkJBaDdCem9MWm05eWJXRjBTU0lJYW5CbkJqb0dSVlE2RTNKbGMybDZaVjloYm1SZmNHRmtXd2RwQWl3QmFRSXNBUT09IiwiZXhwIjpudWxsLCJwdXIiOiJ2YXJpYXRpb24ifX0=--6cb9da79ecc04d7c8e10b3563f9294560e1bfed2/127535jpg,/opt/odoo/odoo8084/electropar_images/CINTA_DE_ADVERTENCIA_100MX75MM_-_WADFOWjpg
HOJA DE SIERRA P/ ARCO 18T 300MM - WADFOW,2400,https://electroparb-cdnnet/rails/active_storage/representations/proxy/eyJfcmFpbHMiOnsibWVzc2FnZSI6IkJBaHBBemdmQWc9PSIsImV4cCI6bnVsbCwicHVyIjoiYmxvYl9pZCJ9fQ==--8e734728d7ea285b2b0938c40a0a6875de3e2d00/eyJfcmFpbHMiOnsibWVzc2FnZSI6IkJBaDdCem9MWm05eWJXRjBTU0lJYW5CbkJqb0dSVlE2RTNKbGMybDZaVjloYm1SZmNHRmtXd2RwQWl3QmFRSXNBUT09IiwiZXhwIjpudWxsLCJwdXIiOiJ2YXJpYXRpb24ifX0=--6cb9da79ecc04d7c8e10b3563f9294560e1bfed2/127543jpg,/opt/odoo/odoo8084/electropar_images/HOJA_DE_SIERRA_P__ARCO_18T_300MM_-_WADFOWjpg
HOJA DE SIERRA P/ ARCO 24T 300MM - WADFOW,2400,https://electroparb-cdnnet/rails/active_storage/representations/proxy/eyJfcmFpbHMiOnsibWVzc2FnZSI6IkJBaHBBemtmQWc9PSIsImV4cCI6bnVsbCwicHVyIjoiYmxvYl9pZCJ9fQ==--0a6449982288b381112347bb0100d59d36710a9b/eyJfcmFpbHMiOnsibWVzc2FnZSI6IkJBaDdCem9MWm05eWJXRjBTU0lJYW5CbkJqb0dSVlE2RTNKbGMybDZaVjloYm1SZmNHRmtXd2RwQWl3QmFRSXNBUT09IiwiZXhwIjpudWxsLCJwdXIiOiJ2YXJpYXRpb24ifX0=--6cb9da79ecc04d7c8e10b3563f9294560e1bfed2/127544jpg,/opt/odoo/odoo8084/electropar_images/HOJA_DE_SIERRA_P__ARCO_24T_300MM_-_WADFOWjpg
HOJA DE SIERRA P/ ARCO 24T 300MM (6 PZS) - WADFOW,14300,https://electroparb-cdnnet/rails/active_storage/representations/proxy/eyJfcmFpbHMiOnsibWVzc2FnZSI6IkJBaHBBenNmQWc9PSIsImV4cCI6bnVsbCwicHVyIjoiYmxvYl9pZCJ9fQ==--99eb5d35d49d7c64e447d2d7b88e97cc423bad53/eyJfcmFpbHMiOnsibWVzc2FnZSI6IkJBaDdCem9MWm05eWJXRjBTU0lJYW5CbkJqb0dSVlE2RTNKbGMybDZaVjloYm1SZmNHRmtXd2RwQWl3QmFRSXNBUT09IiwiZXhwIjpudWxsLCJwdXIiOiJ2YXJpYXRpb24ifX0=--6cb9da79ecc04d7c8e10b3563f9294560e1bfed2/127546jpg,/opt/odoo/odoo8084/electropar_images/HOJA_DE_SIERRA_P__ARCO_24T_300MM__6_PZS__-_WADFOWjpg
ARCO DE SIERRA MINI 150MM - WADFOW,9301,https://electroparb-cdnnet/rails/active_storage/representations/proxy/eyJfcmFpbHMiOnsibWVzc2FnZSI6IkJBaHBBendmQWc9PSIsImV4cCI6bnVsbCwicHVyIjoiYmxvYl9pZCJ9fQ==--cd86727860cee4d6ffbccf8eb3e774732984fad4/eyJfcmFpbHMiOnsibWVzc2FnZSI6IkJBaDdCem9MWm05eWJXRjBTU0lJYW5CbkJqb0dSVlE2RTNKbGMybDZaVjloYm1SZmNHRmtXd2RwQWl3QmFRSXNBUT09IiwiZXhwIjpudWxsLCJwdXIiOiJ2YXJpYXRpb24ifX0=--6cb9da79ecc04d7c8e10b3563f9294560e1bfed2/127547jpg,/opt/odoo/odoo8084/electropar_images/ARCO_DE_SIERRA_MINI_150MM_-_WADFOWjpg
ARCO DE SIERRA MINI 150MM MANGO PLÁSTICO - WADFOW,14200,https://electroparb-cdnnet/rails/active_storage/representations/proxy/eyJfcmFpbHMiOnsibWVzc2FnZSI6IkJBaHBBejBmQWc9PSIsImV4cCI6bnVsbCwicHVyIjoiYmxvYl9pZCJ9fQ==--4278fa388195194c6233f3a6ac38a8606c5654d6/eyJfcmFpbHMiOnsibWVzc2FnZSI6IkJBaDdCem9MWm05eWJXRjBTU0lJYW5CbkJqb0dSVlE2RTNKbGMybDZaVjloYm1SZmNHRmtXd2RwQWl3QmFRSXNBUT09IiwiZXhwIjpudWxsLCJwdXIiOiJ2YXJpYXRpb24ifX0=--6cb9da79ecc04d7c8e10b3563f9294560e1bfed2/127548jpg,/opt/odoo/odoo8084/electropar_images/ARCO_DE_SIERRA_MINI_150MM_MANGO_PL_STICO_-_WADFOWjpg
ARCO DE SIERRA AJUSTABLE 200-300MM - WADFOW,25300,https://electroparb-cdnnet/rails/active_storage/representations/proxy/eyJfcmFpbHMiOnsibWVzc2FnZSI6IkJBaHBBejRmQWc9PSIsImV4cCI6bnVsbCwicHVyIjoiYmxvYl9pZCJ9fQ==--74f4978863fac74cfdfaee695af56aad3bcc43d9/eyJfcmFpbHMiOnsibWVzc2FnZSI6IkJBaDdCem9MWm05eWJXRjBTU0lJYW5CbkJqb0dSVlE2RTNKbGMybDZaVjloYm1SZmNHRmtXd2RwQWl3QmFRSXNBUT09IiwiZXhwIjpudWxsLCJwdXIiOiJ2YXJpYXRpb24ifX0=--6cb9da79ecc04d7c8e10b3563f9294560e1bfed2/127549jpg,/opt/odoo/odoo8084/electropar_images/ARCO_DE_SIERRA_AJUSTABLE_200-300MM_-_WADFOWjpg
ARCO DE SIERRA 300MM - WADFOW,21700,https://electroparb-cdnnet/rails/active_storage/representations/proxy/eyJfcmFpbHMiOnsibWVzc2FnZSI6IkJBaHBBejhmQWc9PSIsImV4cCI6bnVsbCwicHVyIjoiYmxvYl9pZCJ9fQ==--e5e88df69ea196ce41101657303c71b40167de40/eyJfcmFpbHMiOnsibWVzc2FnZSI6IkJBaDdCem9MWm05eWJXRjBTU0lJYW5CbkJqb0dSVlE2RTNKbGMybDZaVjloYm1SZmNHRmtXd2RwQWl3QmFRSXNBUT09IiwiZXhwIjpudWxsLCJwdXIiOiJ2YXJpYXRpb24ifX0=--6cb9da79ecc04d7c8e10b3563f9294560e1bfed2/127550jpg,/opt/odoo/odoo8084/electropar_images/ARCO_DE_SIERRA_300MM_-_WADFOWjpg
MARTILLO DE PENA (MECÁNICO) 100GR - WADFOW,13100,https://electroparb-cdnnet/rails/active_storage/representations/proxy/eyJfcmFpbHMiOnsibWVzc2FnZSI6IkJBaHBBMEFmQWc9PSIsImV4cCI6bnVsbCwicHVyIjoiYmxvYl9pZCJ9fQ==--17fe2cfc26497e52191568111a891b97290e7a14/eyJfcmFpbHMiOnsibWVzc2FnZSI6IkJBaDdCem9MWm05eWJXRjBTU0lJYW5CbkJqb0dSVlE2RTNKbGMybDZaVjloYm1SZmNHRmtXd2RwQWl3QmFRSXNBUT09IiwiZXhwIjpudWxsLCJwdXIiOiJ2YXJpYXRpb24ifX0=--6cb9da79ecc04d7c8e10b3563f9294560e1bfed2/127551jpg,/opt/odoo/odoo8084/electropar_images/MARTILLO_DE_PENA__MEC_NICO__100GR_-_WADFOWjpg
MARTILLO DE PENA (MECÁNICO) 300GR - WADFOW,19400,https://electroparb-cdnnet/rails/active_storage/representations/proxy/eyJfcmFpbHMiOnsibWVzc2FnZSI6IkJBaHBBMElmQWc9PSIsImV4cCI6bnVsbCwicHVyIjoiYmxvYl9pZCJ9fQ==--b51f96e2012e76b8404c192ed64c8b98abf588f5/eyJfcmFpbHMiOnsibWVzc2FnZSI6IkJBaDdCem9MWm05eWJXRjBTU0lJYW5CbkJqb0dSVlE2RTNKbGMybDZaVjloYm1SZmNHRmtXd2RwQWl3QmFRSXNBUT09IiwiZXhwIjpudWxsLCJwdXIiOiJ2YXJpYXRpb24ifX0=--6cb9da79ecc04d7c8e10b3563f9294560e1bfed2/127552jpg,/opt/odoo/odoo8084/electropar_images/MARTILLO_DE_PENA__MEC_NICO__300GR_-_WADFOWjpg
MARTILLO DE PENA (MECÁNICO) 500GR - WADFOW,24701,https://electroparb-cdnnet/rails/active_storage/representations/proxy/eyJfcmFpbHMiOnsibWVzc2FnZSI6IkJBaHBBME1mQWc9PSIsImV4cCI6bnVsbCwicHVyIjoiYmxvYl9pZCJ9fQ==--3155c69911a5dda67a5e832835d70e7bd67f00b4/eyJfcmFpbHMiOnsibWVzc2FnZSI6IkJBaDdCem9MWm05eWJXRjBTU0lJYW5CbkJqb0dSVlE2RTNKbGMybDZaVjloYm1SZmNHRmtXd2RwQWl3QmFRSXNBUT09IiwiZXhwIjpudWxsLCJwdXIiOiJ2YXJpYXRpb24ifX0=--6cb9da79ecc04d7c8e10b3563f9294560e1bfed2/127553jpg,/opt/odoo/odoo8084/electropar_images/MARTILLO_DE_PENA__MEC_NICO__500GR_-_WADFOWjpg
MARTILLO PICAPIEDRA 1000GR - WADFOW,45601,https://electroparb-cdnnet/rails/active_storage/representations/proxy/eyJfcmFpbHMiOnsibWVzc2FnZSI6IkJBaHBBMFVmQWc9PSIsImV4cCI6bnVsbCwicHVyIjoiYmxvYl9pZCJ9fQ==--036fcf24eceda4288ba6d38e69e4cadb50f23530/eyJfcmFpbHMiOnsibWVzc2FnZSI6IkJBaDdCem9MWm05eWJXRjBTU0lJYW5CbkJqb0dSVlE2RTNKbGMybDZaVjloYm1SZmNHRmtXd2RwQWl3QmFRSXNBUT09IiwiZXhwIjpudWxsLCJwdXIiOiJ2YXJpYXRpb24ifX0=--6cb9da79ecc04d7c8e10b3563f9294560e1bfed2/127555jpg,/opt/odoo/odoo8084/electropar_images/MARTILLO_PICAPIEDRA_1000GR_-_WADFOWjpg
MARTILLO PICAPIEDRA 2000GR - WADFOW,67500,https://electroparb-cdnnet/rails/active_storage/representations/proxy/eyJfcmFpbHMiOnsibWVzc2FnZSI6IkJBaHBBMGNmQWc9PSIsImV4cCI6bnVsbCwicHVyIjoiYmxvYl9pZCJ9fQ==--ac734364f8b2aac03830a7cd38b28c8d91de613e/eyJfcmFpbHMiOnsibWVzc2FnZSI6IkJBaDdCem9MWm05eWJXRjBTU0lJYW5CbkJqb0dSVlE2RTNKbGMybDZaVjloYm1SZmNHRmtXd2RwQWl3QmFRSXNBUT09IiwiZXhwIjpudWxsLCJwdXIiOiJ2YXJpYXRpb24ifX0=--6cb9da79ecc04d7c8e10b3563f9294560e1bfed2/127556jpg,/opt/odoo/odoo8084/electropar_images/MARTILLO_PICAPIEDRA_2000GR_-_WADFOWjpg
MARTILLO PICAPIEDRA 3000GR MANGO LARGO - WADFOW,140300,https://electroparb-cdnnet/rails/active_storage/representations/proxy/eyJfcmFpbHMiOnsibWVzc2FnZSI6IkJBaHBBMHNmQWc9PSIsImV4cCI6bnVsbCwicHVyIjoiYmxvYl9pZCJ9fQ==--6a9afb311b3c0c0a8bd0c75a62a1d94609ca248a/eyJfcmFpbHMiOnsibWVzc2FnZSI6IkJBaDdCem9MWm05eWJXRjBTU0lJYW5CbkJqb0dSVlE2RTNKbGMybDZaVjloYm1SZmNHRmtXd2RwQWl3QmFRSXNBUT09IiwiZXhwIjpudWxsLCJwdXIiOiJ2YXJpYXRpb24ifX0=--6cb9da79ecc04d7c8e10b3563f9294560e1bfed2/127557jpg,/opt/odoo/odoo8084/electropar_images/MARTILLO_PICAPIEDRA_3000GR_MANGO_LARGO_-_WADFOWjpg
MARTILLO CARPINTERO (UÑA) 450GR MANGO DE FIBRA DE VIDRIO,38400,https://electroparb-cdnnet/rails/active_storage/representations/proxy/eyJfcmFpbHMiOnsibWVzc2FnZSI6IkJBaHBBMUVmQWc9PSIsImV4cCI6bnVsbCwicHVyIjoiYmxvYl9pZCJ9fQ==--fa05f84065ba3574eaf472c8179ad124e5593125/eyJfcmFpbHMiOnsibWVzc2FnZSI6IkJBaDdCem9MWm05eWJXRjBTU0lJYW5CbkJqb0dSVlE2RTNKbGMybDZaVjloYm1SZmNHRmtXd2RwQWl3QmFRSXNBUT09IiwiZXhwIjpudWxsLCJwdXIiOiJ2YXJpYXRpb24ifX0=--6cb9da79ecc04d7c8e10b3563f9294560e1bfed2/127559jpg,/opt/odoo/odoo8084/electropar_images/MARTILLO_CARPINTERO__U_A__450GR_MANGO_DE_FIBRA_DE_VIDRIOjpg
MARTILLO CARPINTERO (UÑA) 560GR MANGO DE FIBRA DE VIDRIO,41600,https://electroparb-cdnnet/rails/active_storage/representations/proxy/eyJfcmFpbHMiOnsibWVzc2FnZSI6IkJBaHBBMUlmQWc9PSIsImV4cCI6bnVsbCwicHVyIjoiYmxvYl9pZCJ9fQ==--aa62f567ba20705299d6816c2ace7d6d2306bbcd/eyJfcmFpbHMiOnsibWVzc2FnZSI6IkJBaDdCem9MWm05eWJXRjBTU0lJYW5CbkJqb0dSVlE2RTNKbGMybDZaVjloYm1SZmNHRmtXd2RwQWl3QmFRSXNBUT09IiwiZXhwIjpudWxsLCJwdXIiOiJ2YXJpYXRpb24ifX0=--6cb9da79ecc04d7c8e10b3563f9294560e1bfed2/127560jpg,/opt/odoo/odoo8084/electropar_images/MARTILLO_CARPINTERO__U_A__560GR_MANGO_DE_FIBRA_DE_VIDRIOjpg
MARTILLO CARPINTERO (UÑA) MINI 220GR - WADFOW,26800,https://electroparb-cdnnet/rails/active_storage/representations/proxy/eyJfcmFpbHMiOnsibWVzc2FnZSI6IkJBaHBBMU1mQWc9PSIsImV4cCI6bnVsbCwicHVyIjoiYmxvYl9pZCJ9fQ==--f0bd907feb33a09a162bbbb454fe1fcea76b960a/eyJfcmFpbHMiOnsibWVzc2FnZSI6IkJBaDdCem9MWm05eWJXRjBTU0lJYW5CbkJqb0dSVlE2RTNKbGMybDZaVjloYm1SZmNHRmtXd2RwQWl3QmFRSXNBUT09IiwiZXhwIjpudWxsLCJwdXIiOiJ2YXJpYXRpb24ifX0=--6cb9da79ecc04d7c8e10b3563f9294560e1bfed2/127561jpg,/opt/odoo/odoo8084/electropar_images/MARTILLO_CARPINTERO__U_A__MINI_220GR_-_WADFOWjpg
MARTILLO DE BOLA 450GR - WADFOW,27200,https://electroparb-cdnnet/rails/active_storage/representations/proxy/eyJfcmFpbHMiOnsibWVzc2FnZSI6IkJBaHBBMVFmQWc9PSIsImV4cCI6bnVsbCwicHVyIjoiYmxvYl9pZCJ9fQ==--89e22d2ae8126751b937bcb5b1761cb3829e4b38/eyJfcmFpbHMiOnsibWVzc2FnZSI6IkJBaDdCem9MWm05eWJXRjBTU0lJYW5CbkJqb0dSVlE2RTNKbGMybDZaVjloYm1SZmNHRmtXd2RwQWl3QmFRSXNBUT09IiwiZXhwIjpudWxsLCJwdXIiOiJ2YXJpYXRpb24ifX0=--6cb9da79ecc04d7c8e10b3563f9294560e1bfed2/127562jpg,/opt/odoo/odoo8084/electropar_images/MARTILLO_DE_BOLA_450GR_-_WADFOWjpg
MARTILLO DE BOLA 660GR - WADFOW,32000,https://electroparb-cdnnet/rails/active_storage/representations/proxy/eyJfcmFpbHMiOnsibWVzc2FnZSI6IkJBaHBBMVVmQWc9PSIsImV4cCI6bnVsbCwicHVyIjoiYmxvYl9pZCJ9fQ==--47782b064a8daef094c17b9d146a10a179f266bd/eyJfcmFpbHMiOnsibWVzc2FnZSI6IkJBaDdCem9MWm05eWJXRjBTU0lJYW5CbkJqb0dSVlE2RTNKbGMybDZaVjloYm1SZmNHRmtXd2RwQWl3QmFRSXNBUT09IiwiZXhwIjpudWxsLCJwdXIiOiJ2YXJpYXRpb24ifX0=--6cb9da79ecc04d7c8e10b3563f9294560e1bfed2/127563jpg,/opt/odoo/odoo8084/electropar_images/MARTILLO_DE_BOLA_660GR_-_WADFOWjpg
MARTILLO DE BOLA CORTO 220GR - WADFOW,20900,https://electroparb-cdnnet/rails/active_storage/representations/proxy/eyJfcmFpbHMiOnsibWVzc2FnZSI6IkJBaHBBMVlmQWc9PSIsImV4cCI6bnVsbCwicHVyIjoiYmxvYl9pZCJ9fQ==--b8afb81b828bfd835dd15cf101ffe77ef7dbcfb4/eyJfcmFpbHMiOnsibWVzc2FnZSI6IkJBaDdCem9MWm05eWJXRjBTU0lJYW5CbkJqb0dSVlE2RTNKbGMybDZaVjloYm1SZmNHRmtXd2RwQWl3QmFRSXNBUT09IiwiZXhwIjpudWxsLCJwdXIiOiJ2YXJpYXRpb24ifX0=--6cb9da79ecc04d7c8e10b3563f9294560e1bfed2/127564jpg,/opt/odoo/odoo8084/electropar_images/MARTILLO_DE_BOLA_CORTO_220GR_-_WADFOWjpg
MARTILLO DE GOMA NATURAL 450GR - WADFOW,25100,https://electroparb-cdnnet/rails/active_storage/representations/proxy/eyJfcmFpbHMiOnsibWVzc2FnZSI6IkJBaHBBMklmQWc9PSIsImV4cCI6bnVsbCwicHVyIjoiYmxvYl9pZCJ9fQ==--c2d35f1dd98d6da8d2b3e0781e96829dd0954707/eyJfcmFpbHMiOnsibWVzc2FnZSI6IkJBaDdCem9MWm05eWJXRjBTU0lJYW5CbkJqb0dSVlE2RTNKbGMybDZaVjloYm1SZmNHRmtXd2RwQWl3QmFRSXNBUT09IiwiZXhwIjpudWxsLCJwdXIiOiJ2YXJpYXRpb24ifX0=--6cb9da79ecc04d7c8e10b3563f9294560e1bfed2/127571jpg,/opt/odoo/odoo8084/electropar_images/MARTILLO_DE_GOMA_NATURAL_450GR_-_WADFOWjpg
MARTILLO DE GOMA Y PLÁSTICO - WADFOW,29600,https://electroparb-cdnnet/rails/active_storage/representations/proxy/eyJfcmFpbHMiOnsibWVzc2FnZSI6IkJBaHBBMlVmQWc9PSIsImV4cCI6bnVsbCwicHVyIjoiYmxvYl9pZCJ9fQ==--15a48b193a1301d975af2c7e71bad15b6f8722fe/eyJfcmFpbHMiOnsibWVzc2FnZSI6IkJBaDdCem9MWm05eWJXRjBTU0lJYW5CbkJqb0dSVlE2RTNKbGMybDZaVjloYm1SZmNHRmtXd2RwQWl3QmFRSXNBUT09IiwiZXhwIjpudWxsLCJwdXIiOiJ2YXJpYXRpb24ifX0=--6cb9da79ecc04d7c8e10b3563f9294560e1bfed2/127572jpg,/opt/odoo/odoo8084/electropar_images/MARTILLO_DE_GOMA_Y_PL_STICO_-_WADFOWjpg
MARTILLO DE GOMA 660GR - WADFOW,23601,https://electroparb-cdnnet/rails/active_storage/representations/proxy/eyJfcmFpbHMiOnsibWVzc2FnZSI6IkJBaHBBMmNmQWc9PSIsImV4cCI6bnVsbCwicHVyIjoiYmxvYl9pZCJ9fQ==--640493f40b444ec084231e902b3681d078512d6a/eyJfcmFpbHMiOnsibWVzc2FnZSI6IkJBaDdCem9MWm05eWJXRjBTU0lJYW5CbkJqb0dSVlE2RTNKbGMybDZaVjloYm1SZmNHRmtXd2RwQWl3QmFRSXNBUT09IiwiZXhwIjpudWxsLCJwdXIiOiJ2YXJpYXRpb24ifX0=--6cb9da79ecc04d7c8e10b3563f9294560e1bfed2/127573jpg,/opt/odoo/odoo8084/electropar_images/MARTILLO_DE_GOMA_660GR_-_WADFOWjpg
MARTILLO DE GOMA 900GR - WADFOW,26901,https://electroparb-cdnnet/rails/active_storage/representations/proxy/eyJfcmFpbHMiOnsibWVzc2FnZSI6IkJBaHBBMmtmQWc9PSIsImV4cCI6bnVsbCwicHVyIjoiYmxvYl9pZCJ9fQ==--214bf3c1c8de6869213889bf2aff24b8191626df/eyJfcmFpbHMiOnsibWVzc2FnZSI6IkJBaDdCem9MWm05eWJXRjBTU0lJYW5CbkJqb0dSVlE2RTNKbGMybDZaVjloYm1SZmNHRmtXd2RwQWl3QmFRSXNBUT09IiwiZXhwIjpudWxsLCJwdXIiOiJ2YXJpYXRpb24ifX0=--6cb9da79ecc04d7c8e10b3563f9294560e1bfed2/127574jpg,/opt/odoo/odoo8084/electropar_images/MARTILLO_DE_GOMA_900GR_-_WADFOWjpg
MARTILLO CARPINTERO (UÑA) 450G CON MANGO ANTIIMPACTO -,73400,https://electroparb-cdnnet/rails/active_storage/representations/proxy/eyJfcmFpbHMiOnsibWVzc2FnZSI6IkJBaHBBMm9mQWc9PSIsImV4cCI6bnVsbCwicHVyIjoiYmxvYl9pZCJ9fQ==--fc9f045c5695743e43df12b615c3f7ca9b9bb6f1/eyJfcmFpbHMiOnsibWVzc2FnZSI6IkJBaDdCem9MWm05eWJXRjBTU0lJYW5CbkJqb0dSVlE2RTNKbGMybDZaVjloYm1SZmNHRmtXd2RwQWl3QmFRSXNBUT09IiwiZXhwIjpudWxsLCJwdXIiOiJ2YXJpYXRpb24ifX0=--6cb9da79ecc04d7c8e10b3563f9294560e1bfed2/127575jpg,/opt/odoo/odoo8084/electropar_images/MARTILLO_CARPINTERO__U_A__450G_CON_MANGO_ANTIIMPACTO_-jpg
ABRAZADERA DE MANGUERA TIPO AMERICANO (13-19MM) - WADFOW,750,https://electroparb-cdnnet/rails/active_storage/representations/proxy/eyJfcmFpbHMiOnsibWVzc2FnZSI6IkJBaHBBMjhmQWc9PSIsImV4cCI6bnVsbCwicHVyIjoiYmxvYl9pZCJ9fQ==--fcad8a12a3ff99daa3943cd5e84854eacea61ede/eyJfcmFpbHMiOnsibWVzc2FnZSI6IkJBaDdCem9MWm05eWJXRjBTU0lJYW5CbkJqb0dSVlE2RTNKbGMybDZaVjloYm1SZmNHRmtXd2RwQWl3QmFRSXNBUT09IiwiZXhwIjpudWxsLCJwdXIiOiJ2YXJpYXRpb24ifX0=--6cb9da79ecc04d7c8e10b3563f9294560e1bfed2/127579jpg,/opt/odoo/odoo8084/electropar_images/ABRAZADERA_DE_MANGUERA_TIPO_AMERICANO__13-19MM__-_WADFOWjpg
ABRAZADERA DE MANGUERA TIPO AMERICANO (14-27MM) - WADFOW,2200,https://electroparb-cdnnet/rails/active_storage/representations/proxy/eyJfcmFpbHMiOnsibWVzc2FnZSI6IkJBaHBBM0VmQWc9PSIsImV4cCI6bnVsbCwicHVyIjoiYmxvYl9pZCJ9fQ==--7ee470c1b3655d640abc8685ddf8d33f0089240b/eyJfcmFpbHMiOnsibWVzc2FnZSI6IkJBaDdCem9MWm05eWJXRjBTU0lJYW5CbkJqb0dSVlE2RTNKbGMybDZaVjloYm1SZmNHRmtXd2RwQWl3QmFRSXNBUT09IiwiZXhwIjpudWxsLCJwdXIiOiJ2YXJpYXRpb24ifX0=--6cb9da79ecc04d7c8e10b3563f9294560e1bfed2/127580jpg,/opt/odoo/odoo8084/electropar_images/ABRAZADERA_DE_MANGUERA_TIPO_AMERICANO__14-27MM__-_WADFOWjpg
ABRAZADERA DE MANGUERA TIPO AMERICANO (16-32MM) - WADFOW,2500,https://electroparb-cdnnet/rails/active_storage/representations/proxy/eyJfcmFpbHMiOnsibWVzc2FnZSI6IkJBaHBBM0lmQWc9PSIsImV4cCI6bnVsbCwicHVyIjoiYmxvYl9pZCJ9fQ==--b3429c7a26544b63ae30780866463fe6432d6bb7/eyJfcmFpbHMiOnsibWVzc2FnZSI6IkJBaDdCem9MWm05eWJXRjBTU0lJYW5CbkJqb0dSVlE2RTNKbGMybDZaVjloYm1SZmNHRmtXd2RwQWl3QmFRSXNBUT09IiwiZXhwIjpudWxsLCJwdXIiOiJ2YXJpYXRpb24ifX0=--6cb9da79ecc04d7c8e10b3563f9294560e1bfed2/127581jpg,/opt/odoo/odoo8084/electropar_images/ABRAZADERA_DE_MANGUERA_TIPO_AMERICANO__16-32MM__-_WADFOWjpg
ABRAZADERA DE MANGUERA TIPO AMERICANO (19-38MM) - WADFOW,2500,https://electroparb-cdnnet/rails/active_storage/representations/proxy/eyJfcmFpbHMiOnsibWVzc2FnZSI6IkJBaHBBM01mQWc9PSIsImV4cCI6bnVsbCwicHVyIjoiYmxvYl9pZCJ9fQ==--e3d2baa5a70f21dc56e4ad67e6c8d54f367172c2/eyJfcmFpbHMiOnsibWVzc2FnZSI6IkJBaDdCem9MWm05eWJXRjBTU0lJYW5CbkJqb0dSVlE2RTNKbGMybDZaVjloYm1SZmNHRmtXd2RwQWl3QmFRSXNBUT09IiwiZXhwIjpudWxsLCJwdXIiOiJ2YXJpYXRpb24ifX0=--6cb9da79ecc04d7c8e10b3563f9294560e1bfed2/127582jpg,/opt/odoo/odoo8084/electropar_images/ABRAZADERA_DE_MANGUERA_TIPO_AMERICANO__19-38MM__-_WADFOWjpg
ABRAZADERA DE MANGUERA TIPO AMERICANO (19-44MM) - WADFOW,2500,https://electroparb-cdnnet/rails/active_storage/representations/proxy/eyJfcmFpbHMiOnsibWVzc2FnZSI6IkJBaHBBM1lmQWc9PSIsImV4cCI6bnVsbCwicHVyIjoiYmxvYl9pZCJ9fQ==--26563a9ffbb0e1763931d35c8c4d9ba1a22ce8e0/eyJfcmFpbHMiOnsibWVzc2FnZSI6IkJBaDdCem9MWm05eWJXRjBTU0lJYW5CbkJqb0dSVlE2RTNKbGMybDZaVjloYm1SZmNHRmtXd2RwQWl3QmFRSXNBUT09IiwiZXhwIjpudWxsLCJwdXIiOiJ2YXJpYXRpb24ifX0=--6cb9da79ecc04d7c8e10b3563f9294560e1bfed2/127583jpg,/opt/odoo/odoo8084/electropar_images/ABRAZADERA_DE_MANGUERA_TIPO_AMERICANO__19-44MM__-_WADFOWjpg
ABRAZADERA DE MANGUERA TIPO AMERICANO (38-57MM) - WADFOW,2701,https://electroparb-cdnnet/rails/active_storage/representations/proxy/eyJfcmFpbHMiOnsibWVzc2FnZSI6IkJBaHBBM2dmQWc9PSIsImV4cCI6bnVsbCwicHVyIjoiYmxvYl9pZCJ9fQ==--deaa490e1bdbfa2dcd52494f432114f41fa0cd8e/eyJfcmFpbHMiOnsibWVzc2FnZSI6IkJBaDdCem9MWm05eWJXRjBTU0lJYW5CbkJqb0dSVlE2RTNKbGMybDZaVjloYm1SZmNHRmtXd2RwQWl3QmFRSXNBUT09IiwiZXhwIjpudWxsLCJwdXIiOiJ2YXJpYXRpb24ifX0=--6cb9da79ecc04d7c8e10b3563f9294560e1bfed2/127584jpg,/opt/odoo/odoo8084/electropar_images/ABRAZADERA_DE_MANGUERA_TIPO_AMERICANO__38-57MM__-_WADFOWjpg
ABRAZADERA DE MANGUERA TIPO AMERICANO (46-70MM) - WADFOW,3000,https://electroparb-cdnnet/rails/active_storage/representations/proxy/eyJfcmFpbHMiOnsibWVzc2FnZSI6IkJBaHBBM29mQWc9PSIsImV4cCI6bnVsbCwicHVyIjoiYmxvYl9pZCJ9fQ==--41002897b982ca5231ab376cc2bdd277282f5296/eyJfcmFpbHMiOnsibWVzc2FnZSI6IkJBaDdCem9MWm05eWJXRjBTU0lJYW5CbkJqb0dSVlE2RTNKbGMybDZaVjloYm1SZmNHRmtXd2RwQWl3QmFRSXNBUT09IiwiZXhwIjpudWxsLCJwdXIiOiJ2YXJpYXRpb24ifX0=--6cb9da79ecc04d7c8e10b3563f9294560e1bfed2/127585jpg,/opt/odoo/odoo8084/electropar_images/ABRAZADERA_DE_MANGUERA_TIPO_AMERICANO__46-70MM__-_WADFOWjpg
ABRAZADERA DE MANGUERA TIPO AMERICANO (67-83MM) - WADFOW,4200,https://electroparb-cdnnet/rails/active_storage/representations/proxy/eyJfcmFpbHMiOnsibWVzc2FnZSI6IkJBaHBBM3dmQWc9PSIsImV4cCI6bnVsbCwicHVyIjoiYmxvYl9pZCJ9fQ==--f65cd929fc00003a941f4c8c0936a55e430dbf57/eyJfcmFpbHMiOnsibWVzc2FnZSI6IkJBaDdCem9MWm05eWJXRjBTU0lJYW5CbkJqb0dSVlE2RTNKbGMybDZaVjloYm1SZmNHRmtXd2RwQWl3QmFRSXNBUT09IiwiZXhwIjpudWxsLCJwdXIiOiJ2YXJpYXRpb24ifX0=--6cb9da79ecc04d7c8e10b3563f9294560e1bfed2/127586jpg,/opt/odoo/odoo8084/electropar_images/ABRAZADERA_DE_MANGUERA_TIPO_AMERICANO__67-83MM__-_WADFOWjpg
JUEGO DE ABRAZADERAS PARA MANGUERA (26 PZS) - WADFOW,26901,https://electroparb-cdnnet/rails/active_storage/representations/proxy/eyJfcmFpbHMiOnsibWVzc2FnZSI6IkJBaHBBMzRmQWc9PSIsImV4cCI6bnVsbCwicHVyIjoiYmxvYl9pZCJ9fQ==--a3fcd43a3c29455b33c16b70fcd6dc31f1d208bd/eyJfcmFpbHMiOnsibWVzc2FnZSI6IkJBaDdCem9MWm05eWJXRjBTU0lJYW5CbkJqb0dSVlE2RTNKbGMybDZaVjloYm1SZmNHRmtXd2RwQWl3QmFRSXNBUT09IiwiZXhwIjpudWxsLCJwdXIiOiJ2YXJpYXRpb24ifX0=--6cb9da79ecc04d7c8e10b3563f9294560e1bfed2/127587jpg,/opt/odoo/odoo8084/electropar_images/JUEGO_DE_ABRAZADERAS_PARA_MANGUERA__26_PZS__-_WADFOWjpg
SERRUCHO DE COSTILLA 300MM - WADFOW,34400,https://electroparb-cdnnet/rails/active_storage/representations/proxy/eyJfcmFpbHMiOnsibWVzc2FnZSI6IkJBaHBBNElmQWc9PSIsImV4cCI6bnVsbCwicHVyIjoiYmxvYl9pZCJ9fQ==--0d60220bc4afa3d6749a28bc0c38b312dd2ee3fe/eyJfcmFpbHMiOnsibWVzc2FnZSI6IkJBaDdCem9MWm05eWJXRjBTU0lJYW5CbkJqb0dSVlE2RTNKbGMybDZaVjloYm1SZmNHRmtXd2RwQWl3QmFRSXNBUT09IiwiZXhwIjpudWxsLCJwdXIiOiJ2YXJpYXRpb24ifX0=--6cb9da79ecc04d7c8e10b3563f9294560e1bfed2/127589jpg,/opt/odoo/odoo8084/electropar_images/SERRUCHO_DE_COSTILLA_300MM_-_WADFOWjpg
SIERRA DE MANO 550MM 7TPI - WADFOW,32800,https://electroparb-cdnnet/rails/active_storage/representations/proxy/eyJfcmFpbHMiOnsibWVzc2FnZSI6IkJBaHBBNFlmQWc9PSIsImV4cCI6bnVsbCwicHVyIjoiYmxvYl9pZCJ9fQ==--781fbbed9d3761ac9bd3d3abbdc5734d3e94e59b/eyJfcmFpbHMiOnsibWVzc2FnZSI6IkJBaDdCem9MWm05eWJXRjBTU0lJYW5CbkJqb0dSVlE2RTNKbGMybDZaVjloYm1SZmNHRmtXd2RwQWl3QmFRSXNBUT09IiwiZXhwIjpudWxsLCJwdXIiOiJ2YXJpYXRpb24ifX0=--6cb9da79ecc04d7c8e10b3563f9294560e1bfed2/127591jpg,/opt/odoo/odoo8084/electropar_images/SIERRA_DE_MANO_550MM_7TPI_-_WADFOWjpg
SIERRA DE MANO 600MM 7TPI - WADFOW,34700,https://electroparb-cdnnet/rails/active_storage/representations/proxy/eyJfcmFpbHMiOnsibWVzc2FnZSI6IkJBaHBBNGNmQWc9PSIsImV4cCI6bnVsbCwicHVyIjoiYmxvYl9pZCJ9fQ==--eb9f0a9cb405f3cff0d63eca954483fcb4ab887e/eyJfcmFpbHMiOnsibWVzc2FnZSI6IkJBaDdCem9MWm05eWJXRjBTU0lJYW5CbkJqb0dSVlE2RTNKbGMybDZaVjloYm1SZmNHRmtXd2RwQWl3QmFRSXNBUT09IiwiZXhwIjpudWxsLCJwdXIiOiJ2YXJpYXRpb24ifX0=--6cb9da79ecc04d7c8e10b3563f9294560e1bfed2/127592jpg,/opt/odoo/odoo8084/electropar_images/SIERRA_DE_MANO_600MM_7TPI_-_WADFOWjpg
SERRUCHO PLEGABLE DE CORTE RÁPIDO 180MM - WADFOW,31200,https://electroparb-cdnnet/rails/active_storage/representations/proxy/eyJfcmFpbHMiOnsibWVzc2FnZSI6IkJBaHBBNG9mQWc9PSIsImV4cCI6bnVsbCwicHVyIjoiYmxvYl9pZCJ9fQ==--5548745375a9625ea98fd81a383c733b4fb92b5c/eyJfcmFpbHMiOnsibWVzc2FnZSI6IkJBaDdCem9MWm05eWJXRjBTU0lJYW5CbkJqb0dSVlE2RTNKbGMybDZaVjloYm1SZmNHRmtXd2RwQWl3QmFRSXNBUT09IiwiZXhwIjpudWxsLCJwdXIiOiJ2YXJpYXRpb24ifX0=--6cb9da79ecc04d7c8e10b3563f9294560e1bfed2/127595jpg,/opt/odoo/odoo8084/electropar_images/SERRUCHO_PLEGABLE_DE_CORTE_R_PIDO_180MM_-_WADFOWjpg
JUEGO DE MARTILLOS PARA CARROCERÍA (7 PZS) - WADFOW,256200,https://electroparb-cdnnet/rails/active_storage/representations/proxy/eyJfcmFpbHMiOnsibWVzc2FnZSI6IkJBaHBBNDBmQWc9PSIsImV4cCI6bnVsbCwicHVyIjoiYmxvYl9pZCJ9fQ==--433289ef03fc9e61f6449f999a1accf9d6d3fbeb/eyJfcmFpbHMiOnsibWVzc2FnZSI6IkJBaDdCem9MWm05eWJXRjBTU0lJYW5CbkJqb0dSVlE2RTNKbGMybDZaVjloYm1SZmNHRmtXd2RwQWl3QmFRSXNBUT09IiwiZXhwIjpudWxsLCJwdXIiOiJ2YXJpYXRpb24ifX0=--6cb9da79ecc04d7c8e10b3563f9294560e1bfed2/127598jpg,/opt/odoo/odoo8084/electropar_images/JUEGO_DE_MARTILLOS_PARA_CARROCER_A__7_PZS__-_WADFOWjpg
MEZCLADOR DE PINTURA MANUAL - WADFOW,2400,https://electroparb-cdnnet/rails/active_storage/representations/proxy/eyJfcmFpbHMiOnsibWVzc2FnZSI6IkJBaHBBNDRmQWc9PSIsImV4cCI6bnVsbCwicHVyIjoiYmxvYl9pZCJ9fQ==--a6bae5206ce13e89b7c0c8a5bf6320a649edf622/eyJfcmFpbHMiOnsibWVzc2FnZSI6IkJBaDdCem9MWm05eWJXRjBTU0lJYW5CbkJqb0dSVlE2RTNKbGMybDZaVjloYm1SZmNHRmtXd2RwQWl3QmFRSXNBUT09IiwiZXhwIjpudWxsLCJwdXIiOiJ2YXJpYXRpb24ifX0=--6cb9da79ecc04d7c8e10b3563f9294560e1bfed2/127599jpg,/opt/odoo/odoo8084/electropar_images/MEZCLADOR_DE_PINTURA_MANUAL_-_WADFOWjpg
RUEDA GIRATORIA DE 75MM (RÍGIDA) - WADFOW,22600,https://electroparb-cdnnet/rails/active_storage/representations/proxy/eyJfcmFpbHMiOnsibWVzc2FnZSI6IkJBaHBBNDhmQWc9PSIsImV4cCI6bnVsbCwicHVyIjoiYmxvYl9pZCJ9fQ==--b94380d64a08b21925729df7c1e43ec30dc16f30/eyJfcmFpbHMiOnsibWVzc2FnZSI6IkJBaDdCem9MWm05eWJXRjBTU0lJYW5CbkJqb0dSVlE2RTNKbGMybDZaVjloYm1SZmNHRmtXd2RwQWl3QmFRSXNBUT09IiwiZXhwIjpudWxsLCJwdXIiOiJ2YXJpYXRpb24ifX0=--6cb9da79ecc04d7c8e10b3563f9294560e1bfed2/127616jpg,/opt/odoo/odoo8084/electropar_images/RUEDA_GIRATORIA_DE_75MM__R_GIDA__-_WADFOWjpg
RUEDA GIRATORIA DE 75MM - WADFOW,26300,https://electroparb-cdnnet/rails/active_storage/representations/proxy/eyJfcmFpbHMiOnsibWVzc2FnZSI6IkJBaHBBNUFmQWc9PSIsImV4cCI6bnVsbCwicHVyIjoiYmxvYl9pZCJ9fQ==--650185abd52e771dd909ed28870bacab0ab5bcfb/eyJfcmFpbHMiOnsibWVzc2FnZSI6IkJBaDdCem9MWm05eWJXRjBTU0lJYW5CbkJqb0dSVlE2RTNKbGMybDZaVjloYm1SZmNHRmtXd2RwQWl3QmFRSXNBUT09IiwiZXhwIjpudWxsLCJwdXIiOiJ2YXJpYXRpb24ifX0=--6cb9da79ecc04d7c8e10b3563f9294560e1bfed2/127617jpg,/opt/odoo/odoo8084/electropar_images/RUEDA_GIRATORIA_DE_75MM_-_WADFOWjpg
RUEDA GIRATORIA DE 75MM CON FRENO - WADFOW,32700,https://electroparb-cdnnet/rails/active_storage/representations/proxy/eyJfcmFpbHMiOnsibWVzc2FnZSI6IkJBaHBBNUVmQWc9PSIsImV4cCI6bnVsbCwicHVyIjoiYmxvYl9pZCJ9fQ==--49b756a43507d54bd42e7e0bf602086d22522713/eyJfcmFpbHMiOnsibWVzc2FnZSI6IkJBaDdCem9MWm05eWJXRjBTU0lJYW5CbkJqb0dSVlE2RTNKbGMybDZaVjloYm1SZmNHRmtXd2RwQWl3QmFRSXNBUT09IiwiZXhwIjpudWxsLCJwdXIiOiJ2YXJpYXRpb24ifX0=--6cb9da79ecc04d7c8e10b3563f9294560e1bfed2/127618jpg,/opt/odoo/odoo8084/electropar_images/RUEDA_GIRATORIA_DE_75MM_CON_FRENO_-_WADFOWjpg
RUEDA GIRATORIA DE 100MM (RÍGIDA) - WADFOW,27400,https://electroparb-cdnnet/rails/active_storage/representations/proxy/eyJfcmFpbHMiOnsibWVzc2FnZSI6IkJBaHBBNUlmQWc9PSIsImV4cCI6bnVsbCwicHVyIjoiYmxvYl9pZCJ9fQ==--bf81e66d94a1fe942c81c9dd2b1a0c76081f607f/eyJfcmFpbHMiOnsibWVzc2FnZSI6IkJBaDdCem9MWm05eWJXRjBTU0lJYW5CbkJqb0dSVlE2RTNKbGMybDZaVjloYm1SZmNHRmtXd2RwQWl3QmFRSXNBUT09IiwiZXhwIjpudWxsLCJwdXIiOiJ2YXJpYXRpb24ifX0=--6cb9da79ecc04d7c8e10b3563f9294560e1bfed2/127619jpg,/opt/odoo/odoo8084/electropar_images/RUEDA_GIRATORIA_DE_100MM__R_GIDA__-_WADFOWjpg
RUEDA GIRATORIA DE 100MM CON FRENO - WADFOW,37700,https://electroparb-cdnnet/rails/active_storage/representations/proxy/eyJfcmFpbHMiOnsibWVzc2FnZSI6IkJBaHBBNVFmQWc9PSIsImV4cCI6bnVsbCwicHVyIjoiYmxvYl9pZCJ9fQ==--d21086c727b2a7b0c8a89faef2b5c4e6ec49c0f5/eyJfcmFpbHMiOnsibWVzc2FnZSI6IkJBaDdCem9MWm05eWJXRjBTU0lJYW5CbkJqb0dSVlE2RTNKbGMybDZaVjloYm1SZmNHRmtXd2RwQWl3QmFRSXNBUT09IiwiZXhwIjpudWxsLCJwdXIiOiJ2YXJpYXRpb24ifX0=--6cb9da79ecc04d7c8e10b3563f9294560e1bfed2/127621jpg,/opt/odoo/odoo8084/electropar_images/RUEDA_GIRATORIA_DE_100MM_CON_FRENO_-_WADFOWjpg
RUEDA GIRATORIA DE 125MM (RÍGIDA) - WADFOW,33400,https://electroparb-cdnnet/rails/active_storage/representations/proxy/eyJfcmFpbHMiOnsibWVzc2FnZSI6IkJBaHBBNVVmQWc9PSIsImV4cCI6bnVsbCwicHVyIjoiYmxvYl9pZCJ9fQ==--a6dc83cb14deb3288871ad10a417deef43b0ad05/eyJfcmFpbHMiOnsibWVzc2FnZSI6IkJBaDdCem9MWm05eWJXRjBTU0lJYW5CbkJqb0dSVlE2RTNKbGMybDZaVjloYm1SZmNHRmtXd2RwQWl3QmFRSXNBUT09IiwiZXhwIjpudWxsLCJwdXIiOiJ2YXJpYXRpb24ifX0=--6cb9da79ecc04d7c8e10b3563f9294560e1bfed2/127622jpg,/opt/odoo/odoo8084/electropar_images/RUEDA_GIRATORIA_DE_125MM__R_GIDA__-_WADFOWjpg
RUEDA GIRATORIA DE 125MM - WADFOW,36300,https://electroparb-cdnnet/rails/active_storage/representations/proxy/eyJfcmFpbHMiOnsibWVzc2FnZSI6IkJBaHBBNWNmQWc9PSIsImV4cCI6bnVsbCwicHVyIjoiYmxvYl9pZCJ9fQ==--0d2682c3f9aecc593f31871147e4658e2c9d6de7/eyJfcmFpbHMiOnsibWVzc2FnZSI6IkJBaDdCem9MWm05eWJXRjBTU0lJYW5CbkJqb0dSVlE2RTNKbGMybDZaVjloYm1SZmNHRmtXd2RwQWl3QmFRSXNBUT09IiwiZXhwIjpudWxsLCJwdXIiOiJ2YXJpYXRpb24ifX0=--6cb9da79ecc04d7c8e10b3563f9294560e1bfed2/127623jpg,/opt/odoo/odoo8084/electropar_images/RUEDA_GIRATORIA_DE_125MM_-_WADFOWjpg
JUEGO DE TUERCAS HEXAGONALES (225 PZS) - WADFOW,11501,https://electroparb-cdnnet/rails/active_storage/representations/proxy/eyJfcmFpbHMiOnsibWVzc2FnZSI6IkJBaHBBNTRmQWc9PSIsImV4cCI6bnVsbCwicHVyIjoiYmxvYl9pZCJ9fQ==--785581280e5f628928b584f6a1639608df57338e/eyJfcmFpbHMiOnsibWVzc2FnZSI6IkJBaDdCem9MWm05eWJXRjBTU0lJYW5CbkJqb0dSVlE2RTNKbGMybDZaVjloYm1SZmNHRmtXd2RwQWl3QmFRSXNBUT09IiwiZXhwIjpudWxsLCJwdXIiOiJ2YXJpYXRpb24ifX0=--6cb9da79ecc04d7c8e10b3563f9294560e1bfed2/127626jpg,/opt/odoo/odoo8084/electropar_images/JUEGO_DE_TUERCAS_HEXAGONALES__225_PZS__-_WADFOWjpg
JUEGO DE CLAVOS SURTIDOS (490 PZS) - WADFOW,19000,https://electroparb-cdnnet/rails/active_storage/representations/proxy/eyJfcmFpbHMiOnsibWVzc2FnZSI6IkJBaHBBNkFmQWc9PSIsImV4cCI6bnVsbCwicHVyIjoiYmxvYl9pZCJ9fQ==--ebb63d0c0c4b9b155d20939f89a4eb5c419898a6/eyJfcmFpbHMiOnsibWVzc2FnZSI6IkJBaDdCem9MWm05eWJXRjBTU0lJYW5CbkJqb0dSVlE2RTNKbGMybDZaVjloYm1SZmNHRmtXd2RwQWl3QmFRSXNBUT09IiwiZXhwIjpudWxsLCJwdXIiOiJ2YXJpYXRpb24ifX0=--6cb9da79ecc04d7c8e10b3563f9294560e1bfed2/127627jpg,/opt/odoo/odoo8084/electropar_images/JUEGO_DE_CLAVOS_SURTIDOS__490_PZS__-_WADFOWjpg
VASO PARA PINTURA - WADFOW,7700,https://electroparb-cdnnet/rails/active_storage/representations/proxy/eyJfcmFpbHMiOnsibWVzc2FnZSI6IkJBaHBBNkVmQWc9PSIsImV4cCI6bnVsbCwicHVyIjoiYmxvYl9pZCJ9fQ==--b052954b6f5a4943a5544c6ce0619ad7422ca1f6/eyJfcmFpbHMiOnsibWVzc2FnZSI6IkJBaDdCem9MWm05eWJXRjBTU0lJYW5CbkJqb0dSVlE2RTNKbGMybDZaVjloYm1SZmNHRmtXd2RwQWl3QmFRSXNBUT09IiwiZXhwIjpudWxsLCJwdXIiOiJ2YXJpYXRpb24ifX0=--6cb9da79ecc04d7c8e10b3563f9294560e1bfed2/127628jpg,/opt/odoo/odoo8084/electropar_images/VASO_PARA_PINTURA_-_WADFOWjpg
PINCEL (BROCHA) DE PINTURA 25MM (CERDA 38X8MM) - WADFOW,2000,https://electroparb-cdnnet/rails/active_storage/representations/proxy/eyJfcmFpbHMiOnsibWVzc2FnZSI6IkJBaHBBNklmQWc9PSIsImV4cCI6bnVsbCwicHVyIjoiYmxvYl9pZCJ9fQ==--7a5a9ccc8120a68244b4bb3ef146346320ae13ad/eyJfcmFpbHMiOnsibWVzc2FnZSI6IkJBaDdCem9MWm05eWJXRjBTU0lJYW5CbkJqb0dSVlE2RTNKbGMybDZaVjloYm1SZmNHRmtXd2RwQWl3QmFRSXNBUT09IiwiZXhwIjpudWxsLCJwdXIiOiJ2YXJpYXRpb24ifX0=--6cb9da79ecc04d7c8e10b3563f9294560e1bfed2/127629jpg,/opt/odoo/odoo8084/electropar_images/PINCEL__BROCHA__DE_PINTURA_25MM__CERDA_38X8MM__-_WADFOWjpg
PINCEL (BROCHA) DE PINTURA 50MM (CERDA 44X8MM) - WADFOW,4700,https://electroparb-cdnnet/rails/active_storage/representations/proxy/eyJfcmFpbHMiOnsibWVzc2FnZSI6IkJBaHBBNk1mQWc9PSIsImV4cCI6bnVsbCwicHVyIjoiYmxvYl9pZCJ9fQ==--f4a194ae8f079f3b87783e54dabaf1b6d908d2b2/eyJfcmFpbHMiOnsibWVzc2FnZSI6IkJBaDdCem9MWm05eWJXRjBTU0lJYW5CbkJqb0dSVlE2RTNKbGMybDZaVjloYm1SZmNHRmtXd2RwQWl3QmFRSXNBUT09IiwiZXhwIjpudWxsLCJwdXIiOiJ2YXJpYXRpb24ifX0=--6cb9da79ecc04d7c8e10b3563f9294560e1bfed2/127630jpg,/opt/odoo/odoo8084/electropar_images/PINCEL__BROCHA__DE_PINTURA_50MM__CERDA_44X8MM__-_WADFOWjpg
PINCEL (BROCHA) DE PINTURA 100MM (CERDA 45X10MM) - WADFOW,11300,https://electroparb-cdnnet/rails/active_storage/representations/proxy/eyJfcmFpbHMiOnsibWVzc2FnZSI6IkJBaHBBNmdmQWc9PSIsImV4cCI6bnVsbCwicHVyIjoiYmxvYl9pZCJ9fQ==--43491d469424de703e910472a77184acd387dca9/eyJfcmFpbHMiOnsibWVzc2FnZSI6IkJBaDdCem9MWm05eWJXRjBTU0lJYW5CbkJqb0dSVlE2RTNKbGMybDZaVjloYm1SZmNHRmtXd2RwQWl3QmFRSXNBUT09IiwiZXhwIjpudWxsLCJwdXIiOiJ2YXJpYXRpb24ifX0=--6cb9da79ecc04d7c8e10b3563f9294560e1bfed2/127632jpg,/opt/odoo/odoo8084/electropar_images/PINCEL__BROCHA__DE_PINTURA_100MM__CERDA_45X10MM__-_WADFOWjpg
PINCEL (BROCHA) DE PINTURA 38MM (CERDA 38X8MM) - WADFOW,2600,https://electroparb-cdnnet/rails/active_storage/representations/proxy/eyJfcmFpbHMiOnsibWVzc2FnZSI6IkJBaHBBNm9mQWc9PSIsImV4cCI6bnVsbCwicHVyIjoiYmxvYl9pZCJ9fQ==--4a890a68ca9b5db5dc274ab751d82b1cba57609a/eyJfcmFpbHMiOnsibWVzc2FnZSI6IkJBaDdCem9MWm05eWJXRjBTU0lJYW5CbkJqb0dSVlE2RTNKbGMybDZaVjloYm1SZmNHRmtXd2RwQWl3QmFRSXNBUT09IiwiZXhwIjpudWxsLCJwdXIiOiJ2YXJpYXRpb24ifX0=--6cb9da79ecc04d7c8e10b3563f9294560e1bfed2/127633jpg,/opt/odoo/odoo8084/electropar_images/PINCEL__BROCHA__DE_PINTURA_38MM__CERDA_38X8MM__-_WADFOWjpg
PINCEL (BROCHA) DE PINTURA 63MM (CERDA 44X8MM) - WADFOW,5400,https://electroparb-cdnnet/rails/active_storage/representations/proxy/eyJfcmFpbHMiOnsibWVzc2FnZSI6IkJBaHBBNnNmQWc9PSIsImV4cCI6bnVsbCwicHVyIjoiYmxvYl9pZCJ9fQ==--1e634a55b7d3b64d2f24b96109079f10eddb17df/eyJfcmFpbHMiOnsibWVzc2FnZSI6IkJBaDdCem9MWm05eWJXRjBTU0lJYW5CbkJqb0dSVlE2RTNKbGMybDZaVjloYm1SZmNHRmtXd2RwQWl3QmFRSXNBUT09IiwiZXhwIjpudWxsLCJwdXIiOiJ2YXJpYXRpb24ifX0=--6cb9da79ecc04d7c8e10b3563f9294560e1bfed2/127634jpg,/opt/odoo/odoo8084/electropar_images/PINCEL__BROCHA__DE_PINTURA_63MM__CERDA_44X8MM__-_WADFOWjpg
JUEGO DE PINCELES (BROCHAS) DE PINTURA 1+2+3PULG (3 PZS),8900,https://electroparb-cdnnet/rails/active_storage/representations/proxy/eyJfcmFpbHMiOnsibWVzc2FnZSI6IkJBaHBBNndmQWc9PSIsImV4cCI6bnVsbCwicHVyIjoiYmxvYl9pZCJ9fQ==--d30cf4a172c95d36f49b4814e96bd85d56ea1800/eyJfcmFpbHMiOnsibWVzc2FnZSI6IkJBaDdCem9MWm05eWJXRjBTU0lJYW5CbkJqb0dSVlE2RTNKbGMybDZaVjloYm1SZmNHRmtXd2RwQWl3QmFRSXNBUT09IiwiZXhwIjpudWxsLCJwdXIiOiJ2YXJpYXRpb24ifX0=--6cb9da79ecc04d7c8e10b3563f9294560e1bfed2/127635jpg,/opt/odoo/odoo8084/electropar_images/JUEGO_DE_PINCELES__BROCHAS__DE_PINTURA_1_2_3PULG__3_PZS_jpg
CANDADO DE LATÓN 20MM - WADFOW,11600,https://electroparb-cdnnet/rails/active_storage/representations/proxy/eyJfcmFpbHMiOnsibWVzc2FnZSI6IkJBaHBBNjRmQWc9PSIsImV4cCI6bnVsbCwicHVyIjoiYmxvYl9pZCJ9fQ==--034f482f3a9e23b78d0c058bfa961adced77898a/eyJfcmFpbHMiOnsibWVzc2FnZSI6IkJBaDdCem9MWm05eWJXRjBTU0lJYW5CbkJqb0dSVlE2RTNKbGMybDZaVjloYm1SZmNHRmtXd2RwQWl3QmFRSXNBUT09IiwiZXhwIjpudWxsLCJwdXIiOiJ2YXJpYXRpb24ifX0=--6cb9da79ecc04d7c8e10b3563f9294560e1bfed2/127637jpg,/opt/odoo/odoo8084/electropar_images/CANDADO_DE_LAT_N_20MM_-_WADFOWjpg
CANDADO DE LATÓN 30MM - WADFOW,18200,https://electroparb-cdnnet/rails/active_storage/representations/proxy/eyJfcmFpbHMiOnsibWVzc2FnZSI6IkJBaHBBNjhmQWc9PSIsImV4cCI6bnVsbCwicHVyIjoiYmxvYl9pZCJ9fQ==--167c826b67a2968c29cbd3cdf87647f377aeeeb3/eyJfcmFpbHMiOnsibWVzc2FnZSI6IkJBaDdCem9MWm05eWJXRjBTU0lJYW5CbkJqb0dSVlE2RTNKbGMybDZaVjloYm1SZmNHRmtXd2RwQWl3QmFRSXNBUT09IiwiZXhwIjpudWxsLCJwdXIiOiJ2YXJpYXRpb24ifX0=--6cb9da79ecc04d7c8e10b3563f9294560e1bfed2/127638jpg,/opt/odoo/odoo8084/electropar_images/CANDADO_DE_LAT_N_30MM_-_WADFOWjpg
CANDADO DE LATÓN 40MM - WADFOW,23400,https://electroparb-cdnnet/rails/active_storage/representations/proxy/eyJfcmFpbHMiOnsibWVzc2FnZSI6IkJBaHBBN0VmQWc9PSIsImV4cCI6bnVsbCwicHVyIjoiYmxvYl9pZCJ9fQ==--07846d3667849a8b63352c49a1df19b1a63f5d35/eyJfcmFpbHMiOnsibWVzc2FnZSI6IkJBaDdCem9MWm05eWJXRjBTU0lJYW5CbkJqb0dSVlE2RTNKbGMybDZaVjloYm1SZmNHRmtXd2RwQWl3QmFRSXNBUT09IiwiZXhwIjpudWxsLCJwdXIiOiJ2YXJpYXRpb24ifX0=--6cb9da79ecc04d7c8e10b3563f9294560e1bfed2/127639jpg,/opt/odoo/odoo8084/electropar_images/CANDADO_DE_LAT_N_40MM_-_WADFOWjpg
CANDADO DE LATÓN 50MM - WADFOW,34900,https://electroparb-cdnnet/rails/active_storage/representations/proxy/eyJfcmFpbHMiOnsibWVzc2FnZSI6IkJBaHBBN1FmQWc9PSIsImV4cCI6bnVsbCwicHVyIjoiYmxvYl9pZCJ9fQ==--11b1c82750a34af29e776e04f008940b4264de3a/eyJfcmFpbHMiOnsibWVzc2FnZSI6IkJBaDdCem9MWm05eWJXRjBTU0lJYW5CbkJqb0dSVlE2RTNKbGMybDZaVjloYm1SZmNHRmtXd2RwQWl3QmFRSXNBUT09IiwiZXhwIjpudWxsLCJwdXIiOiJ2YXJpYXRpb24ifX0=--6cb9da79ecc04d7c8e10b3563f9294560e1bfed2/127640jpg,/opt/odoo/odoo8084/electropar_images/CANDADO_DE_LAT_N_50MM_-_WADFOWjpg
CANDADO DE LATON 40MM  CON GRILLETE LARGO - WADFOW,24900,https://electroparb-cdnnet/rails/active_storage/representations/proxy/eyJfcmFpbHMiOnsibWVzc2FnZSI6IkJBaHBBN2NmQWc9PSIsImV4cCI6bnVsbCwicHVyIjoiYmxvYl9pZCJ9fQ==--7e08666e76b18dd14e196a284652d3be82bad76b/eyJfcmFpbHMiOnsibWVzc2FnZSI6IkJBaDdCem9MWm05eWJXRjBTU0lJYW5CbkJqb0dSVlE2RTNKbGMybDZaVjloYm1SZmNHRmtXd2RwQWl3QmFRSXNBUT09IiwiZXhwIjpudWxsLCJwdXIiOiJ2YXJpYXRpb24ifX0=--6cb9da79ecc04d7c8e10b3563f9294560e1bfed2/127642jpg,/opt/odoo/odoo8084/electropar_images/CANDADO_DE_LATON_40MM__CON_GRILLETE_LARGO_-_WADFOWjpg
CANDADO DE LATON 50MM  CON GRILLETE LARGO - WADFOW,37000,https://electroparb-cdnnet/rails/active_storage/representations/proxy/eyJfcmFpbHMiOnsibWVzc2FnZSI6IkJBaHBBN2tmQWc9PSIsImV4cCI6bnVsbCwicHVyIjoiYmxvYl9pZCJ9fQ==--47226c78776db7db23f3e235d6f1e7a4430a77e3/eyJfcmFpbHMiOnsibWVzc2FnZSI6IkJBaDdCem9MWm05eWJXRjBTU0lJYW5CbkJqb0dSVlE2RTNKbGMybDZaVjloYm1SZmNHRmtXd2RwQWl3QmFRSXNBUT09IiwiZXhwIjpudWxsLCJwdXIiOiJ2YXJpYXRpb24ifX0=--6cb9da79ecc04d7c8e10b3563f9294560e1bfed2/127643jpg,/opt/odoo/odoo8084/electropar_images/CANDADO_DE_LATON_50MM__CON_GRILLETE_LARGO_-_WADFOWjpg
CINTA DE EMBALAJE TRANSPARENTE 50M - WADFOW,6500,https://electroparb-cdnnet/rails/active_storage/representations/proxy/eyJfcmFpbHMiOnsibWVzc2FnZSI6IkJBaHBBN29mQWc9PSIsImV4cCI6bnVsbCwicHVyIjoiYmxvYl9pZCJ9fQ==--d4137d44fc203069f50ef6a0023bbd7017590a46/eyJfcmFpbHMiOnsibWVzc2FnZSI6IkJBaDdCem9MWm05eWJXRjBTU0lJYW5CbkJqb0dSVlE2RTNKbGMybDZaVjloYm1SZmNHRmtXd2RwQWl3QmFRSXNBUT09IiwiZXhwIjpudWxsLCJwdXIiOiJ2YXJpYXRpb24ifX0=--6cb9da79ecc04d7c8e10b3563f9294560e1bfed2/127644jpg,/opt/odoo/odoo8084/electropar_images/CINTA_DE_EMBALAJE_TRANSPARENTE_50M_-_WADFOWjpg
CINTA DE EMBALAJE TRANSPARENTE 100M - WADFOW,11900,https://electroparb-cdnnet/rails/active_storage/representations/proxy/eyJfcmFpbHMiOnsibWVzc2FnZSI6IkJBaHBBN3NmQWc9PSIsImV4cCI6bnVsbCwicHVyIjoiYmxvYl9pZCJ9fQ==--69d5b5eb228e444fe881aa31e5f4870c2508b20a/eyJfcmFpbHMiOnsibWVzc2FnZSI6IkJBaDdCem9MWm05eWJXRjBTU0lJYW5CbkJqb0dSVlE2RTNKbGMybDZaVjloYm1SZmNHRmtXd2RwQWl3QmFRSXNBUT09IiwiZXhwIjpudWxsLCJwdXIiOiJ2YXJpYXRpb24ifX0=--6cb9da79ecc04d7c8e10b3563f9294560e1bfed2/127645jpg,/opt/odoo/odoo8084/electropar_images/CINTA_DE_EMBALAJE_TRANSPARENTE_100M_-_WADFOWjpg
CINTA DE REPARACIÓN 15M - WADFOW,26300,https://electroparb-cdnnet/rails/active_storage/representations/proxy/eyJfcmFpbHMiOnsibWVzc2FnZSI6IkJBaHBBNzBmQWc9PSIsImV4cCI6bnVsbCwicHVyIjoiYmxvYl9pZCJ9fQ==--7615b4cdf97a532bee6bebb865d8d1fd36116b56/eyJfcmFpbHMiOnsibWVzc2FnZSI6IkJBaDdCem9MWm05eWJXRjBTU0lJYW5CbkJqb0dSVlE2RTNKbGMybDZaVjloYm1SZmNHRmtXd2RwQWl3QmFRSXNBUT09IiwiZXhwIjpudWxsLCJwdXIiOiJ2YXJpYXRpb24ifX0=--6cb9da79ecc04d7c8e10b3563f9294560e1bfed2/127647jpg,/opt/odoo/odoo8084/electropar_images/CINTA_DE_REPARACI_N_15M_-_WADFOWjpg
CINTA DE ADVERTENCIA PELIGRO - WADFOW,27100,https://electroparb-cdnnet/rails/active_storage/representations/proxy/eyJfcmFpbHMiOnsibWVzc2FnZSI6IkJBaHBBNzRmQWc9PSIsImV4cCI6bnVsbCwicHVyIjoiYmxvYl9pZCJ9fQ==--ca6020c93cb55ac1a3215f7be53b13860b4eb825/eyJfcmFpbHMiOnsibWVzc2FnZSI6IkJBaDdCem9MWm05eWJXRjBTU0lJYW5CbkJqb0dSVlE2RTNKbGMybDZaVjloYm1SZmNHRmtXd2RwQWl3QmFRSXNBUT09IiwiZXhwIjpudWxsLCJwdXIiOiJ2YXJpYXRpb24ifX0=--6cb9da79ecc04d7c8e10b3563f9294560e1bfed2/127648jpg,/opt/odoo/odoo8084/electropar_images/CINTA_DE_ADVERTENCIA_PELIGRO_-_WADFOWjpg
CINTA REFLECTIVA PET - WADFOW,80100,https://electroparb-cdnnet/rails/active_storage/representations/proxy/eyJfcmFpbHMiOnsibWVzc2FnZSI6IkJBaHBBNzhmQWc9PSIsImV4cCI6bnVsbCwicHVyIjoiYmxvYl9pZCJ9fQ==--bff03b94644fd47e8c357fb6e6e42ce173b9258e/eyJfcmFpbHMiOnsibWVzc2FnZSI6IkJBaDdCem9MWm05eWJXRjBTU0lJYW5CbkJqb0dSVlE2RTNKbGMybDZaVjloYm1SZmNHRmtXd2RwQWl3QmFRSXNBUT09IiwiZXhwIjpudWxsLCJwdXIiOiJ2YXJpYXRpb24ifX0=--6cb9da79ecc04d7c8e10b3563f9294560e1bfed2/127649jpg,/opt/odoo/odoo8084/electropar_images/CINTA_REFLECTIVA_PET_-_WADFOWjpg
CINTA DE ESPUMA IXPE - WADFOW,6100,https://electroparb-cdnnet/rails/active_storage/representations/proxy/eyJfcmFpbHMiOnsibWVzc2FnZSI6IkJBaHBBOEFmQWc9PSIsImV4cCI6bnVsbCwicHVyIjoiYmxvYl9pZCJ9fQ==--6a5e7ab030e04a803ae0f26d9e5711e62798e45e/eyJfcmFpbHMiOnsibWVzc2FnZSI6IkJBaDdCem9MWm05eWJXRjBTU0lJYW5CbkJqb0dSVlE2RTNKbGMybDZaVjloYm1SZmNHRmtXd2RwQWl3QmFRSXNBUT09IiwiZXhwIjpudWxsLCJwdXIiOiJ2YXJpYXRpb24ifX0=--6cb9da79ecc04d7c8e10b3563f9294560e1bfed2/127650jpg,/opt/odoo/odoo8084/electropar_images/CINTA_DE_ESPUMA_IXPE_-_WADFOWjpg
JUEGO DE ESPÁTULAS DE PLÁSTICO 2+3+4PULG - WADFOW,7200,https://electroparb-cdnnet/rails/active_storage/representations/proxy/eyJfcmFpbHMiOnsibWVzc2FnZSI6IkJBaHBBOE1mQWc9PSIsImV4cCI6bnVsbCwicHVyIjoiYmxvYl9pZCJ9fQ==--9fb3bc229722940f67dfc68328e533ee412ff17c/eyJfcmFpbHMiOnsibWVzc2FnZSI6IkJBaDdCem9MWm05eWJXRjBTU0lJYW5CbkJqb0dSVlE2RTNKbGMybDZaVjloYm1SZmNHRmtXd2RwQWl3QmFRSXNBUT09IiwiZXhwIjpudWxsLCJwdXIiOiJ2YXJpYXRpb24ifX0=--6cb9da79ecc04d7c8e10b3563f9294560e1bfed2/127652jpg,/opt/odoo/odoo8084/electropar_images/JUEGO_DE_ESP_TULAS_DE_PL_STICO_2_3_4PULG_-_WADFOWjpg
CEPILLO PEINE Y LIMPIADOR DE RODILLOS - WADFOW,2600,https://electroparb-cdnnet/rails/active_storage/representations/proxy/eyJfcmFpbHMiOnsibWVzc2FnZSI6IkJBaHBBOFFmQWc9PSIsImV4cCI6bnVsbCwicHVyIjoiYmxvYl9pZCJ9fQ==--afa0d351a26e543591b4d498123647e7c70d6ba7/eyJfcmFpbHMiOnsibWVzc2FnZSI6IkJBaDdCem9MWm05eWJXRjBTU0lJYW5CbkJqb0dSVlE2RTNKbGMybDZaVjloYm1SZmNHRmtXd2RwQWl3QmFRSXNBUT09IiwiZXhwIjpudWxsLCJwdXIiOiJ2YXJpYXRpb24ifX0=--6cb9da79ecc04d7c8e10b3563f9294560e1bfed2/127653jpg,/opt/odoo/odoo8084/electropar_images/CEPILLO_PEINE_Y_LIMPIADOR_DE_RODILLOS_-_WADFOWjpg
CORDÓN MONOFILAMENTO 30MX4MM - WADFOW,15200,https://electroparb-cdnnet/rails/active_storage/representations/proxy/eyJfcmFpbHMiOnsibWVzc2FnZSI6IkJBaHBBOFVmQWc9PSIsImV4cCI6bnVsbCwicHVyIjoiYmxvYl9pZCJ9fQ==--261f9e604d4a9835afff9bdd4da377b18fed6419/eyJfcmFpbHMiOnsibWVzc2FnZSI6IkJBaDdCem9MWm05eWJXRjBTU0lJYW5CbkJqb0dSVlE2RTNKbGMybDZaVjloYm1SZmNHRmtXd2RwQWl3QmFRSXNBUT09IiwiZXhwIjpudWxsLCJwdXIiOiJ2YXJpYXRpb24ifX0=--6cb9da79ecc04d7c8e10b3563f9294560e1bfed2/127654jpg,/opt/odoo/odoo8084/electropar_images/CORD_N_MONOFILAMENTO_30MX4MM_-_WADFOWjpg
CUERDA MONOFILAMENTO 1300MX6MM - WADFOW,935200,https://electroparb-cdnnet/rails/active_storage/representations/proxy/eyJfcmFpbHMiOnsibWVzc2FnZSI6IkJBaHBBOGNmQWc9PSIsImV4cCI6bnVsbCwicHVyIjoiYmxvYl9pZCJ9fQ==--7359e8e8577894bd0d64012fa06c9572d8a75c09/eyJfcmFpbHMiOnsibWVzc2FnZSI6IkJBaDdCem9MWm05eWJXRjBTU0lJYW5CbkJqb0dSVlE2RTNKbGMybDZaVjloYm1SZmNHRmtXd2RwQWl3QmFRSXNBUT09IiwiZXhwIjpudWxsLCJwdXIiOiJ2YXJpYXRpb24ifX0=--6cb9da79ecc04d7c8e10b3563f9294560e1bfed2/127655jpg,/opt/odoo/odoo8084/electropar_images/CUERDA_MONOFILAMENTO_1300MX6MM_-_WADFOWjpg
CINTA ANTIDESLIZANTE PVC - WADFOW,23900,https://electroparb-cdnnet/rails/active_storage/representations/proxy/eyJfcmFpbHMiOnsibWVzc2FnZSI6IkJBaHBBOVlmQWc9PSIsImV4cCI6bnVsbCwicHVyIjoiYmxvYl9pZCJ9fQ==--d33b0b2cd6c9aa8bda46b5c720ccd065fc9ccb5c/eyJfcmFpbHMiOnsibWVzc2FnZSI6IkJBaDdCem9MWm05eWJXRjBTU0lJYW5CbkJqb0dSVlE2RTNKbGMybDZaVjloYm1SZmNHRmtXd2RwQWl3QmFRSXNBUT09IiwiZXhwIjpudWxsLCJwdXIiOiJ2YXJpYXRpb24ifX0=--6cb9da79ecc04d7c8e10b3563f9294560e1bfed2/127669jpg,/opt/odoo/odoo8084/electropar_images/CINTA_ANTIDESLIZANTE_PVC_-_WADFOWjpg
JUEGO DE GANCHOS Y TORNILLOS (140 PZS) - WADFOW,18800,https://electroparb-cdnnet/rails/active_storage/representations/proxy/eyJfcmFpbHMiOnsibWVzc2FnZSI6IkJBaHBBOWdmQWc9PSIsImV4cCI6bnVsbCwicHVyIjoiYmxvYl9pZCJ9fQ==--c831bc0f076d75e978fb916dcf60bffbc7e4d1c8/eyJfcmFpbHMiOnsibWVzc2FnZSI6IkJBaDdCem9MWm05eWJXRjBTU0lJYW5CbkJqb0dSVlE2RTNKbGMybDZaVjloYm1SZmNHRmtXd2RwQWl3QmFRSXNBUT09IiwiZXhwIjpudWxsLCJwdXIiOiJ2YXJpYXRpb24ifX0=--6cb9da79ecc04d7c8e10b3563f9294560e1bfed2/127671jpg,/opt/odoo/odoo8084/electropar_images/JUEGO_DE_GANCHOS_Y_TORNILLOS__140_PZS__-_WADFOWjpg
CINTA ADHESIVA PARA CONDUCTOS DUCT TAPE - WADFOW,30400,https://electroparb-cdnnet/rails/active_storage/representations/proxy/eyJfcmFpbHMiOnsibWVzc2FnZSI6IkJBaHBBOW9mQWc9PSIsImV4cCI6bnVsbCwicHVyIjoiYmxvYl9pZCJ9fQ==--a94cede4fe6e2b1d6171855b31247f8d34b9315c/eyJfcmFpbHMiOnsibWVzc2FnZSI6IkJBaDdCem9MWm05eWJXRjBTU0lJYW5CbkJqb0dSVlE2RTNKbGMybDZaVjloYm1SZmNHRmtXd2RwQWl3QmFRSXNBUT09IiwiZXhwIjpudWxsLCJwdXIiOiJ2YXJpYXRpb24ifX0=--6cb9da79ecc04d7c8e10b3563f9294560e1bfed2/127672jpg,/opt/odoo/odoo8084/electropar_images/CINTA_ADHESIVA_PARA_CONDUCTOS_DUCT_TAPE_-_WADFOWjpg
JUEGO DE ARANDELAS (360 PZS) - WADFOW,18900,https://electroparb-cdnnet/rails/active_storage/representations/proxy/eyJfcmFpbHMiOnsibWVzc2FnZSI6IkJBaHBBOXdmQWc9PSIsImV4cCI6bnVsbCwicHVyIjoiYmxvYl9pZCJ9fQ==--9eb91ab71503dc273128e335d1a3f211827e81a8/eyJfcmFpbHMiOnsibWVzc2FnZSI6IkJBaDdCem9MWm05eWJXRjBTU0lJYW5CbkJqb0dSVlE2RTNKbGMybDZaVjloYm1SZmNHRmtXd2RwQWl3QmFRSXNBUT09IiwiZXhwIjpudWxsLCJwdXIiOiJ2YXJpYXRpb24ifX0=--6cb9da79ecc04d7c8e10b3563f9294560e1bfed2/127673jpg,/opt/odoo/odoo8084/electropar_images/JUEGO_DE_ARANDELAS__360_PZS__-_WADFOWjpg
ESLINGA DE CINTA 2TONX2MX50MM - WADFOW,41900,https://electroparb-cdnnet/rails/active_storage/representations/proxy/eyJfcmFpbHMiOnsibWVzc2FnZSI6IkJBaHBBOThmQWc9PSIsImV4cCI6bnVsbCwicHVyIjoiYmxvYl9pZCJ9fQ==--6547097200a036ca628c1532c9569c8679fd8258/eyJfcmFpbHMiOnsibWVzc2FnZSI6IkJBaDdCem9MWm05eWJXRjBTU0lJYW5CbkJqb0dSVlE2RTNKbGMybDZaVjloYm1SZmNHRmtXd2RwQWl3QmFRSXNBUT09IiwiZXhwIjpudWxsLCJwdXIiOiJ2YXJpYXRpb24ifX0=--6cb9da79ecc04d7c8e10b3563f9294560e1bfed2/127674jpg,/opt/odoo/odoo8084/electropar_images/ESLINGA_DE_CINTA_2TONX2MX50MM_-_WADFOWjpg
JUEGO DE PINCELES DE ARTISTA (5 PZS) - WADFOW,9700,https://electroparb-cdnnet/rails/active_storage/representations/proxy/eyJfcmFpbHMiOnsibWVzc2FnZSI6IkJBaHBBK1lmQWc9PSIsImV4cCI6bnVsbCwicHVyIjoiYmxvYl9pZCJ9fQ==--001815bfd7e6eba4feb5f9e749dab8dcd7f36f2a/eyJfcmFpbHMiOnsibWVzc2FnZSI6IkJBaDdCem9MWm05eWJXRjBTU0lJYW5CbkJqb0dSVlE2RTNKbGMybDZaVjloYm1SZmNHRmtXd2RwQWl3QmFRSXNBUT09IiwiZXhwIjpudWxsLCJwdXIiOiJ2YXJpYXRpb24ifX0=--6cb9da79ecc04d7c8e10b3563f9294560e1bfed2/127676jpg,/opt/odoo/odoo8084/electropar_images/JUEGO_DE_PINCELES_DE_ARTISTA__5_PZS__-_WADFOWjpg
JUEGO DE PINCELES DE ARTISTA (10 PZS) - WADFOW,21100,https://electroparb-cdnnet/rails/active_storage/representations/proxy/eyJfcmFpbHMiOnsibWVzc2FnZSI6IkJBaHBBK2dmQWc9PSIsImV4cCI6bnVsbCwicHVyIjoiYmxvYl9pZCJ9fQ==--74717e2013ca2f5da42cf1ac26bbd5ed09d46add/eyJfcmFpbHMiOnsibWVzc2FnZSI6IkJBaDdCem9MWm05eWJXRjBTU0lJYW5CbkJqb0dSVlE2RTNKbGMybDZaVjloYm1SZmNHRmtXd2RwQWl3QmFRSXNBUT09IiwiZXhwIjpudWxsLCJwdXIiOiJ2YXJpYXRpb24ifX0=--6cb9da79ecc04d7c8e10b3563f9294560e1bfed2/127677jpg,/opt/odoo/odoo8084/electropar_images/JUEGO_DE_PINCELES_DE_ARTISTA__10_PZS__-_WADFOWjpg
JUEGO DE TORNILLOS ROSCADOS (164 PZS) - WADFOW,12200,https://electroparb-cdnnet/rails/active_storage/representations/proxy/eyJfcmFpbHMiOnsibWVzc2FnZSI6IkJBaHBBL1VmQWc9PSIsImV4cCI6bnVsbCwicHVyIjoiYmxvYl9pZCJ9fQ==--15335b6bdfdc9ee66815f9ed73dd972c9817ef78/eyJfcmFpbHMiOnsibWVzc2FnZSI6IkJBaDdCem9MWm05eWJXRjBTU0lJYW5CbkJqb0dSVlE2RTNKbGMybDZaVjloYm1SZmNHRmtXd2RwQWl3QmFRSXNBUT09IiwiZXhwIjpudWxsLCJwdXIiOiJ2YXJpYXRpb24ifX0=--6cb9da79ecc04d7c8e10b3563f9294560e1bfed2/127681jpg,/opt/odoo/odoo8084/electropar_images/JUEGO_DE_TORNILLOS_ROSCADOS__164_PZS__-_WADFOWjpg
JUEGO DE TORNILLOS AUTORROSCANTES DE CABEZA AVELLANADA,12200,https://electroparb-cdnnet/rails/active_storage/representations/proxy/eyJfcmFpbHMiOnsibWVzc2FnZSI6IkJBaHBBL1lmQWc9PSIsImV4cCI6bnVsbCwicHVyIjoiYmxvYl9pZCJ9fQ==--b89d1d92e3147f6e8377790e056ce6e3ebd78a58/eyJfcmFpbHMiOnsibWVzc2FnZSI6IkJBaDdCem9MWm05eWJXRjBTU0lJYW5CbkJqb0dSVlE2RTNKbGMybDZaVjloYm1SZmNHRmtXd2RwQWl3QmFRSXNBUT09IiwiZXhwIjpudWxsLCJwdXIiOiJ2YXJpYXRpb24ifX0=--6cb9da79ecc04d7c8e10b3563f9294560e1bfed2/127682jpg,/opt/odoo/odoo8084/electropar_images/JUEGO_DE_TORNILLOS_AUTORROSCANTES_DE_CABEZA_AVELLANADAjpg
TORNILLOS PARA MADERA AGLOMERADA C/ ANCLAJES (120 PZS) -,14900,https://electroparb-cdnnet/rails/active_storage/representations/proxy/eyJfcmFpbHMiOnsibWVzc2FnZSI6IkJBaHBBL2NmQWc9PSIsImV4cCI6bnVsbCwicHVyIjoiYmxvYl9pZCJ9fQ==--f0154d28869c04ad1b2c14f2a95f82abb37439c3/eyJfcmFpbHMiOnsibWVzc2FnZSI6IkJBaDdCem9MWm05eWJXRjBTU0lJYW5CbkJqb0dSVlE2RTNKbGMybDZaVjloYm1SZmNHRmtXd2RwQWl3QmFRSXNBUT09IiwiZXhwIjpudWxsLCJwdXIiOiJ2YXJpYXRpb24ifX0=--6cb9da79ecc04d7c8e10b3563f9294560e1bfed2/127683jpg,/opt/odoo/odoo8084/electropar_images/TORNILLOS_PARA_MADERA_AGLOMERADA_C__ANCLAJES__120_PZS__-jpg
TORNILLOS PARA MADERA AGLOMERADA DE CABEZA REDONDA CON,9900,https://electroparb-cdnnet/rails/active_storage/representations/proxy/eyJfcmFpbHMiOnsibWVzc2FnZSI6IkJBaHBBL3dmQWc9PSIsImV4cCI6bnVsbCwicHVyIjoiYmxvYl9pZCJ9fQ==--b7ff9ae8a6d58abc9797f12ed28e86ba0a2b6848/eyJfcmFpbHMiOnsibWVzc2FnZSI6IkJBaDdCem9MWm05eWJXRjBTU0lJYW5CbkJqb0dSVlE2RTNKbGMybDZaVjloYm1SZmNHRmtXd2RwQWl3QmFRSXNBUT09IiwiZXhwIjpudWxsLCJwdXIiOiJ2YXJpYXRpb24ifX0=--6cb9da79ecc04d7c8e10b3563f9294560e1bfed2/127685jpg,/opt/odoo/odoo8084/electropar_images/TORNILLOS_PARA_MADERA_AGLOMERADA_DE_CABEZA_REDONDA_CONjpg
BISAGRA LATÓN 75X75X14MM (2 PZS) - WADFOW,11300,https://electroparb-cdnnet/rails/active_storage/representations/proxy/eyJfcmFpbHMiOnsibWVzc2FnZSI6IkJBaHBBLzBmQWc9PSIsImV4cCI6bnVsbCwicHVyIjoiYmxvYl9pZCJ9fQ==--60d5fb3ab9ab6b742de790ee40c72af3d42f7f6f/eyJfcmFpbHMiOnsibWVzc2FnZSI6IkJBaDdCem9MWm05eWJXRjBTU0lJYW5CbkJqb0dSVlE2RTNKbGMybDZaVjloYm1SZmNHRmtXd2RwQWl3QmFRSXNBUT09IiwiZXhwIjpudWxsLCJwdXIiOiJ2YXJpYXRpb24ifX0=--6cb9da79ecc04d7c8e10b3563f9294560e1bfed2/127686jpg,/opt/odoo/odoo8084/electropar_images/BISAGRA_LAT_N_75X75X14MM__2_PZS__-_WADFOWjpg
BISAGRA LATÓN 90X90X14MM (2 PZS) - WADFOW,13900,https://electroparb-cdnnet/rails/active_storage/representations/proxy/eyJfcmFpbHMiOnsibWVzc2FnZSI6IkJBaHBBLzhmQWc9PSIsImV4cCI6bnVsbCwicHVyIjoiYmxvYl9pZCJ9fQ==--1fc6460a26238863b08f17627993cd08f7e5b8da/eyJfcmFpbHMiOnsibWVzc2FnZSI6IkJBaDdCem9MWm05eWJXRjBTU0lJYW5CbkJqb0dSVlE2RTNKbGMybDZaVjloYm1SZmNHRmtXd2RwQWl3QmFRSXNBUT09IiwiZXhwIjpudWxsLCJwdXIiOiJ2YXJpYXRpb24ifX0=--6cb9da79ecc04d7c8e10b3563f9294560e1bfed2/127687jpg,/opt/odoo/odoo8084/electropar_images/BISAGRA_LAT_N_90X90X14MM__2_PZS__-_WADFOWjpg
BISAGRA LATÓN 100X100X14MM (2 PZS) - WADFOW,16800,https://electroparb-cdnnet/rails/active_storage/representations/proxy/eyJfcmFpbHMiOnsibWVzc2FnZSI6IkJBaHBBd0VnQWc9PSIsImV4cCI6bnVsbCwicHVyIjoiYmxvYl9pZCJ9fQ==--c7039211ee7ef92337da6d1c31260176c13730e5/eyJfcmFpbHMiOnsibWVzc2FnZSI6IkJBaDdCem9MWm05eWJXRjBTU0lJYW5CbkJqb0dSVlE2RTNKbGMybDZaVjloYm1SZmNHRmtXd2RwQWl3QmFRSXNBUT09IiwiZXhwIjpudWxsLCJwdXIiOiJ2YXJpYXRpb24ifX0=--6cb9da79ecc04d7c8e10b3563f9294560e1bfed2/127688jpg,/opt/odoo/odoo8084/electropar_images/BISAGRA_LAT_N_100X100X14MM__2_PZS__-_WADFOWjpg
BISAGRA NIQUELADO 75X75X14MM (2 PZS) - WADFOW,12300,https://electroparb-cdnnet/rails/active_storage/representations/proxy/eyJfcmFpbHMiOnsibWVzc2FnZSI6IkJBaHBBd0lnQWc9PSIsImV4cCI6bnVsbCwicHVyIjoiYmxvYl9pZCJ9fQ==--4b8751e73e8fb3d060c55d169d597df5d6a7081e/eyJfcmFpbHMiOnsibWVzc2FnZSI6IkJBaDdCem9MWm05eWJXRjBTU0lJYW5CbkJqb0dSVlE2RTNKbGMybDZaVjloYm1SZmNHRmtXd2RwQWl3QmFRSXNBUT09IiwiZXhwIjpudWxsLCJwdXIiOiJ2YXJpYXRpb24ifX0=--6cb9da79ecc04d7c8e10b3563f9294560e1bfed2/127689jpg,/opt/odoo/odoo8084/electropar_images/BISAGRA_NIQUELADO_75X75X14MM__2_PZS__-_WADFOWjpg
BISAGRA NIQUELADO 90X90X14MM (2 PZS) - WADFOW,14400,https://electroparb-cdnnet/rails/active_storage/representations/proxy/eyJfcmFpbHMiOnsibWVzc2FnZSI6IkJBaHBBd01nQWc9PSIsImV4cCI6bnVsbCwicHVyIjoiYmxvYl9pZCJ9fQ==--e945bd8bd155a40d9d499b93c92dc7f2663e8631/eyJfcmFpbHMiOnsibWVzc2FnZSI6IkJBaDdCem9MWm05eWJXRjBTU0lJYW5CbkJqb0dSVlE2RTNKbGMybDZaVjloYm1SZmNHRmtXd2RwQWl3QmFRSXNBUT09IiwiZXhwIjpudWxsLCJwdXIiOiJ2YXJpYXRpb24ifX0=--6cb9da79ecc04d7c8e10b3563f9294560e1bfed2/127690jpg,/opt/odoo/odoo8084/electropar_images/BISAGRA_NIQUELADO_90X90X14MM__2_PZS__-_WADFOWjpg
BISAGRA NIQUELADO 100X100X14MM (2 PZS) - WADFOW,17200,https://electroparb-cdnnet/rails/active_storage/representations/proxy/eyJfcmFpbHMiOnsibWVzc2FnZSI6IkJBaHBBd1lnQWc9PSIsImV4cCI6bnVsbCwicHVyIjoiYmxvYl9pZCJ9fQ==--6d92b7f1cc29c94479b957872092f3f17210cbe7/eyJfcmFpbHMiOnsibWVzc2FnZSI6IkJBaDdCem9MWm05eWJXRjBTU0lJYW5CbkJqb0dSVlE2RTNKbGMybDZaVjloYm1SZmNHRmtXd2RwQWl3QmFRSXNBUT09IiwiZXhwIjpudWxsLCJwdXIiOiJ2YXJpYXRpb24ifX0=--6cb9da79ecc04d7c8e10b3563f9294560e1bfed2/127691jpg,/opt/odoo/odoo8084/electropar_images/BISAGRA_NIQUELADO_100X100X14MM__2_PZS__-_WADFOWjpg
BISAGRA LATÓN 75X75X2MM (2 PZS) - WADFOW,14200,https://electroparb-cdnnet/rails/active_storage/representations/proxy/eyJfcmFpbHMiOnsibWVzc2FnZSI6IkJBaHBBd2NnQWc9PSIsImV4cCI6bnVsbCwicHVyIjoiYmxvYl9pZCJ9fQ==--5f4d7d8c47c77ec6d30cb86bb6ac71579730b10c/eyJfcmFpbHMiOnsibWVzc2FnZSI6IkJBaDdCem9MWm05eWJXRjBTU0lJYW5CbkJqb0dSVlE2RTNKbGMybDZaVjloYm1SZmNHRmtXd2RwQWl3QmFRSXNBUT09IiwiZXhwIjpudWxsLCJwdXIiOiJ2YXJpYXRpb24ifX0=--6cb9da79ecc04d7c8e10b3563f9294560e1bfed2/127692jpg,/opt/odoo/odoo8084/electropar_images/BISAGRA_LAT_N_75X75X2MM__2_PZS__-_WADFOWjpg
BISAGRA LATÓN 90X90X2MM (2 PZS) - WADFOW,18000,https://electroparb-cdnnet/rails/active_storage/representations/proxy/eyJfcmFpbHMiOnsibWVzc2FnZSI6IkJBaHBBd2dnQWc9PSIsImV4cCI6bnVsbCwicHVyIjoiYmxvYl9pZCJ9fQ==--c4ea4e7c8558c312554a7543a6a71b694acbbe19/eyJfcmFpbHMiOnsibWVzc2FnZSI6IkJBaDdCem9MWm05eWJXRjBTU0lJYW5CbkJqb0dSVlE2RTNKbGMybDZaVjloYm1SZmNHRmtXd2RwQWl3QmFRSXNBUT09IiwiZXhwIjpudWxsLCJwdXIiOiJ2YXJpYXRpb24ifX0=--6cb9da79ecc04d7c8e10b3563f9294560e1bfed2/127693jpg,/opt/odoo/odoo8084/electropar_images/BISAGRA_LAT_N_90X90X2MM__2_PZS__-_WADFOWjpg
BISAGRA LATÓN 100X100X25MM (2 PZS) - WADFOW,18700,https://electroparb-cdnnet/rails/active_storage/representations/proxy/eyJfcmFpbHMiOnsibWVzc2FnZSI6IkJBaHBBd3NnQWc9PSIsImV4cCI6bnVsbCwicHVyIjoiYmxvYl9pZCJ9fQ==--8ba059b133435ec6b743c9008344588e6d8109a0/eyJfcmFpbHMiOnsibWVzc2FnZSI6IkJBaDdCem9MWm05eWJXRjBTU0lJYW5CbkJqb0dSVlE2RTNKbGMybDZaVjloYm1SZmNHRmtXd2RwQWl3QmFRSXNBUT09IiwiZXhwIjpudWxsLCJwdXIiOiJ2YXJpYXRpb24ifX0=--6cb9da79ecc04d7c8e10b3563f9294560e1bfed2/127694jpg,/opt/odoo/odoo8084/electropar_images/BISAGRA_LAT_N_100X100X25MM__2_PZS__-_WADFOWjpg
BISAGRA NIQUELADO 3X3X20MM (2 PZS) - WADFOW,14400,https://electroparb-cdnnet/rails/active_storage/representations/proxy/eyJfcmFpbHMiOnsibWVzc2FnZSI6IkJBaHBBdzRnQWc9PSIsImV4cCI6bnVsbCwicHVyIjoiYmxvYl9pZCJ9fQ==--ffac878318fd0554534b4812ac7f99b63d153f1b/eyJfcmFpbHMiOnsibWVzc2FnZSI6IkJBaDdCem9MWm05eWJXRjBTU0lJYW5CbkJqb0dSVlE2RTNKbGMybDZaVjloYm1SZmNHRmtXd2RwQWl3QmFRSXNBUT09IiwiZXhwIjpudWxsLCJwdXIiOiJ2YXJpYXRpb24ifX0=--6cb9da79ecc04d7c8e10b3563f9294560e1bfed2/127695jpg,/opt/odoo/odoo8084/electropar_images/BISAGRA_NIQUELADO_3X3X20MM__2_PZS__-_WADFOWjpg
BISAGRA NIQUELADO 90X90X2MM (2 PZS) - WADFOW,18000,https://electroparb-cdnnet/rails/active_storage/representations/proxy/eyJfcmFpbHMiOnsibWVzc2FnZSI6IkJBaHBBeEVnQWc9PSIsImV4cCI6bnVsbCwicHVyIjoiYmxvYl9pZCJ9fQ==--ca479cee78f47d93086dc4676d1cdd8c065af597/eyJfcmFpbHMiOnsibWVzc2FnZSI6IkJBaDdCem9MWm05eWJXRjBTU0lJYW5CbkJqb0dSVlE2RTNKbGMybDZaVjloYm1SZmNHRmtXd2RwQWl3QmFRSXNBUT09IiwiZXhwIjpudWxsLCJwdXIiOiJ2YXJpYXRpb24ifX0=--6cb9da79ecc04d7c8e10b3563f9294560e1bfed2/127696jpg,/opt/odoo/odoo8084/electropar_images/BISAGRA_NIQUELADO_90X90X2MM__2_PZS__-_WADFOWjpg
BISAGRA NIQUELADO 100X100X25MM (2 PZS) - WADFOW,18800,https://electroparb-cdnnet/rails/active_storage/representations/proxy/eyJfcmFpbHMiOnsibWVzc2FnZSI6IkJBaHBBeFFnQWc9PSIsImV4cCI6bnVsbCwicHVyIjoiYmxvYl9pZCJ9fQ==--0e60197cc70e8b1b9e77decf4f17eaed5c3050f5/eyJfcmFpbHMiOnsibWVzc2FnZSI6IkJBaDdCem9MWm05eWJXRjBTU0lJYW5CbkJqb0dSVlE2RTNKbGMybDZaVjloYm1SZmNHRmtXd2RwQWl3QmFRSXNBUT09IiwiZXhwIjpudWxsLCJwdXIiOiJ2YXJpYXRpb24ifX0=--6cb9da79ecc04d7c8e10b3563f9294560e1bfed2/127697jpg,/opt/odoo/odoo8084/electropar_images/BISAGRA_NIQUELADO_100X100X25MM__2_PZS__-_WADFOWjpg
SOPORTE DE REPISA 10X12CM - WADFOW,1700,https://electroparb-cdnnet/rails/active_storage/representations/proxy/eyJfcmFpbHMiOnsibWVzc2FnZSI6IkJBaHBBeHNnQWc9PSIsImV4cCI6bnVsbCwicHVyIjoiYmxvYl9pZCJ9fQ==--c408424e786638760314c79a063fd70a32a1965c/eyJfcmFpbHMiOnsibWVzc2FnZSI6IkJBaDdCem9MWm05eWJXRjBTU0lJYW5CbkJqb0dSVlE2RTNKbGMybDZaVjloYm1SZmNHRmtXd2RwQWl3QmFRSXNBUT09IiwiZXhwIjpudWxsLCJwdXIiOiJ2YXJpYXRpb24ifX0=--6cb9da79ecc04d7c8e10b3563f9294560e1bfed2/127700jpg,/opt/odoo/odoo8084/electropar_images/SOPORTE_DE_REPISA_10X12CM_-_WADFOWjpg
SOPORTE DE REPISA 12X15CM - WADFOW,1900,https://electroparb-cdnnet/rails/active_storage/representations/proxy/eyJfcmFpbHMiOnsibWVzc2FnZSI6IkJBaHBBeHdnQWc9PSIsImV4cCI6bnVsbCwicHVyIjoiYmxvYl9pZCJ9fQ==--5b8a898e60865e713b9ded866109f1348fed7030/eyJfcmFpbHMiOnsibWVzc2FnZSI6IkJBaDdCem9MWm05eWJXRjBTU0lJYW5CbkJqb0dSVlE2RTNKbGMybDZaVjloYm1SZmNHRmtXd2RwQWl3QmFRSXNBUT09IiwiZXhwIjpudWxsLCJwdXIiOiJ2YXJpYXRpb24ifX0=--6cb9da79ecc04d7c8e10b3563f9294560e1bfed2/127701jpg,/opt/odoo/odoo8084/electropar_images/SOPORTE_DE_REPISA_12X15CM_-_WADFOWjpg
SOPORTE DE REPISA 20X25CM - WADFOW,3400,https://electroparb-cdnnet/rails/active_storage/representations/proxy/eyJfcmFpbHMiOnsibWVzc2FnZSI6IkJBaHBBeDhnQWc9PSIsImV4cCI6bnVsbCwicHVyIjoiYmxvYl9pZCJ9fQ==--142b2b4b3fd9fd81cf8f1f6c2ca8fe10e8db196e/eyJfcmFpbHMiOnsibWVzc2FnZSI6IkJBaDdCem9MWm05eWJXRjBTU0lJYW5CbkJqb0dSVlE2RTNKbGMybDZaVjloYm1SZmNHRmtXd2RwQWl3QmFRSXNBUT09IiwiZXhwIjpudWxsLCJwdXIiOiJ2YXJpYXRpb24ifX0=--6cb9da79ecc04d7c8e10b3563f9294560e1bfed2/127703jpg,/opt/odoo/odoo8084/electropar_images/SOPORTE_DE_REPISA_20X25CM_-_WADFOWjpg
SOPORTE DE REPISA 25X30CM - WADFOW,5000,https://electroparb-cdnnet/rails/active_storage/representations/proxy/eyJfcmFpbHMiOnsibWVzc2FnZSI6IkJBaHBBeUFnQWc9PSIsImV4cCI6bnVsbCwicHVyIjoiYmxvYl9pZCJ9fQ==--e029e593396a73f238679ea5f5e74fc89026c378/eyJfcmFpbHMiOnsibWVzc2FnZSI6IkJBaDdCem9MWm05eWJXRjBTU0lJYW5CbkJqb0dSVlE2RTNKbGMybDZaVjloYm1SZmNHRmtXd2RwQWl3QmFRSXNBUT09IiwiZXhwIjpudWxsLCJwdXIiOiJ2YXJpYXRpb24ifX0=--6cb9da79ecc04d7c8e10b3563f9294560e1bfed2/127704jpg,/opt/odoo/odoo8084/electropar_images/SOPORTE_DE_REPISA_25X30CM_-_WADFOWjpg
SOPORTE DE REPISA REFORZADOS 20X12CM (2MM) - WADFOW,5300,https://electroparb-cdnnet/rails/active_storage/representations/proxy/eyJfcmFpbHMiOnsibWVzc2FnZSI6IkJBaHBBeU1nQWc9PSIsImV4cCI6bnVsbCwicHVyIjoiYmxvYl9pZCJ9fQ==--2ab12d4ffaee9908e1e9e11c8762dc8f0b5a0387/eyJfcmFpbHMiOnsibWVzc2FnZSI6IkJBaDdCem9MWm05eWJXRjBTU0lJYW5CbkJqb0dSVlE2RTNKbGMybDZaVjloYm1SZmNHRmtXd2RwQWl3QmFRSXNBUT09IiwiZXhwIjpudWxsLCJwdXIiOiJ2YXJpYXRpb24ifX0=--6cb9da79ecc04d7c8e10b3563f9294560e1bfed2/127706jpg,/opt/odoo/odoo8084/electropar_images/SOPORTE_DE_REPISA_REFORZADOS_20X12CM__2MM__-_WADFOWjpg
SOPORTE DE REPISA REFORZADOS 25X16CM (2MM) - WADFOW,6600,https://electroparb-cdnnet/rails/active_storage/representations/proxy/eyJfcmFpbHMiOnsibWVzc2FnZSI6IkJBaHBBeVVnQWc9PSIsImV4cCI6bnVsbCwicHVyIjoiYmxvYl9pZCJ9fQ==--ed9caf2d6d8024045666ed032aa40902cf3d9e73/eyJfcmFpbHMiOnsibWVzc2FnZSI6IkJBaDdCem9MWm05eWJXRjBTU0lJYW5CbkJqb0dSVlE2RTNKbGMybDZaVjloYm1SZmNHRmtXd2RwQWl3QmFRSXNBUT09IiwiZXhwIjpudWxsLCJwdXIiOiJ2YXJpYXRpb24ifX0=--6cb9da79ecc04d7c8e10b3563f9294560e1bfed2/127707jpg,/opt/odoo/odoo8084/electropar_images/SOPORTE_DE_REPISA_REFORZADOS_25X16CM__2MM__-_WADFOWjpg
SOPORTE DE REPISA REFORZADOS 30X19CM (2MM) - WADFOW,8000,https://electroparb-cdnnet/rails/active_storage/representations/proxy/eyJfcmFpbHMiOnsibWVzc2FnZSI6IkJBaHBBeVlnQWc9PSIsImV4cCI6bnVsbCwicHVyIjoiYmxvYl9pZCJ9fQ==--35d13cf2b061d5c9a3851cd701d768a90ae3104d/eyJfcmFpbHMiOnsibWVzc2FnZSI6IkJBaDdCem9MWm05eWJXRjBTU0lJYW5CbkJqb0dSVlE2RTNKbGMybDZaVjloYm1SZmNHRmtXd2RwQWl3QmFRSXNBUT09IiwiZXhwIjpudWxsLCJwdXIiOiJ2YXJpYXRpb24ifX0=--6cb9da79ecc04d7c8e10b3563f9294560e1bfed2/127708jpg,/opt/odoo/odoo8084/electropar_images/SOPORTE_DE_REPISA_REFORZADOS_30X19CM__2MM__-_WADFOWjpg
SOPORTE DE REPISA REFORZADOS 40X25CM (2MM) - WADFOW,13900,https://electroparb-cdnnet/rails/active_storage/representations/proxy/eyJfcmFpbHMiOnsibWVzc2FnZSI6IkJBaHBBeWdnQWc9PSIsImV4cCI6bnVsbCwicHVyIjoiYmxvYl9pZCJ9fQ==--1b2671eabfbac47a234b7119c70a86ded9e435a1/eyJfcmFpbHMiOnsibWVzc2FnZSI6IkJBaDdCem9MWm05eWJXRjBTU0lJYW5CbkJqb0dSVlE2RTNKbGMybDZaVjloYm1SZmNHRmtXd2RwQWl3QmFRSXNBUT09IiwiZXhwIjpudWxsLCJwdXIiOiJ2YXJpYXRpb24ifX0=--6cb9da79ecc04d7c8e10b3563f9294560e1bfed2/127709jpg,/opt/odoo/odoo8084/electropar_images/SOPORTE_DE_REPISA_REFORZADOS_40X25CM__2MM__-_WADFOWjpg
CUCHILLA PARA CORTADORA DE AZULEJOS - THT576004 - TOTAL,22000,https://electroparb-cdnnet/rails/active_storage/representations/proxy/eyJfcmFpbHMiOnsibWVzc2FnZSI6IkJBaHBBemxEQVE9PSIsImV4cCI6bnVsbCwicHVyIjoiYmxvYl9pZCJ9fQ==--37336fd22dc5e43c09e75a7dd0216f5198cbf3b5/eyJfcmFpbHMiOnsibWVzc2FnZSI6IkJBaDdCem9MWm05eWJXRjBTU0lJY0c1bkJqb0dSVlE2RTNKbGMybDZaVjloYm1SZmNHRmtXd2RwQWl3QmFRSXNBUT09IiwiZXhwIjpudWxsLCJwdXIiOiJ2YXJpYXRpb24ifX0=--fa23aa9ec7952f6a86cb111d4c220324ce1e4514/128806png,/opt/odoo/odoo8084/electropar_images/CUCHILLA_PARA_CORTADORA_DE_AZULEJOS_-_THT576004_-_TOTALpng
JUEGO DE HERRAMIENTAS PARA CERÁMICA - TOTAL,430500,https://electroparb-cdnnet/rails/active_storage/representations/proxy/eyJfcmFpbHMiOnsibWVzc2FnZSI6IkJBaHBBd0lkQWc9PSIsImV4cCI6bnVsbCwicHVyIjoiYmxvYl9pZCJ9fQ==--d96d0f46428a9e4c97b0ba9546afcceeac1398c4/eyJfcmFpbHMiOnsibWVzc2FnZSI6IkJBaDdCem9MWm05eWJXRjBTU0lJYW5CbkJqb0dSVlE2RTNKbGMybDZaVjloYm1SZmNHRmtXd2RwQWl3QmFRSXNBUT09IiwiZXhwIjpudWxsLCJwdXIiOiJ2YXJpYXRpb24ifX0=--6cb9da79ecc04d7c8e10b3563f9294560e1bfed2/127180jpg,/opt/odoo/odoo8084/electropar_images/JUEGO_DE_HERRAMIENTAS_PARA_CER_MICA_-_TOTALjpg
CINTA AISLADORA 915M (ESPESOR 013MM)  - TOTAL,3500,https://electroparb-cdnnet/rails/active_storage/representations/proxy/eyJfcmFpbHMiOnsibWVzc2FnZSI6IkJBaHBBd1lkQWc9PSIsImV4cCI6bnVsbCwicHVyIjoiYmxvYl9pZCJ9fQ==--68398ee37be4e331d6ecd9da7191de5a97985e56/eyJfcmFpbHMiOnsibWVzc2FnZSI6IkJBaDdCem9MWm05eWJXRjBTU0lJYW5CbkJqb0dSVlE2RTNKbGMybDZaVjloYm1SZmNHRmtXd2RwQWl3QmFRSXNBUT09IiwiZXhwIjpudWxsLCJwdXIiOiJ2YXJpYXRpb24ifX0=--6cb9da79ecc04d7c8e10b3563f9294560e1bfed2/127186jpg,/opt/odoo/odoo8084/electropar_images/CINTA_AISLADORA_915M__ESPESOR_013MM___-_TOTALjpg
PORTACANDADO  15PULG - TOTAL,5800,https://electroparb-cdnnet/rails/active_storage/representations/proxy/eyJfcmFpbHMiOnsibWVzc2FnZSI6IkJBaHBBdzBkQWc9PSIsImV4cCI6bnVsbCwicHVyIjoiYmxvYl9pZCJ9fQ==--67c1a72956c69336f4e50b4c894f1a9d42b0f3a8/eyJfcmFpbHMiOnsibWVzc2FnZSI6IkJBaDdCem9MWm05eWJXRjBTU0lJYW5CbkJqb0dSVlE2RTNKbGMybDZaVjloYm1SZmNHRmtXd2RwQWl3QmFRSXNBUT09IiwiZXhwIjpudWxsLCJwdXIiOiJ2YXJpYXRpb24ifX0=--6cb9da79ecc04d7c8e10b3563f9294560e1bfed2/127191jpg,/opt/odoo/odoo8084/electropar_images/PORTACANDADO__15PULG_-_TOTALjpg
PORTACANDADO  25PULG - TOTAL,7900,https://electroparb-cdnnet/rails/active_storage/representations/proxy/eyJfcmFpbHMiOnsibWVzc2FnZSI6IkJBaHBBdzhkQWc9PSIsImV4cCI6bnVsbCwicHVyIjoiYmxvYl9pZCJ9fQ==--60ef723a4479124b1b3b1c9c7cc9597727e52972/eyJfcmFpbHMiOnsibWVzc2FnZSI6IkJBaDdCem9MWm05eWJXRjBTU0lJYW5CbkJqb0dSVlE2RTNKbGMybDZaVjloYm1SZmNHRmtXd2RwQWl3QmFRSXNBUT09IiwiZXhwIjpudWxsLCJwdXIiOiJ2YXJpYXRpb24ifX0=--6cb9da79ecc04d7c8e10b3563f9294560e1bfed2/127192jpg,/opt/odoo/odoo8084/electropar_images/PORTACANDADO__25PULG_-_TOTALjpg
PORTACANDADO  35PULG - TOTAL,14100,https://electroparb-cdnnet/rails/active_storage/representations/proxy/eyJfcmFpbHMiOnsibWVzc2FnZSI6IkJBaHBBeEFkQWc9PSIsImV4cCI6bnVsbCwicHVyIjoiYmxvYl9pZCJ9fQ==--34e67a3871acd32585aa7d216877c465a34ce41b/eyJfcmFpbHMiOnsibWVzc2FnZSI6IkJBaDdCem9MWm05eWJXRjBTU0lJYW5CbkJqb0dSVlE2RTNKbGMybDZaVjloYm1SZmNHRmtXd2RwQWl3QmFRSXNBUT09IiwiZXhwIjpudWxsLCJwdXIiOiJ2YXJpYXRpb24ifX0=--6cb9da79ecc04d7c8e10b3563f9294560e1bfed2/127193jpg,/opt/odoo/odoo8084/electropar_images/PORTACANDADO__35PULG_-_TOTALjpg
PORTACANDADO  45PULG - TOTAL,15901,https://electroparb-cdnnet/rails/active_storage/representations/proxy/eyJfcmFpbHMiOnsibWVzc2FnZSI6IkJBaHBBeElkQWc9PSIsImV4cCI6bnVsbCwicHVyIjoiYmxvYl9pZCJ9fQ==--b691453efde5ef490c8a5bdee5e1b607ec08890b/eyJfcmFpbHMiOnsibWVzc2FnZSI6IkJBaDdCem9MWm05eWJXRjBTU0lJYW5CbkJqb0dSVlE2RTNKbGMybDZaVjloYm1SZmNHRmtXd2RwQWl3QmFRSXNBUT09IiwiZXhwIjpudWxsLCJwdXIiOiJ2YXJpYXRpb24ifX0=--6cb9da79ecc04d7c8e10b3563f9294560e1bfed2/127194jpg,/opt/odoo/odoo8084/electropar_images/PORTACANDADO__45PULG_-_TOTALjpg
PORTACANDADO  55PULG - TOTAL,19201,https://electroparb-cdnnet/rails/active_storage/representations/proxy/eyJfcmFpbHMiOnsibWVzc2FnZSI6IkJBaHBBeE1kQWc9PSIsImV4cCI6bnVsbCwicHVyIjoiYmxvYl9pZCJ9fQ==--e5f7665ca4a5772de3992b77c1248d3115109f56/eyJfcmFpbHMiOnsibWVzc2FnZSI6IkJBaDdCem9MWm05eWJXRjBTU0lJYW5CbkJqb0dSVlE2RTNKbGMybDZaVjloYm1SZmNHRmtXd2RwQWl3QmFRSXNBUT09IiwiZXhwIjpudWxsLCJwdXIiOiJ2YXJpYXRpb24ifX0=--6cb9da79ecc04d7c8e10b3563f9294560e1bfed2/127195jpg,/opt/odoo/odoo8084/electropar_images/PORTACANDADO__55PULG_-_TOTALjpg
SARGENTO G 75MM - TOTAL,44300,https://electroparb-cdnnet/rails/active_storage/representations/proxy/eyJfcmFpbHMiOnsibWVzc2FnZSI6IkJBaHBBMUlkQWc9PSIsImV4cCI6bnVsbCwicHVyIjoiYmxvYl9pZCJ9fQ==--472177d0ebabb0ea31d377663d527e68867de340/eyJfcmFpbHMiOnsibWVzc2FnZSI6IkJBaDdCem9MWm05eWJXRjBTU0lJYW5CbkJqb0dSVlE2RTNKbGMybDZaVjloYm1SZmNHRmtXd2RwQWl3QmFRSXNBUT09IiwiZXhwIjpudWxsLCJwdXIiOiJ2YXJpYXRpb24ifX0=--6cb9da79ecc04d7c8e10b3563f9294560e1bfed2/127224jpg,/opt/odoo/odoo8084/electropar_images/SARGENTO_G_75MM_-_TOTALjpg
SARGENTO G 100MM - TOTAL,49400,https://electroparb-cdnnet/rails/active_storage/representations/proxy/eyJfcmFpbHMiOnsibWVzc2FnZSI6IkJBaHBBMU1kQWc9PSIsImV4cCI6bnVsbCwicHVyIjoiYmxvYl9pZCJ9fQ==--c27b2d77b9a4ca409a8691e7484d8bf506efb7e6/eyJfcmFpbHMiOnsibWVzc2FnZSI6IkJBaDdCem9MWm05eWJXRjBTU0lJYW5CbkJqb0dSVlE2RTNKbGMybDZaVjloYm1SZmNHRmtXd2RwQWl3QmFRSXNBUT09IiwiZXhwIjpudWxsLCJwdXIiOiJ2YXJpYXRpb24ifX0=--6cb9da79ecc04d7c8e10b3563f9294560e1bfed2/127225jpg,/opt/odoo/odoo8084/electropar_images/SARGENTO_G_100MM_-_TOTALjpg
SARGENTO F CON MANGO DE PLÁSTICO 50X200MM - TOTAL,33600,https://electroparb-cdnnet/rails/active_storage/representations/proxy/eyJfcmFpbHMiOnsibWVzc2FnZSI6IkJBaHBBMVFkQWc9PSIsImV4cCI6bnVsbCwicHVyIjoiYmxvYl9pZCJ9fQ==--03916d7dc0c5767e5d88a3245edb18f23f6a724a/eyJfcmFpbHMiOnsibWVzc2FnZSI6IkJBaDdCem9MWm05eWJXRjBTU0lJYW5CbkJqb0dSVlE2RTNKbGMybDZaVjloYm1SZmNHRmtXd2RwQWl3QmFRSXNBUT09IiwiZXhwIjpudWxsLCJwdXIiOiJ2YXJpYXRpb24ifX0=--6cb9da79ecc04d7c8e10b3563f9294560e1bfed2/127226jpg,/opt/odoo/odoo8084/electropar_images/SARGENTO_F_CON_MANGO_DE_PL_STICO_50X200MM_-_TOTALjpg
PRENSA DE RESORTE 100MM - TOTAL,7500,https://electroparb-cdnnet/rails/active_storage/representations/proxy/eyJfcmFpbHMiOnsibWVzc2FnZSI6IkJBaHBBMW9kQWc9PSIsImV4cCI6bnVsbCwicHVyIjoiYmxvYl9pZCJ9fQ==--c7b66688331997a42fea3e2c553e521387cbebc8/eyJfcmFpbHMiOnsibWVzc2FnZSI6IkJBaDdCem9MWm05eWJXRjBTU0lJYW5CbkJqb0dSVlE2RTNKbGMybDZaVjloYm1SZmNHRmtXd2RwQWl3QmFRSXNBUT09IiwiZXhwIjpudWxsLCJwdXIiOiJ2YXJpYXRpb24ifX0=--6cb9da79ecc04d7c8e10b3563f9294560e1bfed2/127228jpg,/opt/odoo/odoo8084/electropar_images/PRENSA_DE_RESORTE_100MM_-_TOTALjpg
PRENSA DE RESORTE 150MM - TOTAL,10800,https://electroparb-cdnnet/rails/active_storage/representations/proxy/eyJfcmFpbHMiOnsibWVzc2FnZSI6IkJBaHBBMXdkQWc9PSIsImV4cCI6bnVsbCwicHVyIjoiYmxvYl9pZCJ9fQ==--534e92b65c12a7114f8fdc14f50f7ea8f2d71d95/eyJfcmFpbHMiOnsibWVzc2FnZSI6IkJBaDdCem9MWm05eWJXRjBTU0lJYW5CbkJqb0dSVlE2RTNKbGMybDZaVjloYm1SZmNHRmtXd2RwQWl3QmFRSXNBUT09IiwiZXhwIjpudWxsLCJwdXIiOiJ2YXJpYXRpb24ifX0=--6cb9da79ecc04d7c8e10b3563f9294560e1bfed2/127229jpg,/opt/odoo/odoo8084/electropar_images/PRENSA_DE_RESORTE_150MM_-_TOTALjpg
ENGRAPADORA MANUAL 2-EN-1 (6-14MM) - THT31146 - TOTAL,104500,https://electroparb-cdnnet/rails/active_storage/representations/proxy/eyJfcmFpbHMiOnsibWVzc2FnZSI6IkJBaHBBNElkQWc9PSIsImV4cCI6bnVsbCwicHVyIjoiYmxvYl9pZCJ9fQ==--d1383b2d9f33bb2b24d23e53744f5c4103670bb0/eyJfcmFpbHMiOnsibWVzc2FnZSI6IkJBaDdCem9MWm05eWJXRjBTU0lJYW5CbkJqb0dSVlE2RTNKbGMybDZaVjloYm1SZmNHRmtXd2RwQWl3QmFRSXNBUT09IiwiZXhwIjpudWxsLCJwdXIiOiJ2YXJpYXRpb24ifX0=--6cb9da79ecc04d7c8e10b3563f9294560e1bfed2/127253jpg,/opt/odoo/odoo8084/electropar_images/ENGRAPADORA_MANUAL_2-EN-1__6-14MM__-_THT31146_-_TOTALjpg
REMACHADORA MANUAL 250MM - TOTAL,39200,https://electroparb-cdnnet/rails/active_storage/representations/proxy/eyJfcmFpbHMiOnsibWVzc2FnZSI6IkJBaHBBNFFkQWc9PSIsImV4cCI6bnVsbCwicHVyIjoiYmxvYl9pZCJ9fQ==--9bc08d6b6bdf42a53fa0403bbe0750acdbff2bdb/eyJfcmFpbHMiOnsibWVzc2FnZSI6IkJBaDdCem9MWm05eWJXRjBTU0lJYW5CbkJqb0dSVlE2RTNKbGMybDZaVjloYm1SZmNHRmtXd2RwQWl3QmFRSXNBUT09IiwiZXhwIjpudWxsLCJwdXIiOiJ2YXJpYXRpb24ifX0=--6cb9da79ecc04d7c8e10b3563f9294560e1bfed2/127254jpg,/opt/odoo/odoo8084/electropar_images/REMACHADORA_MANUAL_250MM_-_TOTALjpg
GRAPAS 10 MM (1000 PZS) - TOTAL,8800,https://electroparb-cdnnet/rails/active_storage/representations/proxy/eyJfcmFpbHMiOnsibWVzc2FnZSI6IkJBaHBBNGtkQWc9PSIsImV4cCI6bnVsbCwicHVyIjoiYmxvYl9pZCJ9fQ==--3d9bac4557febdee7f65add85b85bb61b1c03ee2/eyJfcmFpbHMiOnsibWVzc2FnZSI6IkJBaDdCem9MWm05eWJXRjBTU0lJYW5CbkJqb0dSVlE2RTNKbGMybDZaVjloYm1SZmNHRmtXd2RwQWl3QmFRSXNBUT09IiwiZXhwIjpudWxsLCJwdXIiOiJ2YXJpYXRpb24ifX0=--6cb9da79ecc04d7c8e10b3563f9294560e1bfed2/127257jpg,/opt/odoo/odoo8084/electropar_images/GRAPAS_10_MM__1000_PZS__-_TOTALjpg
GRAPAS 12 MM P/ THT3114X (1000 PZS) - TOTAL,10200,https://electroparb-cdnnet/rails/active_storage/representations/proxy/eyJfcmFpbHMiOnsibWVzc2FnZSI6IkJBaHBBNG9kQWc9PSIsImV4cCI6bnVsbCwicHVyIjoiYmxvYl9pZCJ9fQ==--a3f52439372cff8148d1b86e681e51b1163ef2a7/eyJfcmFpbHMiOnsibWVzc2FnZSI6IkJBaDdCem9MWm05eWJXRjBTU0lJYW5CbkJqb0dSVlE2RTNKbGMybDZaVjloYm1SZmNHRmtXd2RwQWl3QmFRSXNBUT09IiwiZXhwIjpudWxsLCJwdXIiOiJ2YXJpYXRpb24ifX0=--6cb9da79ecc04d7c8e10b3563f9294560e1bfed2/127258jpg,/opt/odoo/odoo8084/electropar_images/GRAPAS_12_MM_P__THT3114X__1000_PZS__-_TOTALjpg
ARCO DE SIERRA 300MM AGARRE POTENTE - TOTAL,58200,https://electroparb-cdnnet/rails/active_storage/representations/proxy/eyJfcmFpbHMiOnsibWVzc2FnZSI6IkJBaHBBNlVkQWc9PSIsImV4cCI6bnVsbCwicHVyIjoiYmxvYl9pZCJ9fQ==--ebbee98466436ccefbe6fca6c8f79843e59baa37/eyJfcmFpbHMiOnsibWVzc2FnZSI6IkJBaDdCem9MWm05eWJXRjBTU0lJYW5CbkJqb0dSVlE2RTNKbGMybDZaVjloYm1SZmNHRmtXd2RwQWl3QmFRSXNBUT09IiwiZXhwIjpudWxsLCJwdXIiOiJ2YXJpYXRpb24ifX0=--6cb9da79ecc04d7c8e10b3563f9294560e1bfed2/127276jpg,/opt/odoo/odoo8084/electropar_images/ARCO_DE_SIERRA_300MM_AGARRE_POTENTE_-_TOTALjpg
SIERRA DE MANO 400MM 7TPI - TOTAL,22600,https://electroparb-cdnnet/rails/active_storage/representations/proxy/eyJfcmFpbHMiOnsibWVzc2FnZSI6IkJBaHBBNllkQWc9PSIsImV4cCI6bnVsbCwicHVyIjoiYmxvYl9pZCJ9fQ==--5ab7f357b586d5f5cf13a34b8c40466cccf728dd/eyJfcmFpbHMiOnsibWVzc2FnZSI6IkJBaDdCem9MWm05eWJXRjBTU0lJYW5CbkJqb0dSVlE2RTNKbGMybDZaVjloYm1SZmNHRmtXd2RwQWl3QmFRSXNBUT09IiwiZXhwIjpudWxsLCJwdXIiOiJ2YXJpYXRpb24ifX0=--6cb9da79ecc04d7c8e10b3563f9294560e1bfed2/127277jpg,/opt/odoo/odoo8084/electropar_images/SIERRA_DE_MANO_400MM_7TPI_-_TOTALjpg
SERRUCHO 500MM 7TPI TRATAMIENTO TÉRMICO - TOTAL,46400,https://electroparb-cdnnet/rails/active_storage/representations/proxy/eyJfcmFpbHMiOnsibWVzc2FnZSI6IkJBaHBBNmtkQWc9PSIsImV4cCI6bnVsbCwicHVyIjoiYmxvYl9pZCJ9fQ==--6499d217a1ee37383326155ebe80a90e115417fd/eyJfcmFpbHMiOnsibWVzc2FnZSI6IkJBaDdCem9MWm05eWJXRjBTU0lJYW5CbkJqb0dSVlE2RTNKbGMybDZaVjloYm1SZmNHRmtXd2RwQWl3QmFRSXNBUT09IiwiZXhwIjpudWxsLCJwdXIiOiJ2YXJpYXRpb24ifX0=--6cb9da79ecc04d7c8e10b3563f9294560e1bfed2/127278jpg,/opt/odoo/odoo8084/electropar_images/SERRUCHO_500MM_7TPI_TRATAMIENTO_T_RMICO_-_TOTALjpg
SIERRA DE MANO 400MM 7TPI TRATAMIENTO TÉRMICO - TOTAL,36500,https://electroparb-cdnnet/rails/active_storage/representations/proxy/eyJfcmFpbHMiOnsibWVzc2FnZSI6IkJBaHBBNm9kQWc9PSIsImV4cCI6bnVsbCwicHVyIjoiYmxvYl9pZCJ9fQ==--b84c83081172406674f795a099b3c2277999f64d/eyJfcmFpbHMiOnsibWVzc2FnZSI6IkJBaDdCem9MWm05eWJXRjBTU0lJYW5CbkJqb0dSVlE2RTNKbGMybDZaVjloYm1SZmNHRmtXd2RwQWl3QmFRSXNBUT09IiwiZXhwIjpudWxsLCJwdXIiOiJ2YXJpYXRpb24ifX0=--6cb9da79ecc04d7c8e10b3563f9294560e1bfed2/127279jpg,/opt/odoo/odoo8084/electropar_images/SIERRA_DE_MANO_400MM_7TPI_TRATAMIENTO_T_RMICO_-_TOTALjpg
SIERRA DE MANO 450MM 7TPI TRATAMIENTO TÉRMICO - TOTAL,39200,https://electroparb-cdnnet/rails/active_storage/representations/proxy/eyJfcmFpbHMiOnsibWVzc2FnZSI6IkJBaHBBNndkQWc9PSIsImV4cCI6bnVsbCwicHVyIjoiYmxvYl9pZCJ9fQ==--80d035145dc13bcff3a122bb089e05d3bf2cf5a2/eyJfcmFpbHMiOnsibWVzc2FnZSI6IkJBaDdCem9MWm05eWJXRjBTU0lJYW5CbkJqb0dSVlE2RTNKbGMybDZaVjloYm1SZmNHRmtXd2RwQWl3QmFRSXNBUT09IiwiZXhwIjpudWxsLCJwdXIiOiJ2YXJpYXRpb24ifX0=--6cb9da79ecc04d7c8e10b3563f9294560e1bfed2/127280jpg,/opt/odoo/odoo8084/electropar_images/SIERRA_DE_MANO_450MM_7TPI_TRATAMIENTO_T_RMICO_-_TOTALjpg
HOJA DE SIERRA P/ ARCO BIMETÁLICA 24T 300MM - TOTAL,8201,https://electroparb-cdnnet/rails/active_storage/representations/proxy/eyJfcmFpbHMiOnsibWVzc2FnZSI6IkJBaHBBNjRkQWc9PSIsImV4cCI6bnVsbCwicHVyIjoiYmxvYl9pZCJ9fQ==--19c3d1ba7e806bc8c5a4b65db627d3423b5dd61a/eyJfcmFpbHMiOnsibWVzc2FnZSI6IkJBaDdCem9MWm05eWJXRjBTU0lJYW5CbkJqb0dSVlE2RTNKbGMybDZaVjloYm1SZmNHRmtXd2RwQWl3QmFRSXNBUT09IiwiZXhwIjpudWxsLCJwdXIiOiJ2YXJpYXRpb24ifX0=--6cb9da79ecc04d7c8e10b3563f9294560e1bfed2/127282_1jpg,/opt/odoo/odoo8084/electropar_images/HOJA_DE_SIERRA_P__ARCO_BIMET_LICA_24T_300MM_-_TOTALjpg
CUCHILLA PARA CORTADORA DE AZULEJOS - THT578004 - TOTAL,57200,https://electroparb-cdnnet/rails/active_storage/representations/proxy/eyJfcmFpbHMiOnsibWVzc2FnZSI6IkJBaHBBN0lkQWc9PSIsImV4cCI6bnVsbCwicHVyIjoiYmxvYl9pZCJ9fQ==--d89f80161263a0cf67a7db53bc3e2dfdd4853e83/eyJfcmFpbHMiOnsibWVzc2FnZSI6IkJBaDdCem9MWm05eWJXRjBTU0lJYW5CbkJqb0dSVlE2RTNKbGMybDZaVjloYm1SZmNHRmtXd2RwQWl3QmFRSXNBUT09IiwiZXhwIjpudWxsLCJwdXIiOiJ2YXJpYXRpb24ifX0=--6cb9da79ecc04d7c8e10b3563f9294560e1bfed2/127284jpg,/opt/odoo/odoo8084/electropar_images/CUCHILLA_PARA_CORTADORA_DE_AZULEJOS_-_THT578004_-_TOTALjpg
MORSA DE BANCO 100MM - TOTAL,321900,https://electroparb-cdnnet/rails/active_storage/representations/proxy/eyJfcmFpbHMiOnsibWVzc2FnZSI6IkJBaHBBN1FkQWc9PSIsImV4cCI6bnVsbCwicHVyIjoiYmxvYl9pZCJ9fQ==--efef2f5900ea82e5dc7a897a5250e5bec2920162/eyJfcmFpbHMiOnsibWVzc2FnZSI6IkJBaDdCem9MWm05eWJXRjBTU0lJYW5CbkJqb0dSVlE2RTNKbGMybDZaVjloYm1SZmNHRmtXd2RwQWl3QmFRSXNBUT09IiwiZXhwIjpudWxsLCJwdXIiOiJ2YXJpYXRpb24ifX0=--6cb9da79ecc04d7c8e10b3563f9294560e1bfed2/127285jpg,/opt/odoo/odoo8084/electropar_images/MORSA_DE_BANCO_100MM_-_TOTALjpg
MARTILLO DE BOLA 450GR - TOTAL,33300,https://electroparb-cdnnet/rails/active_storage/representations/proxy/eyJfcmFpbHMiOnsibWVzc2FnZSI6IkJBaHBBN1VkQWc9PSIsImV4cCI6bnVsbCwicHVyIjoiYmxvYl9pZCJ9fQ==--3fdd83a60715acfe6d7391c0a970aecaee3577c8/eyJfcmFpbHMiOnsibWVzc2FnZSI6IkJBaDdCem9MWm05eWJXRjBTU0lJYW5CbkJqb0dSVlE2RTNKbGMybDZaVjloYm1SZmNHRmtXd2RwQWl3QmFRSXNBUT09IiwiZXhwIjpudWxsLCJwdXIiOiJ2YXJpYXRpb24ifX0=--6cb9da79ecc04d7c8e10b3563f9294560e1bfed2/127286jpg,/opt/odoo/odoo8084/electropar_images/MARTILLO_DE_BOLA_450GR_-_TOTALjpg
RODILLO Y FUNDA CON CUBETA P/ PARED INTERIOR Y EXTERIOR,86200,https://electroparb-cdnnet/rails/active_storage/representations/proxy/eyJfcmFpbHMiOnsibWVzc2FnZSI6IkJBaHBBOElkQWc9PSIsImV4cCI6bnVsbCwicHVyIjoiYmxvYl9pZCJ9fQ==--ad91408f24c13644e43f2a869c3497afeeefacdd/eyJfcmFpbHMiOnsibWVzc2FnZSI6IkJBaDdCem9MWm05eWJXRjBTU0lJYW5CbkJqb0dSVlE2RTNKbGMybDZaVjloYm1SZmNHRmtXd2RwQWl3QmFRSXNBUT09IiwiZXhwIjpudWxsLCJwdXIiOiJ2YXJpYXRpb24ifX0=--6cb9da79ecc04d7c8e10b3563f9294560e1bfed2/127292jpg,/opt/odoo/odoo8084/electropar_images/RODILLO_Y_FUNDA_CON_CUBETA_P__PARED_INTERIOR_Y_EXTERIORjpg
ESPÁTULA PARA MASILLA 150MM - TOTAL,23400,https://electroparb-cdnnet/rails/active_storage/representations/proxy/eyJfcmFpbHMiOnsibWVzc2FnZSI6IkJBaHBBOGNkQWc9PSIsImV4cCI6bnVsbCwicHVyIjoiYmxvYl9pZCJ9fQ==--00380d10d399ee09ea967bd456aa7e1e5dca6242/eyJfcmFpbHMiOnsibWVzc2FnZSI6IkJBaDdCem9MWm05eWJXRjBTU0lJYW5CbkJqb0dSVlE2RTNKbGMybDZaVjloYm1SZmNHRmtXd2RwQWl3QmFRSXNBUT09IiwiZXhwIjpudWxsLCJwdXIiOiJ2YXJpYXRpb24ifX0=--6cb9da79ecc04d7c8e10b3563f9294560e1bfed2/127295jpg,/opt/odoo/odoo8084/electropar_images/ESP_TULA_PARA_MASILLA_150MM_-_TOTALjpg
LLANA DE GOMA FINA 230X100MM - TOTAL,43401,https://electroparb-cdnnet/rails/active_storage/representations/proxy/eyJfcmFpbHMiOnsibWVzc2FnZSI6IkJBaHBBOGdkQWc9PSIsImV4cCI6bnVsbCwicHVyIjoiYmxvYl9pZCJ9fQ==--e6f69c3de8369cb7b9f3f54a94c6864111764993/eyJfcmFpbHMiOnsibWVzc2FnZSI6IkJBaDdCem9MWm05eWJXRjBTU0lJYW5CbkJqb0dSVlE2RTNKbGMybDZaVjloYm1SZmNHRmtXd2RwQWl3QmFRSXNBUT09IiwiZXhwIjpudWxsLCJwdXIiOiJ2YXJpYXRpb24ifX0=--6cb9da79ecc04d7c8e10b3563f9294560e1bfed2/127296jpg,/opt/odoo/odoo8084/electropar_images/LLANA_DE_GOMA_FINA_230X100MM_-_TOTALjpg
LLANA DE GOMA 240X100MM - TOTAL,49800,https://electroparb-cdnnet/rails/active_storage/representations/proxy/eyJfcmFpbHMiOnsibWVzc2FnZSI6IkJBaHBBOHNkQWc9PSIsImV4cCI6bnVsbCwicHVyIjoiYmxvYl9pZCJ9fQ==--b2d45e5404878fa18ed1c9cc4a0792cf758c55fa/eyJfcmFpbHMiOnsibWVzc2FnZSI6IkJBaDdCem9MWm05eWJXRjBTU0lJYW5CbkJqb0dSVlE2RTNKbGMybDZaVjloYm1SZmNHRmtXd2RwQWl3QmFRSXNBUT09IiwiZXhwIjpudWxsLCJwdXIiOiJ2YXJpYXRpb24ifX0=--6cb9da79ecc04d7c8e10b3563f9294560e1bfed2/127297jpg,/opt/odoo/odoo8084/electropar_images/LLANA_DE_GOMA_240X100MM_-_TOTALjpg
ESPÁTULA PARA MASILLA 60MM - TOTAL,13701,https://electroparb-cdnnet/rails/active_storage/representations/proxy/eyJfcmFpbHMiOnsibWVzc2FnZSI6IkJBaHBBODBkQWc9PSIsImV4cCI6bnVsbCwicHVyIjoiYmxvYl9pZCJ9fQ==--61b0694539b8021a54b4f4d1e56b334fb115976c/eyJfcmFpbHMiOnsibWVzc2FnZSI6IkJBaDdCem9MWm05eWJXRjBTU0lJYW5CbkJqb0dSVlE2RTNKbGMybDZaVjloYm1SZmNHRmtXd2RwQWl3QmFRSXNBUT09IiwiZXhwIjpudWxsLCJwdXIiOiJ2YXJpYXRpb24ifX0=--6cb9da79ecc04d7c8e10b3563f9294560e1bfed2/127298jpg,/opt/odoo/odoo8084/electropar_images/ESP_TULA_PARA_MASILLA_60MM_-_TOTALjpg
ESPÁTULA PARA MASILLA 80MM - TOTAL,15300,https://electroparb-cdnnet/rails/active_storage/representations/proxy/eyJfcmFpbHMiOnsibWVzc2FnZSI6IkJBaHBBODhkQWc9PSIsImV4cCI6bnVsbCwicHVyIjoiYmxvYl9pZCJ9fQ==--9a5111e969176eaa2ac14b5e80ea3762de51e975/eyJfcmFpbHMiOnsibWVzc2FnZSI6IkJBaDdCem9MWm05eWJXRjBTU0lJYW5CbkJqb0dSVlE2RTNKbGMybDZaVjloYm1SZmNHRmtXd2RwQWl3QmFRSXNBUT09IiwiZXhwIjpudWxsLCJwdXIiOiJ2YXJpYXRpb24ifX0=--6cb9da79ecc04d7c8e10b3563f9294560e1bfed2/127299jpg,/opt/odoo/odoo8084/electropar_images/ESP_TULA_PARA_MASILLA_80MM_-_TOTALjpg
PINCEL (BROCHA) DE PINTURA 50MM (CERDA 51X10MM) - TOTAL,14000,https://electroparb-cdnnet/rails/active_storage/representations/proxy/eyJfcmFpbHMiOnsibWVzc2FnZSI6IkJBaHBBOUlkQWc9PSIsImV4cCI6bnVsbCwicHVyIjoiYmxvYl9pZCJ9fQ==--e2ff4907cb52e55cd71b62bda151a8c5742be7e0/eyJfcmFpbHMiOnsibWVzc2FnZSI6IkJBaDdCem9MWm05eWJXRjBTU0lJYW5CbkJqb0dSVlE2RTNKbGMybDZaVjloYm1SZmNHRmtXd2RwQWl3QmFRSXNBUT09IiwiZXhwIjpudWxsLCJwdXIiOiJ2YXJpYXRpb24ifX0=--6cb9da79ecc04d7c8e10b3563f9294560e1bfed2/127300jpg,/opt/odoo/odoo8084/electropar_images/PINCEL__BROCHA__DE_PINTURA_50MM__CERDA_51X10MM__-_TOTALjpg
PINCEL DE PINTURA 75MM (CERDA 57X11MM) - TOTAL,17500,https://electroparb-cdnnet/rails/active_storage/representations/proxy/eyJfcmFpbHMiOnsibWVzc2FnZSI6IkJBaHBBOVFkQWc9PSIsImV4cCI6bnVsbCwicHVyIjoiYmxvYl9pZCJ9fQ==--adb8688eee12f12c8f9b29436c412cff257027a6/eyJfcmFpbHMiOnsibWVzc2FnZSI6IkJBaDdCem9MWm05eWJXRjBTU0lJYW5CbkJqb0dSVlE2RTNKbGMybDZaVjloYm1SZmNHRmtXd2RwQWl3QmFRSXNBUT09IiwiZXhwIjpudWxsLCJwdXIiOiJ2YXJpYXRpb24ifX0=--6cb9da79ecc04d7c8e10b3563f9294560e1bfed2/127301jpg,/opt/odoo/odoo8084/electropar_images/PINCEL_DE_PINTURA_75MM__CERDA_57X11MM__-_TOTALjpg
PINCEL DE PINTURA 38MM (CERDA 51X9MM) - TOTAL,7900,https://electroparb-cdnnet/rails/active_storage/representations/proxy/eyJfcmFpbHMiOnsibWVzc2FnZSI6IkJBaHBBOVlkQWc9PSIsImV4cCI6bnVsbCwicHVyIjoiYmxvYl9pZCJ9fQ==--bc6d4a60172a161a99475ce81b7d70cf38d3950c/eyJfcmFpbHMiOnsibWVzc2FnZSI6IkJBaDdCem9MWm05eWJXRjBTU0lJYW5CbkJqb0dSVlE2RTNKbGMybDZaVjloYm1SZmNHRmtXd2RwQWl3QmFRSXNBUT09IiwiZXhwIjpudWxsLCJwdXIiOiJ2YXJpYXRpb24ifX0=--6cb9da79ecc04d7c8e10b3563f9294560e1bfed2/127302jpg,/opt/odoo/odoo8084/electropar_images/PINCEL_DE_PINTURA_38MM__CERDA_51X9MM__-_TOTALjpg
PINCEL DE PINTURA 63MM (CERDA 57X10MM) - TOTAL,14500,https://electroparb-cdnnet/rails/active_storage/representations/proxy/eyJfcmFpbHMiOnsibWVzc2FnZSI6IkJBaHBBOWNkQWc9PSIsImV4cCI6bnVsbCwicHVyIjoiYmxvYl9pZCJ9fQ==--94068c9200cfff89890392ddf960ba343d9222fd/eyJfcmFpbHMiOnsibWVzc2FnZSI6IkJBaDdCem9MWm05eWJXRjBTU0lJYW5CbkJqb0dSVlE2RTNKbGMybDZaVjloYm1SZmNHRmtXd2RwQWl3QmFRSXNBUT09IiwiZXhwIjpudWxsLCJwdXIiOiJ2YXJpYXRpb24ifX0=--6cb9da79ecc04d7c8e10b3563f9294560e1bfed2/127303jpg,/opt/odoo/odoo8084/electropar_images/PINCEL_DE_PINTURA_63MM__CERDA_57X10MM__-_TOTALjpg
PINCEL DE PINTURA 63MM (CERDA 45X11MM) - TOTAL,6600,https://electroparb-cdnnet/rails/active_storage/representations/proxy/eyJfcmFpbHMiOnsibWVzc2FnZSI6IkJBaHBBOWtkQWc9PSIsImV4cCI6bnVsbCwicHVyIjoiYmxvYl9pZCJ9fQ==--4c90e8101e9f257a331e9661d3c22e82e508ebd3/eyJfcmFpbHMiOnsibWVzc2FnZSI6IkJBaDdCem9MWm05eWJXRjBTU0lJYW5CbkJqb0dSVlE2RTNKbGMybDZaVjloYm1SZmNHRmtXd2RwQWl3QmFRSXNBUT09IiwiZXhwIjpudWxsLCJwdXIiOiJ2YXJpYXRpb24ifX0=--6cb9da79ecc04d7c8e10b3563f9294560e1bfed2/127304jpg,/opt/odoo/odoo8084/electropar_images/PINCEL_DE_PINTURA_63MM__CERDA_45X11MM__-_TOTALjpg
RODILLO Y FUNDA MICROFIBRA P/ PARED INTERIOR 230MM - TOTAL,19700,https://electroparb-cdnnet/rails/active_storage/representations/proxy/eyJfcmFpbHMiOnsibWVzc2FnZSI6IkJBaHBBOXdkQWc9PSIsImV4cCI6bnVsbCwicHVyIjoiYmxvYl9pZCJ9fQ==--ed02dfef1adf6b9b95c21136b1ac153dc4614e36/eyJfcmFpbHMiOnsibWVzc2FnZSI6IkJBaDdCem9MWm05eWJXRjBTU0lJYW5CbkJqb0dSVlE2RTNKbGMybDZaVjloYm1SZmNHRmtXd2RwQWl3QmFRSXNBUT09IiwiZXhwIjpudWxsLCJwdXIiOiJ2YXJpYXRpb24ifX0=--6cb9da79ecc04d7c8e10b3563f9294560e1bfed2/127305jpg,/opt/odoo/odoo8084/electropar_images/RODILLO_Y_FUNDA_MICROFIBRA_P__PARED_INTERIOR_230MM_-_TOTALjpg
JUEGO DE LIMAS (6 PZS) - TOTAL,34100,https://electroparb-cdnnet/rails/active_storage/representations/proxy/eyJfcmFpbHMiOnsibWVzc2FnZSI6IkJBaHBBOTBkQWc9PSIsImV4cCI6bnVsbCwicHVyIjoiYmxvYl9pZCJ9fQ==--482746872f8c1bdefae42b51d67c1aefc3ebdc3c/eyJfcmFpbHMiOnsibWVzc2FnZSI6IkJBaDdCem9MWm05eWJXRjBTU0lJYW5CbkJqb0dSVlE2RTNKbGMybDZaVjloYm1SZmNHRmtXd2RwQWl3QmFRSXNBUT09IiwiZXhwIjpudWxsLCJwdXIiOiJ2YXJpYXRpb24ifX0=--6cb9da79ecc04d7c8e10b3563f9294560e1bfed2/127306jpg,/opt/odoo/odoo8084/electropar_images/JUEGO_DE_LIMAS__6_PZS__-_TOTALjpg
JUEGO DE LIMAS DE ACERO (5 PZS) - TOTAL,127300,https://electroparb-cdnnet/rails/active_storage/representations/proxy/eyJfcmFpbHMiOnsibWVzc2FnZSI6IkJBaHBBOTRkQWc9PSIsImV4cCI6bnVsbCwicHVyIjoiYmxvYl9pZCJ9fQ==--63612db61df9a8ead96e881df1a7833a91f344f5/eyJfcmFpbHMiOnsibWVzc2FnZSI6IkJBaDdCem9MWm05eWJXRjBTU0lJYW5CbkJqb0dSVlE2RTNKbGMybDZaVjloYm1SZmNHRmtXd2RwQWl3QmFRSXNBUT09IiwiZXhwIjpudWxsLCJwdXIiOiJ2YXJpYXRpb24ifX0=--6cb9da79ecc04d7c8e10b3563f9294560e1bfed2/127307jpg,/opt/odoo/odoo8084/electropar_images/JUEGO_DE_LIMAS_DE_ACERO__5_PZS__-_TOTALjpg
CEPILLO DE ALAMBRE DE MANO 250MM - TOTAL,13400,https://electroparb-cdnnet/rails/active_storage/representations/proxy/eyJfcmFpbHMiOnsibWVzc2FnZSI6IkJBaHBBOThkQWc9PSIsImV4cCI6bnVsbCwicHVyIjoiYmxvYl9pZCJ9fQ==--4c7e1e57b767f31fef0e8515b605495d3d67e1fa/eyJfcmFpbHMiOnsibWVzc2FnZSI6IkJBaDdCem9MWm05eWJXRjBTU0lJYW5CbkJqb0dSVlE2RTNKbGMybDZaVjloYm1SZmNHRmtXd2RwQWl3QmFRSXNBUT09IiwiZXhwIjpudWxsLCJwdXIiOiJ2YXJpYXRpb24ifX0=--6cb9da79ecc04d7c8e10b3563f9294560e1bfed2/127308jpg,/opt/odoo/odoo8084/electropar_images/CEPILLO_DE_ALAMBRE_DE_MANO_250MM_-_TOTALjpg
CEPILLO METÁLICO 235MM - TOTAL,42600,https://electroparb-cdnnet/rails/active_storage/representations/proxy/eyJfcmFpbHMiOnsibWVzc2FnZSI6IkJBaHBBK0FkQWc9PSIsImV4cCI6bnVsbCwicHVyIjoiYmxvYl9pZCJ9fQ==--e4057acb513b7079c73985bcf7b1a4f2088ad4cf/eyJfcmFpbHMiOnsibWVzc2FnZSI6IkJBaDdCem9MWm05eWJXRjBTU0lJYW5CbkJqb0dSVlE2RTNKbGMybDZaVjloYm1SZmNHRmtXd2RwQWl3QmFRSXNBUT09IiwiZXhwIjpudWxsLCJwdXIiOiJ2YXJpYXRpb24ifX0=--6cb9da79ecc04d7c8e10b3563f9294560e1bfed2/127309jpg,/opt/odoo/odoo8084/electropar_images/CEPILLO_MET_LICO_235MM_-_TOTALjpg
CERROJO 3PULG - TOTAL,7600,https://electroparb-cdnnet/rails/active_storage/representations/proxy/eyJfcmFpbHMiOnsibWVzc2FnZSI6IkJBaHBBK1VkQWc9PSIsImV4cCI6bnVsbCwicHVyIjoiYmxvYl9pZCJ9fQ==--9249b7a1ef357b57c62294b6fa2497a51b5a8687/eyJfcmFpbHMiOnsibWVzc2FnZSI6IkJBaDdCem9MWm05eWJXRjBTU0lJYW5CbkJqb0dSVlE2RTNKbGMybDZaVjloYm1SZmNHRmtXd2RwQWl3QmFRSXNBUT09IiwiZXhwIjpudWxsLCJwdXIiOiJ2YXJpYXRpb24ifX0=--6cb9da79ecc04d7c8e10b3563f9294560e1bfed2/127313jpg,/opt/odoo/odoo8084/electropar_images/CERROJO_3PULG_-_TOTALjpg
CERROJO 1 1/2PULG - TOTAL,5000,https://electroparb-cdnnet/rails/active_storage/representations/proxy/eyJfcmFpbHMiOnsibWVzc2FnZSI6IkJBaHBBK2NkQWc9PSIsImV4cCI6bnVsbCwicHVyIjoiYmxvYl9pZCJ9fQ==--877fd43fa742ffb7b4ada55b9574a6fda9e45ac2/eyJfcmFpbHMiOnsibWVzc2FnZSI6IkJBaDdCem9MWm05eWJXRjBTU0lJYW5CbkJqb0dSVlE2RTNKbGMybDZaVjloYm1SZmNHRmtXd2RwQWl3QmFRSXNBUT09IiwiZXhwIjpudWxsLCJwdXIiOiJ2YXJpYXRpb24ifX0=--6cb9da79ecc04d7c8e10b3563f9294560e1bfed2/127315jpg,/opt/odoo/odoo8084/electropar_images/CERROJO_1_1_2PULG_-_TOTALjpg
CERROJO 2-1/2PULG - TOTAL,6001,https://electroparb-cdnnet/rails/active_storage/representations/proxy/eyJfcmFpbHMiOnsibWVzc2FnZSI6IkJBaHBBK2dkQWc9PSIsImV4cCI6bnVsbCwicHVyIjoiYmxvYl9pZCJ9fQ==--890723a7b4a160b98478949cfc493c637888834f/eyJfcmFpbHMiOnsibWVzc2FnZSI6IkJBaDdCem9MWm05eWJXRjBTU0lJYW5CbkJqb0dSVlE2RTNKbGMybDZaVjloYm1SZmNHRmtXd2RwQWl3QmFRSXNBUT09IiwiZXhwIjpudWxsLCJwdXIiOiJ2YXJpYXRpb24ifX0=--6cb9da79ecc04d7c8e10b3563f9294560e1bfed2/127316jpg,/opt/odoo/odoo8084/electropar_images/CERROJO_2-1_2PULG_-_TOTALjpg
HOJA DE SIERRA P/ ARCO BIMETÁLICA 24T 300MM (5 PZS) - TOTAL,41700,https://electroparb-cdnnet/rails/active_storage/representations/proxy/eyJfcmFpbHMiOnsibWVzc2FnZSI6IkJBaHBBL0VkQWc9PSIsImV4cCI6bnVsbCwicHVyIjoiYmxvYl9pZCJ9fQ==--59bd52b36b1916eb0260205b75e5eed683ec6b01/eyJfcmFpbHMiOnsibWVzc2FnZSI6IkJBaDdCem9MWm05eWJXRjBTU0lJYW5CbkJqb0dSVlE2RTNKbGMybDZaVjloYm1SZmNHRmtXd2RwQWl3QmFRSXNBUT09IiwiZXhwIjpudWxsLCJwdXIiOiJ2YXJpYXRpb24ifX0=--6cb9da79ecc04d7c8e10b3563f9294560e1bfed2/127328jpg,/opt/odoo/odoo8084/electropar_images/HOJA_DE_SIERRA_P__ARCO_BIMET_LICA_24T_300MM__5_PZS__-_TOTALjpg
GRAPAS 7X4X055MM P/ THTPTM1251 (10000 PZS) - TOTAL,8800,https://electroparb-cdnnet/rails/active_storage/representations/proxy/eyJfcmFpbHMiOnsibWVzc2FnZSI6IkJBaHBBL1FkQWc9PSIsImV4cCI6bnVsbCwicHVyIjoiYmxvYl9pZCJ9fQ==--7bfad73b5a58847b175705ff180c1070174b4da6/eyJfcmFpbHMiOnsibWVzc2FnZSI6IkJBaDdCem9MWm05eWJXRjBTU0lJYW5CbkJqb0dSVlE2RTNKbGMybDZaVjloYm1SZmNHRmtXd2RwQWl3QmFRSXNBUT09IiwiZXhwIjpudWxsLCJwdXIiOiJ2YXJpYXRpb24ifX0=--6cb9da79ecc04d7c8e10b3563f9294560e1bfed2/127332jpg,/opt/odoo/odoo8084/electropar_images/GRAPAS_7X4X055MM_P__THTPTM1251__10000_PZS__-_TOTALjpg
CATRACA Y CINTA 065TONX18M (2 PZS) - TOTAL,69600,https://electroparb-cdnnet/rails/active_storage/representations/proxy/eyJfcmFpbHMiOnsibWVzc2FnZSI6IkJBaHBBL1lkQWc9PSIsImV4cCI6bnVsbCwicHVyIjoiYmxvYl9pZCJ9fQ==--cc35a5aa63116f5abdeb747319b6e80eb32fabe6/eyJfcmFpbHMiOnsibWVzc2FnZSI6IkJBaDdCem9MWm05eWJXRjBTU0lJYW5CbkJqb0dSVlE2RTNKbGMybDZaVjloYm1SZmNHRmtXd2RwQWl3QmFRSXNBUT09IiwiZXhwIjpudWxsLCJwdXIiOiJ2YXJpYXRpb24ifX0=--6cb9da79ecc04d7c8e10b3563f9294560e1bfed2/127333jpg,/opt/odoo/odoo8084/electropar_images/CATRACA_Y_CINTA_065TONX18M__2_PZS__-_TOTALjpg
CATRACA Y CINTA 065TX45M (4 PZS) - TOTAL,144800,https://electroparb-cdnnet/rails/active_storage/representations/proxy/eyJfcmFpbHMiOnsibWVzc2FnZSI6IkJBaHBBL2dkQWc9PSIsImV4cCI6bnVsbCwicHVyIjoiYmxvYl9pZCJ9fQ==--95c5affac39b2e3650e8af86bff12acd6ba9babc/eyJfcmFpbHMiOnsibWVzc2FnZSI6IkJBaDdCem9MWm05eWJXRjBTU0lJYW5CbkJqb0dSVlE2RTNKbGMybDZaVjloYm1SZmNHRmtXd2RwQWl3QmFRSXNBUT09IiwiZXhwIjpudWxsLCJwdXIiOiJ2YXJpYXRpb24ifX0=--6cb9da79ecc04d7c8e10b3563f9294560e1bfed2/127334jpg,/opt/odoo/odoo8084/electropar_images/CATRACA_Y_CINTA_065TX45M__4_PZS__-_TOTALjpg
CATRACA Y CINTA 065TX6M (4 PZS) - TOTAL,167600,https://electroparb-cdnnet/rails/active_storage/representations/proxy/eyJfcmFpbHMiOnsibWVzc2FnZSI6IkJBaHBBL3NkQWc9PSIsImV4cCI6bnVsbCwicHVyIjoiYmxvYl9pZCJ9fQ==--93830b6f7e7cb802693e93c6e1a4b6c996ff649c/eyJfcmFpbHMiOnsibWVzc2FnZSI6IkJBaDdCem9MWm05eWJXRjBTU0lJYW5CbkJqb0dSVlE2RTNKbGMybDZaVjloYm1SZmNHRmtXd2RwQWl3QmFRSXNBUT09IiwiZXhwIjpudWxsLCJwdXIiOiJ2YXJpYXRpb24ifX0=--6cb9da79ecc04d7c8e10b3563f9294560e1bfed2/127335jpg,/opt/odoo/odoo8084/electropar_images/CATRACA_Y_CINTA_065TX6M__4_PZS__-_TOTALjpg
CATRACA CON GANCHO 08TX18M - TOTAL,20500,https://electroparb-cdnnet/rails/active_storage/representations/proxy/eyJfcmFpbHMiOnsibWVzc2FnZSI6IkJBaHBBL3dkQWc9PSIsImV4cCI6bnVsbCwicHVyIjoiYmxvYl9pZCJ9fQ==--74bfe269d532adbf2a227d607b1f2654fa50e8e7/eyJfcmFpbHMiOnsibWVzc2FnZSI6IkJBaDdCem9MWm05eWJXRjBTU0lJYW5CbkJqb0dSVlE2RTNKbGMybDZaVjloYm1SZmNHRmtXd2RwQWl3QmFRSXNBUT09IiwiZXhwIjpudWxsLCJwdXIiOiJ2YXJpYXRpb24ifX0=--6cb9da79ecc04d7c8e10b3563f9294560e1bfed2/127336jpg,/opt/odoo/odoo8084/electropar_images/CATRACA_CON_GANCHO_08TX18M_-_TOTALjpg
CATRACA Y CINTA 3TONX10M - TOTAL,139000,https://electroparb-cdnnet/rails/active_storage/representations/proxy/eyJfcmFpbHMiOnsibWVzc2FnZSI6IkJBaHBBd0llQWc9PSIsImV4cCI6bnVsbCwicHVyIjoiYmxvYl9pZCJ9fQ==--10c60c4e189e790a0f0925849c5b4fa6e3a5f13f/eyJfcmFpbHMiOnsibWVzc2FnZSI6IkJBaDdCem9MWm05eWJXRjBTU0lJYW5CbkJqb0dSVlE2RTNKbGMybDZaVjloYm1SZmNHRmtXd2RwQWl3QmFRSXNBUT09IiwiZXhwIjpudWxsLCJwdXIiOiJ2YXJpYXRpb24ifX0=--6cb9da79ecc04d7c8e10b3563f9294560e1bfed2/127339jpg,/opt/odoo/odoo8084/electropar_images/CATRACA_Y_CINTA_3TONX10M_-_TOTALjpg
MARTILLO DE PENA (MECÁNICO) 300GR - TOTAL,23601,https://electroparb-cdnnet/rails/active_storage/representations/proxy/eyJfcmFpbHMiOnsibWVzc2FnZSI6IkJBaHBBd1VlQWc9PSIsImV4cCI6bnVsbCwicHVyIjoiYmxvYl9pZCJ9fQ==--f8cfdd5bd0a683b3e44639919aecd2e18c2248e3/eyJfcmFpbHMiOnsibWVzc2FnZSI6IkJBaDdCem9MWm05eWJXRjBTU0lJYW5CbkJqb0dSVlE2RTNKbGMybDZaVjloYm1SZmNHRmtXd2RwQWl3QmFRSXNBUT09IiwiZXhwIjpudWxsLCJwdXIiOiJ2YXJpYXRpb24ifX0=--6cb9da79ecc04d7c8e10b3563f9294560e1bfed2/127342jpg,/opt/odoo/odoo8084/electropar_images/MARTILLO_DE_PENA__MEC_NICO__300GR_-_TOTALjpg
ESLINGA DE CINTA 4TONX6MX120MM - TOTAL,275300,https://electroparb-cdnnet/rails/active_storage/representations/proxy/eyJfcmFpbHMiOnsibWVzc2FnZSI6IkJBaHBBeEFlQWc9PSIsImV4cCI6bnVsbCwicHVyIjoiYmxvYl9pZCJ9fQ==--a13f8c319d968e5fc3b1b4d85ffa039191dd52ee/eyJfcmFpbHMiOnsibWVzc2FnZSI6IkJBaDdCem9MWm05eWJXRjBTU0lJYW5CbkJqb0dSVlE2RTNKbGMybDZaVjloYm1SZmNHRmtXd2RwQWl3QmFRSXNBUT09IiwiZXhwIjpudWxsLCJwdXIiOiJ2YXJpYXRpb24ifX0=--6cb9da79ecc04d7c8e10b3563f9294560e1bfed2/127351jpg,/opt/odoo/odoo8084/electropar_images/ESLINGA_DE_CINTA_4TONX6MX120MM_-_TOTALjpg
ESLINGA DE CINTA 6TONX6MX180MM - TOTAL,425800,https://electroparb-cdnnet/rails/active_storage/representations/proxy/eyJfcmFpbHMiOnsibWVzc2FnZSI6IkJBaHBBeEVlQWc9PSIsImV4cCI6bnVsbCwicHVyIjoiYmxvYl9pZCJ9fQ==--5971903e01a767ab623a85c711456b4f4969c754/eyJfcmFpbHMiOnsibWVzc2FnZSI6IkJBaDdCem9MWm05eWJXRjBTU0lJYW5CbkJqb0dSVlE2RTNKbGMybDZaVjloYm1SZmNHRmtXd2RwQWl3QmFRSXNBUT09IiwiZXhwIjpudWxsLCJwdXIiOiJ2YXJpYXRpb24ifX0=--6cb9da79ecc04d7c8e10b3563f9294560e1bfed2/127352jpg,/opt/odoo/odoo8084/electropar_images/ESLINGA_DE_CINTA_6TONX6MX180MM_-_TOTALjpg
CIERRE DE DOBLE RODILLO 1-1/4 - SUPERFICIE GALVANIZADA (2,7101,https://electroparb-cdnnet/rails/active_storage/representations/proxy/eyJfcmFpbHMiOnsibWVzc2FnZSI6IkJBaHBBMUVlQWc9PSIsImV4cCI6bnVsbCwicHVyIjoiYmxvYl9pZCJ9fQ==--fd301911ea6dc013f79707d5affef42e672b917c/eyJfcmFpbHMiOnsibWVzc2FnZSI6IkJBaDdCem9MWm05eWJXRjBTU0lJYW5CbkJqb0dSVlE2RTNKbGMybDZaVjloYm1SZmNHRmtXd2RwQWl3QmFRSXNBUT09IiwiZXhwIjpudWxsLCJwdXIiOiJ2YXJpYXRpb24ifX0=--6cb9da79ecc04d7c8e10b3563f9294560e1bfed2/127396jpg,/opt/odoo/odoo8084/electropar_images/CIERRE_DE_DOBLE_RODILLO_1-1_4_-_SUPERFICIE_GALVANIZADA__2jpg
SOPORTE DE REPISA 10X12CM (2 PZS) - TOTAL,5700,https://electroparb-cdnnet/rails/active_storage/representations/proxy/eyJfcmFpbHMiOnsibWVzc2FnZSI6IkJBaHBBMThlQWc9PSIsImV4cCI6bnVsbCwicHVyIjoiYmxvYl9pZCJ9fQ==--d13c94753ce820964c1c2d456a4433f8e78a7fa2/eyJfcmFpbHMiOnsibWVzc2FnZSI6IkJBaDdCem9MWm05eWJXRjBTU0lJYW5CbkJqb0dSVlE2RTNKbGMybDZaVjloYm1SZmNHRmtXd2RwQWl3QmFRSXNBUT09IiwiZXhwIjpudWxsLCJwdXIiOiJ2YXJpYXRpb24ifX0=--6cb9da79ecc04d7c8e10b3563f9294560e1bfed2/127404jpg,/opt/odoo/odoo8084/electropar_images/SOPORTE_DE_REPISA_10X12CM__2_PZS__-_TOTALjpg
SOPORTE DE REPISA 12X15CM (2 PZS) - TOTAL,6300,https://electroparb-cdnnet/rails/active_storage/representations/proxy/eyJfcmFpbHMiOnsibWVzc2FnZSI6IkJBaHBBMkFlQWc9PSIsImV4cCI6bnVsbCwicHVyIjoiYmxvYl9pZCJ9fQ==--124bfefb101082277d4b68f36746a806ebc7dd3f/eyJfcmFpbHMiOnsibWVzc2FnZSI6IkJBaDdCem9MWm05eWJXRjBTU0lJYW5CbkJqb0dSVlE2RTNKbGMybDZaVjloYm1SZmNHRmtXd2RwQWl3QmFRSXNBUT09IiwiZXhwIjpudWxsLCJwdXIiOiJ2YXJpYXRpb24ifX0=--6cb9da79ecc04d7c8e10b3563f9294560e1bfed2/127405jpg,/opt/odoo/odoo8084/electropar_images/SOPORTE_DE_REPISA_12X15CM__2_PZS__-_TOTALjpg
SOPORTE DE REPISA 20X25CM (2 PZS) - TOTAL,10200,https://electroparb-cdnnet/rails/active_storage/representations/proxy/eyJfcmFpbHMiOnsibWVzc2FnZSI6IkJBaHBBMkVlQWc9PSIsImV4cCI6bnVsbCwicHVyIjoiYmxvYl9pZCJ9fQ==--afd511746920263916d8c639913e4e4515dba9d6/eyJfcmFpbHMiOnsibWVzc2FnZSI6IkJBaDdCem9MWm05eWJXRjBTU0lJYW5CbkJqb0dSVlE2RTNKbGMybDZaVjloYm1SZmNHRmtXd2RwQWl3QmFRSXNBUT09IiwiZXhwIjpudWxsLCJwdXIiOiJ2YXJpYXRpb24ifX0=--6cb9da79ecc04d7c8e10b3563f9294560e1bfed2/127406jpg,/opt/odoo/odoo8084/electropar_images/SOPORTE_DE_REPISA_20X25CM__2_PZS__-_TOTALjpg
SOPORTE DE REPISA 30X35CM (2 PZS) - TOTAL,16100,https://electroparb-cdnnet/rails/active_storage/representations/proxy/eyJfcmFpbHMiOnsibWVzc2FnZSI6IkJBaHBBMkllQWc9PSIsImV4cCI6bnVsbCwicHVyIjoiYmxvYl9pZCJ9fQ==--5939e053b5630b1b9cd0422fdc6cb816eaf6ea91/eyJfcmFpbHMiOnsibWVzc2FnZSI6IkJBaDdCem9MWm05eWJXRjBTU0lJYW5CbkJqb0dSVlE2RTNKbGMybDZaVjloYm1SZmNHRmtXd2RwQWl3QmFRSXNBUT09IiwiZXhwIjpudWxsLCJwdXIiOiJ2YXJpYXRpb24ifX0=--6cb9da79ecc04d7c8e10b3563f9294560e1bfed2/127407jpg,/opt/odoo/odoo8084/electropar_images/SOPORTE_DE_REPISA_30X35CM__2_PZS__-_TOTALjpg
LLANA PARA ENLUCIDO 280X130 - TOTAL (OUTLET),40240,https://electroparb-cdnnet/rails/active_storage/representations/proxy/eyJfcmFpbHMiOnsibWVzc2FnZSI6IkJBaHBBODZqQWc9PSIsImV4cCI6bnVsbCwicHVyIjoiYmxvYl9pZCJ9fQ==--0f8e438dc33781fba0bd10dace5bae5b7abb8a54/eyJfcmFpbHMiOnsibWVzc2FnZSI6IkJBaDdCem9MWm05eWJXRjBTU0lJYW5CbkJqb0dSVlE2RTNKbGMybDZaVjloYm1SZmNHRmtXd2RwQWl3QmFRSXNBUT09IiwiZXhwIjpudWxsLCJwdXIiOiJ2YXJpYXRpb24ifX0=--6cb9da79ecc04d7c8e10b3563f9294560e1bfed2/125772jpg,/opt/odoo/odoo8084/electropar_images/LLANA_PARA_ENLUCIDO_280X130_-_TOTAL__OUTLET_jpg
ESLINGA DE CINTA 2TONX3MX60MM - TOTAL,64400,https://electroparb-cdnnet/rails/active_storage/representations/proxy/eyJfcmFpbHMiOnsibWVzc2FnZSI6IkJBaHBBd3dlQWc9PSIsImV4cCI6bnVsbCwicHVyIjoiYmxvYl9pZCJ9fQ==--0ca91d466cfb1c716cfd81457bc924f23a6940db/eyJfcmFpbHMiOnsibWVzc2FnZSI6IkJBaDdCem9MWm05eWJXRjBTU0lJYW5CbkJqb0dSVlE2RTNKbGMybDZaVjloYm1SZmNHRmtXd2RwQWl3QmFRSXNBUT09IiwiZXhwIjpudWxsLCJwdXIiOiJ2YXJpYXRpb24ifX0=--6cb9da79ecc04d7c8e10b3563f9294560e1bfed2/127349jpg,/opt/odoo/odoo8084/electropar_images/ESLINGA_DE_CINTA_2TONX3MX60MM_-_TOTALjpg
ESLINGA DE CINTA 3TONX3MX75MM - WADFOW,78900,https://electroparb-cdnnet/rails/active_storage/representations/proxy/eyJfcmFpbHMiOnsibWVzc2FnZSI6IkJBaHBBK0VmQWc9PSIsImV4cCI6bnVsbCwicHVyIjoiYmxvYl9pZCJ9fQ==--60a6b484e212669121c4d135de8d42156cc842f0/eyJfcmFpbHMiOnsibWVzc2FnZSI6IkJBaDdCem9MWm05eWJXRjBTU0lJYW5CbkJqb0dSVlE2RTNKbGMybDZaVjloYm1SZmNHRmtXd2RwQWl3QmFRSXNBUT09IiwiZXhwIjpudWxsLCJwdXIiOiJ2YXJpYXRpb24ifX0=--6cb9da79ecc04d7c8e10b3563f9294560e1bfed2/127675jpg,/opt/odoo/odoo8084/electropar_images/ESLINGA_DE_CINTA_3TONX3MX75MM_-_WADFOWjpg
ESLINGA DE CINTA 3TONX4MX90MM - TOTAL,143800,https://electroparb-cdnnet/rails/active_storage/representations/proxy/eyJfcmFpbHMiOnsibWVzc2FnZSI6IkJBaHBBdzRlQWc9PSIsImV4cCI6bnVsbCwicHVyIjoiYmxvYl9pZCJ9fQ==--aa3f61c595fb00aef8936fe5a9514fc1b58bdb9b/eyJfcmFpbHMiOnsibWVzc2FnZSI6IkJBaDdCem9MWm05eWJXRjBTU0lJYW5CbkJqb0dSVlE2RTNKbGMybDZaVjloYm1SZmNHRmtXd2RwQWl3QmFRSXNBUT09IiwiZXhwIjpudWxsLCJwdXIiOiJ2YXJpYXRpb24ifX0=--6cb9da79ecc04d7c8e10b3563f9294560e1bfed2/127350jpg,/opt/odoo/odoo8084/electropar_images/ESLINGA_DE_CINTA_3TONX4MX90MM_-_TOTALjpg
ESPÁTULA PARA MASILLA 125MM - TOTAL,20400,https://electroparb-cdnnet/rails/active_storage/representations/proxy/eyJfcmFpbHMiOnsibWVzc2FnZSI6IkJBaHBBK1FXQWc9PSIsImV4cCI6bnVsbCwicHVyIjoiYmxvYl9pZCJ9fQ==--606436de66dfd89a2bd41db2dd4afc6a7b9909e6/eyJfcmFpbHMiOnsibWVzc2FnZSI6IkJBaDdCem9MWm05eWJXRjBTU0lJYW5CbkJqb0dSVlE2RTNKbGMybDZaVjloYm1SZmNHRmtXd2RwQWl3QmFRSXNBUT09IiwiZXhwIjpudWxsLCJwdXIiOiJ2YXJpYXRpb24ifX0=--6cb9da79ecc04d7c8e10b3563f9294560e1bfed2/125767jpg,/opt/odoo/odoo8084/electropar_images/ESP_TULA_PARA_MASILLA_125MM_-_TOTALjpg
ESPÁTULA PARA MASILLA 25MM - WADFOW,8000,https://electroparb-cdnnet/rails/active_storage/representations/proxy/eyJfcmFpbHMiOnsibWVzc2FnZSI6IkJBaHBBN3NaQWc9PSIsImV4cCI6bnVsbCwicHVyIjoiYmxvYl9pZCJ9fQ==--3f788b93eab163ae3a375da1118dca5d2e7efe66/eyJfcmFpbHMiOnsibWVzc2FnZSI6IkJBaDdCem9MWm05eWJXRjBTU0lJYW5CbkJqb0dSVlE2RTNKbGMybDZaVjloYm1SZmNHRmtXd2RwQWl3QmFRSXNBUT09IiwiZXhwIjpudWxsLCJwdXIiOiJ2YXJpYXRpb24ifX0=--6cb9da79ecc04d7c8e10b3563f9294560e1bfed2/126220jpg,/opt/odoo/odoo8084/electropar_images/ESP_TULA_PARA_MASILLA_25MM_-_WADFOWjpg
ESPÁTULA PARA YESO 100MM - WADFOW,9600,https://electroparb-cdnnet/rails/active_storage/representations/proxy/eyJfcmFpbHMiOnsibWVzc2FnZSI6IkJBaHBBOElaQWc9PSIsImV4cCI6bnVsbCwicHVyIjoiYmxvYl9pZCJ9fQ==--6f45c1c94fdc92904bb77fab28c4a5864e61aae6/eyJfcmFpbHMiOnsibWVzc2FnZSI6IkJBaDdCem9MWm05eWJXRjBTU0lJYW5CbkJqb0dSVlE2RTNKbGMybDZaVjloYm1SZmNHRmtXd2RwQWl3QmFRSXNBUT09IiwiZXhwIjpudWxsLCJwdXIiOiJ2YXJpYXRpb24ifX0=--6cb9da79ecc04d7c8e10b3563f9294560e1bfed2/126227jpg,/opt/odoo/odoo8084/electropar_images/ESP_TULA_PARA_YESO_100MM_-_WADFOWjpg
GRAPAS 40MM P/ ENGRAPADORA 20V (3000 PZS) - TOTAL,57500,https://electroparb-cdnnet/rails/active_storage/representations/proxy/eyJfcmFpbHMiOnsibWVzc2FnZSI6IkJBaHBBeFBVQWc9PSIsImV4cCI6bnVsbCwicHVyIjoiYmxvYl9pZCJ9fQ==--2da93a6fedf3349b54e8b300b8b3e79b08122c3d/eyJfcmFpbHMiOnsibWVzc2FnZSI6IkJBaDdCem9MWm05eWJXRjBTU0lJY0c1bkJqb0dSVlE2RTNKbGMybDZaVjloYm1SZmNHRmtXd2RwQWl3QmFRSXNBUT09IiwiZXhwIjpudWxsLCJwdXIiOiJ2YXJpYXRpb24ifX0=--fa23aa9ec7952f6a86cb111d4c220324ce1e4514/133710png,/opt/odoo/odoo8084/electropar_images/GRAPAS_40MM_P__ENGRAPADORA_20V__3000_PZS__-_TOTALpng
GRAPAS 8 MM (1000 PZS) - TOTAL,8000,https://electroparb-cdnnet/rails/active_storage/representations/proxy/eyJfcmFpbHMiOnsibWVzc2FnZSI6IkJBaHBBeGMyQVE9PSIsImV4cCI6bnVsbCwicHVyIjoiYmxvYl9pZCJ9fQ==--fb3260c83c7e19409700667cd94504fced1b1ee0/eyJfcmFpbHMiOnsibWVzc2FnZSI6IkJBaDdCem9MWm05eWJXRjBTU0lJYW5CbkJqb0dSVlE2RTNKbGMybDZaVjloYm1SZmNHRmtXd2RwQWl3QmFRSXNBUT09IiwiZXhwIjpudWxsLCJwdXIiOiJ2YXJpYXRpb24ifX0=--6cb9da79ecc04d7c8e10b3563f9294560e1bfed2/127259jpg,/opt/odoo/odoo8084/electropar_images/GRAPAS_8_MM__1000_PZS__-_TOTALjpg
GRAPAS DE CORONA DE 25 MM (2500 PZS) - TOTAL,44600,https://electroparb-cdnnet/rails/active_storage/representations/proxy/eyJfcmFpbHMiOnsibWVzc2FnZSI6IkJBaHBBMjBjQWc9PSIsImV4cCI6bnVsbCwicHVyIjoiYmxvYl9pZCJ9fQ==--56054b147ee871ecb0f51ebf982e9ff773cbbf67/eyJfcmFpbHMiOnsibWVzc2FnZSI6IkJBaDdCem9MWm05eWJXRjBTU0lJYW5CbkJqb0dSVlE2RTNKbGMybDZaVjloYm1SZmNHRmtXd2RwQWl3QmFRSXNBUT09IiwiZXhwIjpudWxsLCJwdXIiOiJ2YXJpYXRpb24ifX0=--6cb9da79ecc04d7c8e10b3563f9294560e1bfed2/127051jpg,/opt/odoo/odoo8084/electropar_images/GRAPAS_DE_CORONA_DE_25_MM__2500_PZS__-_TOTALjpg
HOJA DE SIERRA P/ ARCO 18T 300MM (6 PZS) - WADFOW,14300,https://electroparb-cdnnet/rails/active_storage/representations/proxy/eyJfcmFpbHMiOnsibWVzc2FnZSI6IkJBaHBBem9mQWc9PSIsImV4cCI6bnVsbCwicHVyIjoiYmxvYl9pZCJ9fQ==--8e54415ea341f8ecec08cabf77a9dc3867dc6c6a/eyJfcmFpbHMiOnsibWVzc2FnZSI6IkJBaDdCem9MWm05eWJXRjBTU0lJYW5CbkJqb0dSVlE2RTNKbGMybDZaVjloYm1SZmNHRmtXd2RwQWl3QmFRSXNBUT09IiwiZXhwIjpudWxsLCJwdXIiOiJ2YXJpYXRpb24ifX0=--6cb9da79ecc04d7c8e10b3563f9294560e1bfed2/127545jpg,/opt/odoo/odoo8084/electropar_images/HOJA_DE_SIERRA_P__ARCO_18T_300MM__6_PZS__-_WADFOWjpg
INFLADOR DE AIRE MANUAL 160PSI 32X580MM - TOTAL,113200,https://electroparb-cdnnet/rails/active_storage/representations/proxy/eyJfcmFpbHMiOnsibWVzc2FnZSI6IkJBaHBBeVFlQWc9PSIsImV4cCI6bnVsbCwicHVyIjoiYmxvYl9pZCJ9fQ==--cc0c9e7b4e0ddc6ac537cdeb94ddab6330dedb68/eyJfcmFpbHMiOnsibWVzc2FnZSI6IkJBaDdCem9MWm05eWJXRjBTU0lJYW5CbkJqb0dSVlE2RTNKbGMybDZaVjloYm1SZmNHRmtXd2RwQWl3QmFRSXNBUT09IiwiZXhwIjpudWxsLCJwdXIiOiJ2YXJpYXRpb24ifX0=--6cb9da79ecc04d7c8e10b3563f9294560e1bfed2/127368jpg,/opt/odoo/odoo8084/electropar_images/INFLADOR_DE_AIRE_MANUAL_160PSI_32X580MM_-_TOTALjpg
JUEGO DE CINCELES FRÍOS Y PUNZONES (5 PZS) - WADFOW,67000,https://electroparb-cdnnet/rails/active_storage/representations/proxy/eyJfcmFpbHMiOnsibWVzc2FnZSI6IkJBaHBBeHdaQWc9PSIsImV4cCI6bnVsbCwicHVyIjoiYmxvYl9pZCJ9fQ==--0c5b267794fa64171a5765968836e89d2cb0877c/eyJfcmFpbHMiOnsibWVzc2FnZSI6IkJBaDdCem9MWm05eWJXRjBTU0lJYW5CbkJqb0dSVlE2RTNKbGMybDZaVjloYm1SZmNHRmtXd2RwQWl3QmFRSXNBUT09IiwiZXhwIjpudWxsLCJwdXIiOiJ2YXJpYXRpb24ifX0=--6cb9da79ecc04d7c8e10b3563f9294560e1bfed2/126102jpg,/opt/odoo/odoo8084/electropar_images/JUEGO_DE_CINCELES_FR_OS_Y_PUNZONES__5_PZS__-_WADFOWjpg
JUEGO DE PINCELES (BROCHAS) DE PINTURA 2+3+4PULG (3 PZS),19900,https://electroparb-cdnnet/rails/active_storage/representations/proxy/eyJfcmFpbHMiOnsibWVzc2FnZSI6IkJBaHBBNjBmQWc9PSIsImV4cCI6bnVsbCwicHVyIjoiYmxvYl9pZCJ9fQ==--1f5026ef705e4849428abcf744cf7fe9ac1a3502/eyJfcmFpbHMiOnsibWVzc2FnZSI6IkJBaDdCem9MWm05eWJXRjBTU0lJYW5CbkJqb0dSVlE2RTNKbGMybDZaVjloYm1SZmNHRmtXd2RwQWl3QmFRSXNBUT09IiwiZXhwIjpudWxsLCJwdXIiOiJ2YXJpYXRpb24ifX0=--6cb9da79ecc04d7c8e10b3563f9294560e1bfed2/127636jpg,/opt/odoo/odoo8084/electropar_images/JUEGO_DE_PINCELES__BROCHAS__DE_PINTURA_2_3_4PULG__3_PZS_jpg
JUEGO DE TORNILLOS PARA ROSCAR (200 PZS) - WADFOW,13200,https://electroparb-cdnnet/rails/active_storage/representations/proxy/eyJfcmFpbHMiOnsibWVzc2FnZSI6IkJBaHBBL0lmQWc9PSIsImV4cCI6bnVsbCwicHVyIjoiYmxvYl9pZCJ9fQ==--3f9905a9f11b11328b4f4bbaac71d97ffcac6e11/eyJfcmFpbHMiOnsibWVzc2FnZSI6IkJBaDdCem9MWm05eWJXRjBTU0lJYW5CbkJqb0dSVlE2RTNKbGMybDZaVjloYm1SZmNHRmtXd2RwQWl3QmFRSXNBUT09IiwiZXhwIjpudWxsLCJwdXIiOiJ2YXJpYXRpb24ifX0=--6cb9da79ecc04d7c8e10b3563f9294560e1bfed2/127680jpg,/opt/odoo/odoo8084/electropar_images/JUEGO_DE_TORNILLOS_PARA_ROSCAR__200_PZS__-_WADFOWjpg
LÁPICES DE CARPINTERO BICOLOR (12 PZS) - WADFOW,13400,https://electroparb-cdnnet/rails/active_storage/representations/proxy/eyJfcmFpbHMiOnsibWVzc2FnZSI6IkJBaHBBelVaQWc9PSIsImV4cCI6bnVsbCwicHVyIjoiYmxvYl9pZCJ9fQ==--40d283a82ba9d22568cca7daf3a47c9907b13e91/eyJfcmFpbHMiOnsibWVzc2FnZSI6IkJBaDdCem9MWm05eWJXRjBTU0lJYW5CbkJqb0dSVlE2RTNKbGMybDZaVjloYm1SZmNHRmtXd2RwQWl3QmFRSXNBUT09IiwiZXhwIjpudWxsLCJwdXIiOiJ2YXJpYXRpb24ifX0=--6cb9da79ecc04d7c8e10b3563f9294560e1bfed2/126111jpg,/opt/odoo/odoo8084/electropar_images/L_PICES_DE_CARPINTERO_BICOLOR__12_PZS__-_WADFOWjpg
LLANA DE ALUMINIO PARA YESO 300X300MM - WADFOW,63100,https://electroparb-cdnnet/rails/active_storage/representations/proxy/eyJfcmFpbHMiOnsibWVzc2FnZSI6IkJBaHBBOUVaQWc9PSIsImV4cCI6bnVsbCwicHVyIjoiYmxvYl9pZCJ9fQ==--4dcc7cd3bd26f7ee37614d16b7636538eba06c6e/eyJfcmFpbHMiOnsibWVzc2FnZSI6IkJBaDdCem9MWm05eWJXRjBTU0lJYW5CbkJqb0dSVlE2RTNKbGMybDZaVjloYm1SZmNHRmtXd2RwQWl3QmFRSXNBUT09IiwiZXhwIjpudWxsLCJwdXIiOiJ2YXJpYXRpb24ifX0=--6cb9da79ecc04d7c8e10b3563f9294560e1bfed2/126242jpg,/opt/odoo/odoo8084/electropar_images/LLANA_DE_ALUMINIO_PARA_YESO_300X300MM_-_WADFOWjpg
LLANA PARA ENLUCIDO 280X140MM- WADFOW,17300,https://electroparb-cdnnet/rails/active_storage/representations/proxy/eyJfcmFpbHMiOnsibWVzc2FnZSI6IkJBaHBBOFlaQWc9PSIsImV4cCI6bnVsbCwicHVyIjoiYmxvYl9pZCJ9fQ==--87ed2c35f66b464901ff9419aeedff84138a5d4c/eyJfcmFpbHMiOnsibWVzc2FnZSI6IkJBaDdCem9MWm05eWJXRjBTU0lJYW5CbkJqb0dSVlE2RTNKbGMybDZaVjloYm1SZmNHRmtXd2RwQWl3QmFRSXNBUT09IiwiZXhwIjpudWxsLCJwdXIiOiJ2YXJpYXRpb24ifX0=--6cb9da79ecc04d7c8e10b3563f9294560e1bfed2/126231jpg,/opt/odoo/odoo8084/electropar_images/LLANA_PARA_ENLUCIDO_280X140MM-_WADFOWjpg
LLANA PARA ENLUCIDO DENTADA 280X130MM - TOTAL,51500,https://electroparb-cdnnet/rails/active_storage/representations/proxy/eyJfcmFpbHMiOnsibWVzc2FnZSI6IkJBaHBBKzRXQWc9PSIsImV4cCI6bnVsbCwicHVyIjoiYmxvYl9pZCJ9fQ==--a4ed82650bb953cb287b99d12d718d3761e94777/eyJfcmFpbHMiOnsibWVzc2FnZSI6IkJBaDdCem9MWm05eWJXRjBTU0lJYW5CbkJqb0dSVlE2RTNKbGMybDZaVjloYm1SZmNHRmtXd2RwQWl3QmFRSXNBUT09IiwiZXhwIjpudWxsLCJwdXIiOiJ2YXJpYXRpb24ifX0=--6cb9da79ecc04d7c8e10b3563f9294560e1bfed2/125773jpg,/opt/odoo/odoo8084/electropar_images/LLANA_PARA_ENLUCIDO_DENTADA_280X130MM_-_TOTALjpg
LONA 6X8M - WADFOW,260400,https://electroparb-cdnnet/rails/active_storage/representations/proxy/eyJfcmFpbHMiOnsibWVzc2FnZSI6IkJBaHBBeGNhQWc9PSIsImV4cCI6bnVsbCwicHVyIjoiYmxvYl9pZCJ9fQ==--7ecccadb5dc82405ba1a1f085a448930deba1f4f/eyJfcmFpbHMiOnsibWVzc2FnZSI6IkJBaDdCem9MWm05eWJXRjBTU0lJYW5CbkJqb0dSVlE2RTNKbGMybDZaVjloYm1SZmNHRmtXd2RwQWl3QmFRSXNBUT09IiwiZXhwIjpudWxsLCJwdXIiOiJ2YXJpYXRpb24ifX0=--6cb9da79ecc04d7c8e10b3563f9294560e1bfed2/126297jpg,/opt/odoo/odoo8084/electropar_images/LONA_6X8M_-_WADFOWjpg
MARTILLO CARPINTERO (UÑA) 220GR MANGO DE FIBRA DE VIDRIO,26800,https://electroparb-cdnnet/rails/active_storage/representations/proxy/eyJfcmFpbHMiOnsibWVzc2FnZSI6IkJBaHBBMDhmQWc9PSIsImV4cCI6bnVsbCwicHVyIjoiYmxvYl9pZCJ9fQ==--81940027c7bb45c87e827f2a5bf557648dcbb36b/eyJfcmFpbHMiOnsibWVzc2FnZSI6IkJBaDdCem9MWm05eWJXRjBTU0lJYW5CbkJqb0dSVlE2RTNKbGMybDZaVjloYm1SZmNHRmtXd2RwQWl3QmFRSXNBUT09IiwiZXhwIjpudWxsLCJwdXIiOiJ2YXJpYXRpb24ifX0=--6cb9da79ecc04d7c8e10b3563f9294560e1bfed2/127558jpg,/opt/odoo/odoo8084/electropar_images/MARTILLO_CARPINTERO__U_A__220GR_MANGO_DE_FIBRA_DE_VIDRIOjpg
MARTILLO DE BOLA 660GR - TOTAL,42000,https://electroparb-cdnnet/rails/active_storage/representations/proxy/eyJfcmFpbHMiOnsibWVzc2FnZSI6IkJBaHBBN2NkQWc9PSIsImV4cCI6bnVsbCwicHVyIjoiYmxvYl9pZCJ9fQ==--f1dee6b1a8d98b850ca7b25ce8e4562e64f4773b/eyJfcmFpbHMiOnsibWVzc2FnZSI6IkJBaDdCem9MWm05eWJXRjBTU0lJYW5CbkJqb0dSVlE2RTNKbGMybDZaVjloYm1SZmNHRmtXd2RwQWl3QmFRSXNBUT09IiwiZXhwIjpudWxsLCJwdXIiOiJ2YXJpYXRpb24ifX0=--6cb9da79ecc04d7c8e10b3563f9294560e1bfed2/127287jpg,/opt/odoo/odoo8084/electropar_images/MARTILLO_DE_BOLA_660GR_-_TOTALjpg
MARTILLO DE GOMA NATURAL 220GR - WADFOW,18700,https://electroparb-cdnnet/rails/active_storage/representations/proxy/eyJfcmFpbHMiOnsibWVzc2FnZSI6IkJBaHBBMThmQWc9PSIsImV4cCI6bnVsbCwicHVyIjoiYmxvYl9pZCJ9fQ==--716b37a8dca0bb7273675c1ca45faabada8a03ea/eyJfcmFpbHMiOnsibWVzc2FnZSI6IkJBaDdCem9MWm05eWJXRjBTU0lJYW5CbkJqb0dSVlE2RTNKbGMybDZaVjloYm1SZmNHRmtXd2RwQWl3QmFRSXNBUT09IiwiZXhwIjpudWxsLCJwdXIiOiJ2YXJpYXRpb24ifX0=--6cb9da79ecc04d7c8e10b3563f9294560e1bfed2/127570jpg,/opt/odoo/odoo8084/electropar_images/MARTILLO_DE_GOMA_NATURAL_220GR_-_WADFOWjpg
MARTILLO DE PENA (MECÁNICO) 1000GR - WADFOW,36801,https://electroparb-cdnnet/rails/active_storage/representations/proxy/eyJfcmFpbHMiOnsibWVzc2FnZSI6IkJBaHBBMFFmQWc9PSIsImV4cCI6bnVsbCwicHVyIjoiYmxvYl9pZCJ9fQ==--8daecea5690f6658b374d7cca1755ab08c158e78/eyJfcmFpbHMiOnsibWVzc2FnZSI6IkJBaDdCem9MWm05eWJXRjBTU0lJYW5CbkJqb0dSVlE2RTNKbGMybDZaVjloYm1SZmNHRmtXd2RwQWl3QmFRSXNBUT09IiwiZXhwIjpudWxsLCJwdXIiOiJ2YXJpYXRpb24ifX0=--6cb9da79ecc04d7c8e10b3563f9294560e1bfed2/127554jpg,/opt/odoo/odoo8084/electropar_images/MARTILLO_DE_PENA__MEC_NICO__1000GR_-_WADFOWjpg
MARTILLO MAZO 1KG - TOTAL,79000,https://electroparb-cdnnet/rails/active_storage/representations/proxy/eyJfcmFpbHMiOnsibWVzc2FnZSI6IkJBaHBBMzdHQWc9PSIsImV4cCI6bnVsbCwicHVyIjoiYmxvYl9pZCJ9fQ==--8d9cc1e1528e4656af338dfe38a03de138d59816/eyJfcmFpbHMiOnsibWVzc2FnZSI6IkJBaDdCem9MWm05eWJXRjBTU0lJY0c1bkJqb0dSVlE2RTNKbGMybDZaVjloYm1SZmNHRmtXd2RwQWl3QmFRSXNBUT09IiwiZXhwIjpudWxsLCJwdXIiOiJ2YXJpYXRpb24ifX0=--fa23aa9ec7952f6a86cb111d4c220324ce1e4514/132980png,/opt/odoo/odoo8084/electropar_images/MARTILLO_MAZO_1KG_-_TOTALpng
PATA DE CABRA 600MM - WADFOW,38800,https://electroparb-cdnnet/rails/active_storage/representations/proxy/eyJfcmFpbHMiOnsibWVzc2FnZSI6IkJBaHBBejRaQWc9PSIsImV4cCI6bnVsbCwicHVyIjoiYmxvYl9pZCJ9fQ==--6f18c8697e574783fe9e9bd1df511a0ffd4a647f/eyJfcmFpbHMiOnsibWVzc2FnZSI6IkJBaDdCem9MWm05eWJXRjBTU0lJYW5CbkJqb0dSVlE2RTNKbGMybDZaVjloYm1SZmNHRmtXd2RwQWl3QmFRSXNBUT09IiwiZXhwIjpudWxsLCJwdXIiOiJ2YXJpYXRpb24ifX0=--6cb9da79ecc04d7c8e10b3563f9294560e1bfed2/126115jpg,/opt/odoo/odoo8084/electropar_images/PATA_DE_CABRA_600MM_-_WADFOWjpg
PERFORADORA DE AGUJEROS DE CUERO (PINZA SACABOCADOS),39001,https://electroparb-cdnnet/rails/active_storage/representations/proxy/eyJfcmFpbHMiOnsibWVzc2FnZSI6IkJBaHBBODRXQWc9PSIsImV4cCI6bnVsbCwicHVyIjoiYmxvYl9pZCJ9fQ==--03416888a88ec5a4e64e0c520d9ea559970b6587/eyJfcmFpbHMiOnsibWVzc2FnZSI6IkJBaDdCem9MWm05eWJXRjBTU0lJYW5CbkJqb0dSVlE2RTNKbGMybDZaVjloYm1SZmNHRmtXd2RwQWl3QmFRSXNBUT09IiwiZXhwIjpudWxsLCJwdXIiOiJ2YXJpYXRpb24ifX0=--6cb9da79ecc04d7c8e10b3563f9294560e1bfed2/125752jpg,/opt/odoo/odoo8084/electropar_images/PERFORADORA_DE_AGUJEROS_DE_CUERO__PINZA_SACABOCADOS_jpg
PESTILLO Y TRINQUETE 55PULG - WADFOW,16700,https://electroparb-cdnnet/rails/active_storage/representations/proxy/eyJfcmFpbHMiOnsibWVzc2FnZSI6IkJBaHBBd2dmQWc9PSIsImV4cCI6bnVsbCwicHVyIjoiYmxvYl9pZCJ9fQ==--2e72c8727d88efd278fa2f1c5a6875166d1d9e28/eyJfcmFpbHMiOnsibWVzc2FnZSI6IkJBaDdCem9MWm05eWJXRjBTU0lJYW5CbkJqb0dSVlE2RTNKbGMybDZaVjloYm1SZmNHRmtXd2RwQWl3QmFRSXNBUT09IiwiZXhwIjpudWxsLCJwdXIiOiJ2YXJpYXRpb24ifX0=--6cb9da79ecc04d7c8e10b3563f9294560e1bfed2/127503jpg,/opt/odoo/odoo8084/electropar_images/PESTILLO_Y_TRINQUETE_55PULG_-_WADFOWjpg
PINCEL (BROCHA) DE PINTURA 75MM (CERDA 45X9MM) - WADFOW,8201,https://electroparb-cdnnet/rails/active_storage/representations/proxy/eyJfcmFpbHMiOnsibWVzc2FnZSI6IkJBaHBBNlVmQWc9PSIsImV4cCI6bnVsbCwicHVyIjoiYmxvYl9pZCJ9fQ==--9598bc19ad4ba4455776ff74d1e73fd23b31bb9c/eyJfcmFpbHMiOnsibWVzc2FnZSI6IkJBaDdCem9MWm05eWJXRjBTU0lJYW5CbkJqb0dSVlE2RTNKbGMybDZaVjloYm1SZmNHRmtXd2RwQWl3QmFRSXNBUT09IiwiZXhwIjpudWxsLCJwdXIiOiJ2YXJpYXRpb24ifX0=--6cb9da79ecc04d7c8e10b3563f9294560e1bfed2/127631jpg,/opt/odoo/odoo8084/electropar_images/PINCEL__BROCHA__DE_PINTURA_75MM__CERDA_45X9MM__-_WADFOWjpg
PINCEL DE PINTURA 100MM (CERDA 57X12MM) - TOTAL,23500,https://electroparb-cdnnet/rails/active_storage/representations/proxy/eyJfcmFpbHMiOnsibWVzc2FnZSI6IkJBaHBBMm9XQWc9PSIsImV4cCI6bnVsbCwicHVyIjoiYmxvYl9pZCJ9fQ==--17a88010a35a5c29943d8148f57043dc1fcaef02/eyJfcmFpbHMiOnsibWVzc2FnZSI6IkJBaDdCem9MWm05eWJXRjBTU0lJYW5CbkJqb0dSVlE2RTNKbGMybDZaVjloYm1SZmNHRmtXd2RwQWl3QmFRSXNBUT09IiwiZXhwIjpudWxsLCJwdXIiOiJ2YXJpYXRpb24ifX0=--6cb9da79ecc04d7c8e10b3563f9294560e1bfed2/125669jpg,/opt/odoo/odoo8084/electropar_images/PINCEL_DE_PINTURA_100MM__CERDA_57X12MM__-_TOTALjpg
PINCEL DE PINTURA 25MM (CERDA 51X16MM) - TOTAL,8201,https://electroparb-cdnnet/rails/active_storage/representations/proxy/eyJfcmFpbHMiOnsibWVzc2FnZSI6IkJBaHBBNTdOQWc9PSIsImV4cCI6bnVsbCwicHVyIjoiYmxvYl9pZCJ9fQ==--a7d5c0bcbdca58cc1224ad58690ebd312bc9d417/eyJfcmFpbHMiOnsibWVzc2FnZSI6IkJBaDdCem9MWm05eWJXRjBTU0lJY0c1bkJqb0dSVlE2RTNKbGMybDZaVjloYm1SZmNHRmtXd2RwQWl3QmFRSXNBUT09IiwiZXhwIjpudWxsLCJwdXIiOiJ2YXJpYXRpb24ifX0=--fa23aa9ec7952f6a86cb111d4c220324ce1e4514/133289png,/opt/odoo/odoo8084/electropar_images/PINCEL_DE_PINTURA_25MM__CERDA_51X16MM__-_TOTALpng
BANDEJAS DE PINTURA (2 PZS) - TOTAL,39200,https://electroparb-cdnnet/rails/active_storage/representations/proxy/eyJfcmFpbHMiOnsibWVzc2FnZSI6IkJBaHBBN2djQWc9PSIsImV4cCI6bnVsbCwicHVyIjoiYmxvYl9pZCJ9fQ==--6c530f3b6811b7a3b69f7f1e84b5a8778a9931b1/eyJfcmFpbHMiOnsibWVzc2FnZSI6IkJBaDdCem9MWm05eWJXRjBTU0lJYW5CbkJqb0dSVlE2RTNKbGMybDZaVjloYm1SZmNHRmtXd2RwQWl3QmFRSXNBUT09IiwiZXhwIjpudWxsLCJwdXIiOiJ2YXJpYXRpb24ifX0=--6cb9da79ecc04d7c8e10b3563f9294560e1bfed2/127116jpg,/opt/odoo/odoo8084/electropar_images/BANDEJAS_DE_PINTURA__2_PZS__-_TOTALjpg
REMACHADORA MANUAL 250MM - WADFOW,32900,https://electroparb-cdnnet/rails/active_storage/representations/proxy/eyJfcmFpbHMiOnsibWVzc2FnZSI6IkJBaHBBK29ZQWc9PSIsImV4cCI6bnVsbCwicHVyIjoiYmxvYl9pZCJ9fQ==--4429ac3246299a6a85a52d5c83ffeb0bd7f4fbf2/eyJfcmFpbHMiOnsibWVzc2FnZSI6IkJBaDdCem9MWm05eWJXRjBTU0lJYW5CbkJqb0dSVlE2RTNKbGMybDZaVjloYm1SZmNHRmtXd2RwQWl3QmFRSXNBUT09IiwiZXhwIjpudWxsLCJwdXIiOiJ2YXJpYXRpb24ifX0=--6cb9da79ecc04d7c8e10b3563f9294560e1bfed2/126077jpg,/opt/odoo/odoo8084/electropar_images/REMACHADORA_MANUAL_250MM_-_WADFOWjpg
RODILLO Y FUNDA ACRÍLICO MINI P/ PARED INTERIOR 100MM -,8800,https://electroparb-cdnnet/rails/active_storage/representations/proxy/eyJfcmFpbHMiOnsibWVzc2FnZSI6IkJBaHBBL1FXQWc9PSIsImV4cCI6bnVsbCwicHVyIjoiYmxvYl9pZCJ9fQ==--7922154baeba53aca6c928b5ea9a99c6b59b2f9c/eyJfcmFpbHMiOnsibWVzc2FnZSI6IkJBaDdCem9MWm05eWJXRjBTU0lJYW5CbkJqb0dSVlE2RTNKbGMybDZaVjloYm1SZmNHRmtXd2RwQWl3QmFRSXNBUT09IiwiZXhwIjpudWxsLCJwdXIiOiJ2YXJpYXRpb24ifX0=--6cb9da79ecc04d7c8e10b3563f9294560e1bfed2/125780jpg,/opt/odoo/odoo8084/electropar_images/RODILLO_Y_FUNDA_ACR_LICO_MINI_P__PARED_INTERIOR_100MM_-jpg
RODILLO Y FUNDA ACRÍLICO P/ PARED INTERIOR 230MM - TOTAL,19400,https://electroparb-cdnnet/rails/active_storage/representations/proxy/eyJfcmFpbHMiOnsibWVzc2FnZSI6IkJBaHBBL1VXQWc9PSIsImV4cCI6bnVsbCwicHVyIjoiYmxvYl9pZCJ9fQ==--fe22abef12af997c8c9824ace889d124aa172239/eyJfcmFpbHMiOnsibWVzc2FnZSI6IkJBaDdCem9MWm05eWJXRjBTU0lJYW5CbkJqb0dSVlE2RTNKbGMybDZaVjloYm1SZmNHRmtXd2RwQWl3QmFRSXNBUT09IiwiZXhwIjpudWxsLCJwdXIiOiJ2YXJpYXRpb24ifX0=--6cb9da79ecc04d7c8e10b3563f9294560e1bfed2/125781jpg,/opt/odoo/odoo8084/electropar_images/RODILLO_Y_FUNDA_ACR_LICO_P__PARED_INTERIOR_230MM_-_TOTALjpg
RODILLO Y FUNDA ACRÍLICO P/ PARED INTERIOR 230MM - WADFOW,16900,https://electroparb-cdnnet/rails/active_storage/representations/proxy/eyJfcmFpbHMiOnsibWVzc2FnZSI6IkJBaHBBeEVmQWc9PSIsImV4cCI6bnVsbCwicHVyIjoiYmxvYl9pZCJ9fQ==--21d7646feeba11a9c4f14ad30f5e3d0006e8eeec/eyJfcmFpbHMiOnsibWVzc2FnZSI6IkJBaDdCem9MWm05eWJXRjBTU0lJYW5CbkJqb0dSVlE2RTNKbGMybDZaVjloYm1SZmNHRmtXd2RwQWl3QmFRSXNBUT09IiwiZXhwIjpudWxsLCJwdXIiOiJ2YXJpYXRpb24ifX0=--6cb9da79ecc04d7c8e10b3563f9294560e1bfed2/127511jpg,/opt/odoo/odoo8084/electropar_images/RODILLO_Y_FUNDA_ACR_LICO_P__PARED_INTERIOR_230MM_-_WADFOWjpg
RUEDA GIRATORIA DE 100MM - WADFOW,31301,https://electroparb-cdnnet/rails/active_storage/representations/proxy/eyJfcmFpbHMiOnsibWVzc2FnZSI6IkJBaHBBNU1mQWc9PSIsImV4cCI6bnVsbCwicHVyIjoiYmxvYl9pZCJ9fQ==--129d454ef864069fa2202750d1c9fd5de8a310bd/eyJfcmFpbHMiOnsibWVzc2FnZSI6IkJBaDdCem9MWm05eWJXRjBTU0lJYW5CbkJqb0dSVlE2RTNKbGMybDZaVjloYm1SZmNHRmtXd2RwQWl3QmFRSXNBUT09IiwiZXhwIjpudWxsLCJwdXIiOiJ2YXJpYXRpb24ifX0=--6cb9da79ecc04d7c8e10b3563f9294560e1bfed2/127620jpg,/opt/odoo/odoo8084/electropar_images/RUEDA_GIRATORIA_DE_100MM_-_WADFOWjpg
SERRUCHO 300MM 7TPI - WADFOW,24500,https://electroparb-cdnnet/rails/active_storage/representations/proxy/eyJfcmFpbHMiOnsibWVzc2FnZSI6IkJBaHBBNHNmQWc9PSIsImV4cCI6bnVsbCwicHVyIjoiYmxvYl9pZCJ9fQ==--e5024051693b8dd31ff6c840ef71dd9f138f05a0/eyJfcmFpbHMiOnsibWVzc2FnZSI6IkJBaDdCem9MWm05eWJXRjBTU0lJYW5CbkJqb0dSVlE2RTNKbGMybDZaVjloYm1SZmNHRmtXd2RwQWl3QmFRSXNBUT09IiwiZXhwIjpudWxsLCJwdXIiOiJ2YXJpYXRpb24ifX0=--6cb9da79ecc04d7c8e10b3563f9294560e1bfed2/127596jpg,/opt/odoo/odoo8084/electropar_images/SERRUCHO_300MM_7TPI_-_WADFOWjpg
SIERRA DE CONCRETO 600MM - TOTAL,126800,https://electroparb-cdnnet/rails/active_storage/representations/proxy/eyJfcmFpbHMiOnsibWVzc2FnZSI6IkJBaHBBL0lkQWc9PSIsImV4cCI6bnVsbCwicHVyIjoiYmxvYl9pZCJ9fQ==--2ecd5eb09825839e79e927c59c0330133ab201e2/eyJfcmFpbHMiOnsibWVzc2FnZSI6IkJBaDdCem9MWm05eWJXRjBTU0lJYW5CbkJqb0dSVlE2RTNKbGMybDZaVjloYm1SZmNHRmtXd2RwQWl3QmFRSXNBUT09IiwiZXhwIjpudWxsLCJwdXIiOiJ2YXJpYXRpb24ifX0=--6cb9da79ecc04d7c8e10b3563f9294560e1bfed2/127329jpg,/opt/odoo/odoo8084/electropar_images/SIERRA_DE_CONCRETO_600MM_-_TOTALjpg
SIERRA DE MANO 400MM 7TPI TRATAMIENTO TÉRMICO - WADFOW,35701,https://electroparb-cdnnet/rails/active_storage/representations/proxy/eyJfcmFpbHMiOnsibWVzc2FnZSI6IkJBaHBBNHdmQWc9PSIsImV4cCI6bnVsbCwicHVyIjoiYmxvYl9pZCJ9fQ==--cbee22ae7df403fd47b9d2406dd7fa05a41a1f1a/eyJfcmFpbHMiOnsibWVzc2FnZSI6IkJBaDdCem9MWm05eWJXRjBTU0lJYW5CbkJqb0dSVlE2RTNKbGMybDZaVjloYm1SZmNHRmtXd2RwQWl3QmFRSXNBUT09IiwiZXhwIjpudWxsLCJwdXIiOiJ2YXJpYXRpb24ifX0=--6cb9da79ecc04d7c8e10b3563f9294560e1bfed2/127597jpg,/opt/odoo/odoo8084/electropar_images/SIERRA_DE_MANO_400MM_7TPI_TRATAMIENTO_T_RMICO_-_WADFOWjpg
SIERRA DE MANO 500MM 7TPI - WADFOW,31700,https://electroparb-cdnnet/rails/active_storage/representations/proxy/eyJfcmFpbHMiOnsibWVzc2FnZSI6IkJBaHBBNFFmQWc9PSIsImV4cCI6bnVsbCwicHVyIjoiYmxvYl9pZCJ9fQ==--b4f29f08925b20d2d2be3d43573adb1235aa7a8e/eyJfcmFpbHMiOnsibWVzc2FnZSI6IkJBaDdCem9MWm05eWJXRjBTU0lJYW5CbkJqb0dSVlE2RTNKbGMybDZaVjloYm1SZmNHRmtXd2RwQWl3QmFRSXNBUT09IiwiZXhwIjpudWxsLCJwdXIiOiJ2YXJpYXRpb24ifX0=--6cb9da79ecc04d7c8e10b3563f9294560e1bfed2/127590jpg,/opt/odoo/odoo8084/electropar_images/SIERRA_DE_MANO_500MM_7TPI_-_WADFOWjpg
SOPORTE DE REPISA 15X20CM - WADFOW,2300,https://electroparb-cdnnet/rails/active_storage/representations/proxy/eyJfcmFpbHMiOnsibWVzc2FnZSI6IkJBaHBBeDRnQWc9PSIsImV4cCI6bnVsbCwicHVyIjoiYmxvYl9pZCJ9fQ==--a61733c4775c7419dab75a2bddf45b0314b0b32a/eyJfcmFpbHMiOnsibWVzc2FnZSI6IkJBaDdCem9MWm05eWJXRjBTU0lJYW5CbkJqb0dSVlE2RTNKbGMybDZaVjloYm1SZmNHRmtXd2RwQWl3QmFRSXNBUT09IiwiZXhwIjpudWxsLCJwdXIiOiJ2YXJpYXRpb24ifX0=--6cb9da79ecc04d7c8e10b3563f9294560e1bfed2/127702jpg,/opt/odoo/odoo8084/electropar_images/SOPORTE_DE_REPISA_15X20CM_-_WADFOWjpg
SOPORTE DE REPISA REFORZADOS 20X12CM (3MM) - WADFOW,11000,https://electroparb-cdnnet/rails/active_storage/representations/proxy/eyJfcmFpbHMiOnsibWVzc2FnZSI6IkJBaHBBeWtnQWc9PSIsImV4cCI6bnVsbCwicHVyIjoiYmxvYl9pZCJ9fQ==--cc3a9d43f031c3db2a8040b760e631d641c37364/eyJfcmFpbHMiOnsibWVzc2FnZSI6IkJBaDdCem9MWm05eWJXRjBTU0lJYW5CbkJqb0dSVlE2RTNKbGMybDZaVjloYm1SZmNHRmtXd2RwQWl3QmFRSXNBUT09IiwiZXhwIjpudWxsLCJwdXIiOiJ2YXJpYXRpb24ifX0=--6cb9da79ecc04d7c8e10b3563f9294560e1bfed2/127710jpg,/opt/odoo/odoo8084/electropar_images/SOPORTE_DE_REPISA_REFORZADOS_20X12CM__3MM__-_WADFOWjpg
SOPORTE DE REPISA REFORZADOS 25X16CM (3MM) - WADFOW,13400,https://electroparb-cdnnet/rails/active_storage/representations/proxy/eyJfcmFpbHMiOnsibWVzc2FnZSI6IkJBaHBBeXNnQWc9PSIsImV4cCI6bnVsbCwicHVyIjoiYmxvYl9pZCJ9fQ==--dba81ee870eb0e01c2fb6810b33ba34153789c3a/eyJfcmFpbHMiOnsibWVzc2FnZSI6IkJBaDdCem9MWm05eWJXRjBTU0lJYW5CbkJqb0dSVlE2RTNKbGMybDZaVjloYm1SZmNHRmtXd2RwQWl3QmFRSXNBUT09IiwiZXhwIjpudWxsLCJwdXIiOiJ2YXJpYXRpb24ifX0=--6cb9da79ecc04d7c8e10b3563f9294560e1bfed2/127711jpg,/opt/odoo/odoo8084/electropar_images/SOPORTE_DE_REPISA_REFORZADOS_25X16CM__3MM__-_WADFOWjpg
SOPORTE DE REPISA REFORZADOS 25X40CM (4MM) - TOTAL,27700,https://electroparb-cdnnet/rails/active_storage/representations/proxy/eyJfcmFpbHMiOnsibWVzc2FnZSI6IkJBaHBBKzhjQWc9PSIsImV4cCI6bnVsbCwicHVyIjoiYmxvYl9pZCJ9fQ==--9247ab81f75560dbddeaba6687272c6a3f162c1a/eyJfcmFpbHMiOnsibWVzc2FnZSI6IkJBaDdCem9MWm05eWJXRjBTU0lJYW5CbkJqb0dSVlE2RTNKbGMybDZaVjloYm1SZmNHRmtXd2RwQWl3QmFRSXNBUT09IiwiZXhwIjpudWxsLCJwdXIiOiJ2YXJpYXRpb24ifX0=--6cb9da79ecc04d7c8e10b3563f9294560e1bfed2/127161jpg,/opt/odoo/odoo8084/electropar_images/SOPORTE_DE_REPISA_REFORZADOS_25X40CM__4MM__-_TOTALjpg
TORNILLOS PARA MADERA AGLOMERADA Y TARUGO TRES CORTES,13400,https://electroparb-cdnnet/rails/active_storage/representations/proxy/eyJfcmFpbHMiOnsibWVzc2FnZSI6IkJBaHBBL2dmQWc9PSIsImV4cCI6bnVsbCwicHVyIjoiYmxvYl9pZCJ9fQ==--4994cce8182071cccd6eb5231805875abe03ea87/eyJfcmFpbHMiOnsibWVzc2FnZSI6IkJBaDdCem9MWm05eWJXRjBTU0lJYW5CbkJqb0dSVlE2RTNKbGMybDZaVjloYm1SZmNHRmtXd2RwQWl3QmFRSXNBUT09IiwiZXhwIjpudWxsLCJwdXIiOiJ2YXJpYXRpb24ifX0=--6cb9da79ecc04d7c8e10b3563f9294560e1bfed2/127684jpg,/opt/odoo/odoo8084/electropar_images/TORNILLOS_PARA_MADERA_AGLOMERADA_Y_TARUGO_TRES_CORTESjpg
PINCEL DE PINTURA 75MM (CERDA 64X22MM)- TOTAL,29800,https://electroparb-cdnnet/rails/active_storage/representations/proxy/eyJfcmFpbHMiOnsibWVzc2FnZSI6IkJBaHBBNkRlQWc9PSIsImV4cCI6bnVsbCwicHVyIjoiYmxvYl9pZCJ9fQ==--22ab79eb1eaddf9e61d337c1f05f8ee12ac0d243/eyJfcmFpbHMiOnsibWVzc2FnZSI6IkJBaDdCem9MWm05eWJXRjBTU0lJY0c1bkJqb0dSVlE2RTNKbGMybDZaVjloYm1SZmNHRmtXd2RwQWl3QmFRSXNBUT09IiwiZXhwIjpudWxsLCJwdXIiOiJ2YXJpYXRpb24ifX0=--fa23aa9ec7952f6a86cb111d4c220324ce1e4514/134521png,/opt/odoo/odoo8084/electropar_images/PINCEL_DE_PINTURA_75MM__CERDA_64X22MM_-_TOTALpng
CANDADO DE CABLE PARA BICICLETA 4 DÍGITOS (1M) - WADFOW,24000,https://electroparb-cdnnet/rails/active_storage/representations/proxy/eyJfcmFpbHMiOnsibWVzc2FnZSI6IkJBaHBBd3NmQWc9PSIsImV4cCI6bnVsbCwicHVyIjoiYmxvYl9pZCJ9fQ==--1afd8dd6707ddbc2feb0e8fb9d9a4bba928db8a4/eyJfcmFpbHMiOnsibWVzc2FnZSI6IkJBaDdCem9MWm05eWJXRjBTU0lJYW5CbkJqb0dSVlE2RTNKbGMybDZaVjloYm1SZmNHRmtXd2RwQWl3QmFRSXNBUT09IiwiZXhwIjpudWxsLCJwdXIiOiJ2YXJpYXRpb24ifX0=--6cb9da79ecc04d7c8e10b3563f9294560e1bfed2/127506jpg,/opt/odoo/odoo8084/electropar_images/CANDADO_DE_CABLE_PARA_BICICLETA_4_D_GITOS__1M__-_WADFOWjpg
CANDADO DE LATÓN 60MM - WADFOW,49200,https://electroparb-cdnnet/rails/active_storage/representations/proxy/eyJfcmFpbHMiOnsibWVzc2FnZSI6IkJBaHBBN1lmQWc9PSIsImV4cCI6bnVsbCwicHVyIjoiYmxvYl9pZCJ9fQ==--779694520699d11fc383ebc6b35e0d26dcd48ebc/eyJfcmFpbHMiOnsibWVzc2FnZSI6IkJBaDdCem9MWm05eWJXRjBTU0lJYW5CbkJqb0dSVlE2RTNKbGMybDZaVjloYm1SZmNHRmtXd2RwQWl3QmFRSXNBUT09IiwiZXhwIjpudWxsLCJwdXIiOiJ2YXJpYXRpb24ifX0=--6cb9da79ecc04d7c8e10b3563f9294560e1bfed2/127641jpg,/opt/odoo/odoo8084/electropar_images/CANDADO_DE_LAT_N_60MM_-_WADFOWjpg
CATRACA Y CINTA 15TONX6M - TOTAL,48000,https://electroparb-cdnnet/rails/active_storage/representations/proxy/eyJfcmFpbHMiOnsibWVzc2FnZSI6IkJBaHBBMXZkQWc9PSIsImV4cCI6bnVsbCwicHVyIjoiYmxvYl9pZCJ9fQ==--a3d610b159ecfd2a39e584eba7e27b8f8674cea8/eyJfcmFpbHMiOnsibWVzc2FnZSI6IkJBaDdCem9MWm05eWJXRjBTU0lJY0c1bkJqb0dSVlE2RTNKbGMybDZaVjloYm1SZmNHRmtXd2RwQWl3QmFRSXNBUT09IiwiZXhwIjpudWxsLCJwdXIiOiJ2YXJpYXRpb24ifX0=--fa23aa9ec7952f6a86cb111d4c220324ce1e4514/133294png,/opt/odoo/odoo8084/electropar_images/CATRACA_Y_CINTA_15TONX6M_-_TOTALpng
CEPILLO DE ALAMBRE DE MANO 340MM - TOTAL,18200,https://electroparb-cdnnet/rails/active_storage/representations/proxy/eyJfcmFpbHMiOnsibWVzc2FnZSI6IkJBaHBBMTBjQWc9PSIsImV4cCI6bnVsbCwicHVyIjoiYmxvYl9pZCJ9fQ==--47a568aeac10b4ef7f00f407332c98f19b51887f/eyJfcmFpbHMiOnsibWVzc2FnZSI6IkJBaDdCem9MWm05eWJXRjBTU0lJYW5CbkJqb0dSVlE2RTNKbGMybDZaVjloYm1SZmNHRmtXd2RwQWl3QmFRSXNBUT09IiwiZXhwIjpudWxsLCJwdXIiOiJ2YXJpYXRpb24ifX0=--6cb9da79ecc04d7c8e10b3563f9294560e1bfed2/127031jpg,/opt/odoo/odoo8084/electropar_images/CEPILLO_DE_ALAMBRE_DE_MANO_340MM_-_TOTALjpg
CEPILLO DE BLOQUE 250MM - WADFOW,30400,https://electroparb-cdnnet/rails/active_storage/representations/proxy/eyJfcmFpbHMiOnsibWVzc2FnZSI6IkJBaHBBeFVaQWc9PSIsImV4cCI6bnVsbCwicHVyIjoiYmxvYl9pZCJ9fQ==--79d9e380e44be43c505f2017dd9459f0bc3668ff/eyJfcmFpbHMiOnsibWVzc2FnZSI6IkJBaDdCem9MWm05eWJXRjBTU0lJY0c1bkJqb0dSVlE2RTNKbGMybDZaVjloYm1SZmNHRmtXd2RwQWl3QmFRSXNBUT09IiwiZXhwIjpudWxsLCJwdXIiOiJ2YXJpYXRpb24ifX0=--fa23aa9ec7952f6a86cb111d4c220324ce1e4514/126098png,/opt/odoo/odoo8084/electropar_images/CEPILLO_DE_BLOQUE_250MM_-_WADFOWpng
CERROJO 2PULG - TOTAL,5600,https://electroparb-cdnnet/rails/active_storage/representations/proxy/eyJfcmFpbHMiOnsibWVzc2FnZSI6IkJBaHBBK1FkQWc9PSIsImV4cCI6bnVsbCwicHVyIjoiYmxvYl9pZCJ9fQ==--ec5a95018580d2528fd9c920ddebe5342e7b14a2/eyJfcmFpbHMiOnsibWVzc2FnZSI6IkJBaDdCem9MWm05eWJXRjBTU0lJYW5CbkJqb0dSVlE2RTNKbGMybDZaVjloYm1SZmNHRmtXd2RwQWl3QmFRSXNBUT09IiwiZXhwIjpudWxsLCJwdXIiOiJ2YXJpYXRpb24ifX0=--6cb9da79ecc04d7c8e10b3563f9294560e1bfed2/127312jpg,/opt/odoo/odoo8084/electropar_images/CERROJO_2PULG_-_TOTALjpg
CERROJO 4PULG - TOTAL,9301,https://electroparb-cdnnet/rails/active_storage/representations/proxy/eyJfcmFpbHMiOnsibWVzc2FnZSI6IkJBaHBBK1lkQWc9PSIsImV4cCI6bnVsbCwicHVyIjoiYmxvYl9pZCJ9fQ==--26fc3dc5beb67430a46d7d580f239c3ed5fcdba3/eyJfcmFpbHMiOnsibWVzc2FnZSI6IkJBaDdCem9MWm05eWJXRjBTU0lJYW5CbkJqb0dSVlE2RTNKbGMybDZaVjloYm1SZmNHRmtXd2RwQWl3QmFRSXNBUT09IiwiZXhwIjpudWxsLCJwdXIiOiJ2YXJpYXRpb24ifX0=--6cb9da79ecc04d7c8e10b3563f9294560e1bfed2/127314jpg,/opt/odoo/odoo8084/electropar_images/CERROJO_4PULG_-_TOTALjpg
CINCEL DE CONCRETO 4X16X305 - 40CR - TOTAL,28001,https://electroparb-cdnnet/rails/active_storage/representations/proxy/eyJfcmFpbHMiOnsibWVzc2FnZSI6IkJBaHBBNDRkQWc9PSIsImV4cCI6bnVsbCwicHVyIjoiYmxvYl9pZCJ9fQ==--1ce387c6babe69d516b210a0a3f5f4d4f581e29d/eyJfcmFpbHMiOnsibWVzc2FnZSI6IkJBaDdCem9MWm05eWJXRjBTU0lJYW5CbkJqb0dSVlE2RTNKbGMybDZaVjloYm1SZmNHRmtXd2RwQWl3QmFRSXNBUT09IiwiZXhwIjpudWxsLCJwdXIiOiJ2YXJpYXRpb24ifX0=--6cb9da79ecc04d7c8e10b3563f9294560e1bfed2/127262jpg,/opt/odoo/odoo8084/electropar_images/CINCEL_DE_CONCRETO_4X16X305_-_40CR_-_TOTALjpg
CUCHARA PARA ALBAÑILERÍA 200MM - TOTAL,21200,https://electroparb-cdnnet/rails/active_storage/representations/proxy/eyJfcmFpbHMiOnsibWVzc2FnZSI6IkJBaHBBOFFkQWc9PSIsImV4cCI6bnVsbCwicHVyIjoiYmxvYl9pZCJ9fQ==--87f57a0daf55c35938e0dd89bb0c8969637f2340/eyJfcmFpbHMiOnsibWVzc2FnZSI6IkJBaDdCem9MWm05eWJXRjBTU0lJYW5CbkJqb0dSVlE2RTNKbGMybDZaVjloYm1SZmNHRmtXd2RwQWl3QmFRSXNBUT09IiwiZXhwIjpudWxsLCJwdXIiOiJ2YXJpYXRpb24ifX0=--6cb9da79ecc04d7c8e10b3563f9294560e1bfed2/127293jpg,/opt/odoo/odoo8084/electropar_images/CUCHARA_PARA_ALBA_ILER_A_200MM_-_TOTALjpg
CUCHARA PARA ALBAÑILERÍA 230MM - TOTAL,16400,https://electroparb-cdnnet/rails/active_storage/representations/proxy/eyJfcmFpbHMiOnsibWVzc2FnZSI6IkJBaHBBOFVkQWc9PSIsImV4cCI6bnVsbCwicHVyIjoiYmxvYl9pZCJ9fQ==--6d4fe0773c4348feccc8d14606e7a23a8dc47a0e/eyJfcmFpbHMiOnsibWVzc2FnZSI6IkJBaDdCem9MWm05eWJXRjBTU0lJYW5CbkJqb0dSVlE2RTNKbGMybDZaVjloYm1SZmNHRmtXd2RwQWl3QmFRSXNBUT09IiwiZXhwIjpudWxsLCJwdXIiOiJ2YXJpYXRpb24ifX0=--6cb9da79ecc04d7c8e10b3563f9294560e1bfed2/127294jpg,/opt/odoo/odoo8084/electropar_images/CUCHARA_PARA_ALBA_ILER_A_230MM_-_TOTALjpg
CUCHILLA PARA CORTADORA DE AZULEJOS THT5760002 Y,22000,https://electroparb-cdnnet/rails/active_storage/representations/proxy/eyJfcmFpbHMiOnsibWVzc2FnZSI6IkJBaHBBdzYvQWc9PSIsImV4cCI6bnVsbCwicHVyIjoiYmxvYl9pZCJ9fQ==--cf6d5c917e101006861624a6705bfafd7346d5c5/eyJfcmFpbHMiOnsibWVzc2FnZSI6IkJBaDdCem9MWm05eWJXRjBTU0lJY0c1bkJqb0dSVlE2RTNKbGMybDZaVjloYm1SZmNHRmtXd2RwQWl3QmFRSXNBUT09IiwiZXhwIjpudWxsLCJwdXIiOiJ2YXJpYXRpb24ifX0=--fa23aa9ec7952f6a86cb111d4c220324ce1e4514/1322801png,/opt/odoo/odoo8084/electropar_images/CUCHILLA_PARA_CORTADORA_DE_AZULEJOS_THT5760002_Ypng
MARTILLO CARPINTERO (UÑA)MAGNÉTICO 220GR MANGO DE FIBRA,33800,https://electroparb-cdnnet/rails/active_storage/representations/proxy/eyJfcmFpbHMiOnsibWVzc2FnZSI6IkJBaHBBM2liQWc9PSIsImV4cCI6bnVsbCwicHVyIjoiYmxvYl9pZCJ9fQ==--1396bdb14f2ef0d1b40dc8ec1bce914d1100d44b/eyJfcmFpbHMiOnsibWVzc2FnZSI6IkJBaDdCem9MWm05eWJXRjBTU0lJY0c1bkJqb0dSVlE2RTNKbGMybDZaVjloYm1SZmNHRmtXd2RwQWl3QmFRSXNBUT09IiwiZXhwIjpudWxsLCJwdXIiOiJ2YXJpYXRpb24ifX0=--fa23aa9ec7952f6a86cb111d4c220324ce1e4514/130466png,/opt/odoo/odoo8084/electropar_images/MARTILLO_CARPINTERO__U_A_MAGN_TICO_220GR_MANGO_DE_FIBRApng
MARTILLO CARPINTERO (UÑA)MAGNÉTICO 440GR MANGO DE FIBRA,42000,https://electroparb-cdnnet/rails/active_storage/representations/proxy/eyJfcmFpbHMiOnsibWVzc2FnZSI6IkJBaHBBNWFiQWc9PSIsImV4cCI6bnVsbCwicHVyIjoiYmxvYl9pZCJ9fQ==--bcfe806601a382fab2f75a2969d466ecdaa35c1b/eyJfcmFpbHMiOnsibWVzc2FnZSI6IkJBaDdCem9MWm05eWJXRjBTU0lJY0c1bkJqb0dSVlE2RTNKbGMybDZaVjloYm1SZmNHRmtXd2RwQWl3QmFRSXNBUT09IiwiZXhwIjpudWxsLCJwdXIiOiJ2YXJpYXRpb24ifX0=--fa23aa9ec7952f6a86cb111d4c220324ce1e4514/130467png,/opt/odoo/odoo8084/electropar_images/MARTILLO_CARPINTERO__U_A_MAGN_TICO_440GR_MANGO_DE_FIBRApng
MARTILLO PICAPIEDRA 1000GR - TOTAL,61100,https://electroparb-cdnnet/rails/active_storage/representations/proxy/eyJfcmFpbHMiOnsibWVzc2FnZSI6IkJBaHBBM21iQWc9PSIsImV4cCI6bnVsbCwicHVyIjoiYmxvYl9pZCJ9fQ==--788ab70702f1bd66b7e3453ec8d405ad3454434d/eyJfcmFpbHMiOnsibWVzc2FnZSI6IkJBaDdCem9MWm05eWJXRjBTU0lJY0c1bkJqb0dSVlE2RTNKbGMybDZaVjloYm1SZmNHRmtXd2RwQWl3QmFRSXNBUT09IiwiZXhwIjpudWxsLCJwdXIiOiJ2YXJpYXRpb24ifX0=--fa23aa9ec7952f6a86cb111d4c220324ce1e4514/130468png,/opt/odoo/odoo8084/electropar_images/MARTILLO_PICAPIEDRA_1000GR_-_TOTALpng
CEPILLO DE ALAMBARE 270MM - TOTAL,15300,https://electroparb-cdnnet/rails/active_storage/representations/proxy/eyJfcmFpbHMiOnsibWVzc2FnZSI6IkJBaHBBM2VtQWc9PSIsImV4cCI6bnVsbCwicHVyIjoiYmxvYl9pZCJ9fQ==--5bd5d3b4431ceff742d7208d6b8ef291d67951e9/eyJfcmFpbHMiOnsibWVzc2FnZSI6IkJBaDdCem9MWm05eWJXRjBTU0lJY0c1bkJqb0dSVlE2RTNKbGMybDZaVjloYm1SZmNHRmtXd2RwQWl3QmFRSXNBUT09IiwiZXhwIjpudWxsLCJwdXIiOiJ2YXJpYXRpb24ifX0=--fa23aa9ec7952f6a86cb111d4c220324ce1e4514/130766png,/opt/odoo/odoo8084/electropar_images/CEPILLO_DE_ALAMBARE_270MM_-_TOTALpng
CATRACA Y CINTA 2TONX10M - THTRS2101  - TOTAL,115600,https://electroparb-cdnnet/rails/active_storage/representations/proxy/eyJfcmFpbHMiOnsibWVzc2FnZSI6IkJBaHBBeVdUQWc9PSIsImV4cCI6bnVsbCwicHVyIjoiYmxvYl9pZCJ9fQ==--7ca87afe02b3ed3e76918f3b3fa278f13ccdad99/eyJfcmFpbHMiOnsibWVzc2FnZSI6IkJBaDdCem9MWm05eWJXRjBTU0lJY0c1bkJqb0dSVlE2RTNKbGMybDZaVjloYm1SZmNHRmtXd2RwQWl3QmFRSXNBUT09IiwiZXhwIjpudWxsLCJwdXIiOiJ2YXJpYXRpb24ifX0=--fa23aa9ec7952f6a86cb111d4c220324ce1e4514/129627png,/opt/odoo/odoo8084/electropar_images/CATRACA_Y_CINTA_2TONX10M_-_THTRS2101__-_TOTALpng
CATRACA Y CINTA 5TONX10M - GANCHO DOBLE J - THTRS5101 -,222701,https://electroparb-cdnnet/rails/active_storage/representations/proxy/eyJfcmFpbHMiOnsibWVzc2FnZSI6IkJBaHBBODJLQWc9PSIsImV4cCI6bnVsbCwicHVyIjoiYmxvYl9pZCJ9fQ==--4dc7a990ac7d96fe0edc946b534175ff74c6ab7e/eyJfcmFpbHMiOnsibWVzc2FnZSI6IkJBaDdCem9MWm05eWJXRjBTU0lJY0c1bkJqb0dSVlE2RTNKbGMybDZaVjloYm1SZmNHRmtXd2RwQWl3QmFRSXNBUT09IiwiZXhwIjpudWxsLCJwdXIiOiJ2YXJpYXRpb24ifX0=--fa23aa9ec7952f6a86cb111d4c220324ce1e4514/129628png,/opt/odoo/odoo8084/electropar_images/CATRACA_Y_CINTA_5TONX10M_-_GANCHO_DOBLE_J_-_THTRS5101_-png
CANDADO 50MM (LATON) - TOTAL,61400,https://electroparb-cdnnet/rails/active_storage/representations/proxy/eyJfcmFpbHMiOnsibWVzc2FnZSI6IkJBaHBBeDJzQWc9PSIsImV4cCI6bnVsbCwicHVyIjoiYmxvYl9pZCJ9fQ==--41ed6a7c46e4b444cd7c390f45de7b40592a0f8f/eyJfcmFpbHMiOnsibWVzc2FnZSI6IkJBaDdCem9MWm05eWJXRjBTU0lJY0c1bkJqb0dSVlE2RTNKbGMybDZaVjloYm1SZmNHRmtXd2RwQWl3QmFRSXNBUT09IiwiZXhwIjpudWxsLCJwdXIiOiJ2YXJpYXRpb24ifX0=--fa23aa9ec7952f6a86cb111d4c220324ce1e4514/131595png,/opt/odoo/odoo8084/electropar_images/CANDADO_50MM__LATON__-_TOTALpng
CANDADO 60MM (LATON) - TOTAL,79200,https://electroparb-cdnnet/rails/active_storage/representations/proxy/eyJfcmFpbHMiOnsibWVzc2FnZSI6IkJBaHBBMTZ3QWc9PSIsImV4cCI6bnVsbCwicHVyIjoiYmxvYl9pZCJ9fQ==--12a140ee80e6f388fe3cfa4612759c247b29b88a/eyJfcmFpbHMiOnsibWVzc2FnZSI6IkJBaDdCem9MWm05eWJXRjBTU0lJY0c1bkJqb0dSVlE2RTNKbGMybDZaVjloYm1SZmNHRmtXd2RwQWl3QmFRSXNBUT09IiwiZXhwIjpudWxsLCJwdXIiOiJ2YXJpYXRpb24ifX0=--fa23aa9ec7952f6a86cb111d4c220324ce1e4514/131596png,/opt/odoo/odoo8084/electropar_images/CANDADO_60MM__LATON__-_TOTALpng
MAZO 45KG (10 LBS) - TOTAL,169000,https://electroparb-cdnnet/rails/active_storage/representations/proxy/eyJfcmFpbHMiOnsibWVzc2FnZSI6IkJBaHBBMzJ5QWc9PSIsImV4cCI6bnVsbCwicHVyIjoiYmxvYl9pZCJ9fQ==--bac51c2d7c30132f9a6f8c413136c8f2b3160860/eyJfcmFpbHMiOnsibWVzc2FnZSI6IkJBaDdCem9MWm05eWJXRjBTU0lJY0c1bkJqb0dSVlE2RTNKbGMybDZaVjloYm1SZmNHRmtXd2RwQWl3QmFRSXNBUT09IiwiZXhwIjpudWxsLCJwdXIiOiJ2YXJpYXRpb24ifX0=--fa23aa9ec7952f6a86cb111d4c220324ce1e4514/1319791png,/opt/odoo/odoo8084/electropar_images/MAZO_45KG__10_LBS__-_TOTALpng
CINCEL FRIO (CORTAHIERRO) 19X16X305MM - TOTAL,39900,https://electroparb-cdnnet/rails/active_storage/representations/proxy/eyJfcmFpbHMiOnsibWVzc2FnZSI6IkJBaHBBNGFtQWc9PSIsImV4cCI6bnVsbCwicHVyIjoiYmxvYl9pZCJ9fQ==--9e08d22576ff58a15e5259108a512d22883f57c4/eyJfcmFpbHMiOnsibWVzc2FnZSI6IkJBaDdCem9MWm05eWJXRjBTU0lJY0c1bkJqb0dSVlE2RTNKbGMybDZaVjloYm1SZmNHRmtXd2RwQWl3QmFRSXNBUT09IiwiZXhwIjpudWxsLCJwdXIiOiJ2YXJpYXRpb24ifX0=--fa23aa9ec7952f6a86cb111d4c220324ce1e4514/131199png,/opt/odoo/odoo8084/electropar_images/CINCEL_FRIO__CORTAHIERRO__19X16X305MM_-_TOTALpng
MARTILLO CARPINTERO (UÑA) MINI 220GR - TOTAL,29000,https://electroparb-cdnnet/rails/active_storage/representations/proxy/eyJfcmFpbHMiOnsibWVzc2FnZSI6IkJBaHBBM1BHQWc9PSIsImV4cCI6bnVsbCwicHVyIjoiYmxvYl9pZCJ9fQ==--35d7cd4a5065b5b8acc7bb86b5c38a19d94eb48b/eyJfcmFpbHMiOnsibWVzc2FnZSI6IkJBaDdCem9MWm05eWJXRjBTU0lJY0c1bkJqb0dSVlE2RTNKbGMybDZaVjloYm1SZmNHRmtXd2RwQWl3QmFRSXNBUT09IiwiZXhwIjpudWxsLCJwdXIiOiJ2YXJpYXRpb24ifX0=--fa23aa9ec7952f6a86cb111d4c220324ce1e4514/132631png,/opt/odoo/odoo8084/electropar_images/MARTILLO_CARPINTERO__U_A__MINI_220GR_-_TOTALpng
MARTILLO DE GOMA 450GR - TOTAL,24500,https://electroparb-cdnnet/rails/active_storage/representations/proxy/eyJfcmFpbHMiOnsibWVzc2FnZSI6IkJBaHBBN0RFQWc9PSIsImV4cCI6bnVsbCwicHVyIjoiYmxvYl9pZCJ9fQ==--b0ff074fe63657ba18d04c9c4512f59c23a76af2/eyJfcmFpbHMiOnsibWVzc2FnZSI6IkJBaDdCem9MWm05eWJXRjBTU0lJY0c1bkJqb0dSVlE2RTNKbGMybDZaVjloYm1SZmNHRmtXd2RwQWl3QmFRSXNBUT09IiwiZXhwIjpudWxsLCJwdXIiOiJ2YXJpYXRpb24ifX0=--fa23aa9ec7952f6a86cb111d4c220324ce1e4514/132632png,/opt/odoo/odoo8084/electropar_images/MARTILLO_DE_GOMA_450GR_-_TOTALpng
CLAVIJAS PARA CLAVADORA 50MM (5000 PZS) - TOTAL,59000,https://electroparb-cdnnet/rails/active_storage/representations/proxy/eyJfcmFpbHMiOnsibWVzc2FnZSI6IkJBaHBBM3JHQWc9PSIsImV4cCI6bnVsbCwicHVyIjoiYmxvYl9pZCJ9fQ==--7675bd5d7da99f62a8483ee4062ff7cf70cbb2bc/eyJfcmFpbHMiOnsibWVzc2FnZSI6IkJBaDdCem9MWm05eWJXRjBTU0lJY0c1bkJqb0dSVlE2RTNKbGMybDZaVjloYm1SZmNHRmtXd2RwQWl3QmFRSXNBUT09IiwiZXhwIjpudWxsLCJwdXIiOiJ2YXJpYXRpb24ifX0=--fa23aa9ec7952f6a86cb111d4c220324ce1e4514/132953png,/opt/odoo/odoo8084/electropar_images/CLAVIJAS_PARA_CLAVADORA_50MM__5000_PZS__-_TOTALpng
MARTILLO MAZO 5KG - TOTAL,198000,https://electroparb-cdnnet/rails/active_storage/representations/proxy/eyJfcmFpbHMiOnsibWVzc2FnZSI6IkJBaHBBd3ZFQWc9PSIsImV4cCI6bnVsbCwicHVyIjoiYmxvYl9pZCJ9fQ==--dfdea3a6c621112858550d375dbf3f7f2945ddd2/eyJfcmFpbHMiOnsibWVzc2FnZSI6IkJBaDdCem9MWm05eWJXRjBTU0lJY0c1bkJqb0dSVlE2RTNKbGMybDZaVjloYm1SZmNHRmtXd2RwQWl3QmFRSXNBUT09IiwiZXhwIjpudWxsLCJwdXIiOiJ2YXJpYXRpb24ifX0=--fa23aa9ec7952f6a86cb111d4c220324ce1e4514/132981png,/opt/odoo/odoo8084/electropar_images/MARTILLO_MAZO_5KG_-_TOTALpng
MARTILLO CARPINTERO (UÑA) 450G  MANGO ANTIIMPACTO - TOTAL,74000,https://electroparb-cdnnet/rails/active_storage/representations/proxy/eyJfcmFpbHMiOnsibWVzc2FnZSI6IkJBaHBBNXZOQWc9PSIsImV4cCI6bnVsbCwicHVyIjoiYmxvYl9pZCJ9fQ==--b38d554b28bb5c7d4bfd7a540e294817b8d6aa20/eyJfcmFpbHMiOnsibWVzc2FnZSI6IkJBaDdCem9MWm05eWJXRjBTU0lJY0c1bkJqb0dSVlE2RTNKbGMybDZaVjloYm1SZmNHRmtXd2RwQWl3QmFRSXNBUT09IiwiZXhwIjpudWxsLCJwdXIiOiJ2YXJpYXRpb24ifX0=--fa23aa9ec7952f6a86cb111d4c220324ce1e4514/133282png,/opt/odoo/odoo8084/electropar_images/MARTILLO_CARPINTERO__U_A__450G__MANGO_ANTIIMPACTO_-_TOTALpng
PINCEL DE PINTURA 50MM (CERDA 57X18MM) - TOTAL,16000,https://electroparb-cdnnet/rails/active_storage/representations/proxy/eyJfcmFpbHMiOnsibWVzc2FnZSI6IkJBaHBBNEhaQWc9PSIsImV4cCI6bnVsbCwicHVyIjoiYmxvYl9pZCJ9fQ==--bebee58e2f917c320f8cf921e0c7d8302a1a14a4/eyJfcmFpbHMiOnsibWVzc2FnZSI6IkJBaDdCem9MWm05eWJXRjBTU0lJY0c1bkJqb0dSVlE2RTNKbGMybDZaVjloYm1SZmNHRmtXd2RwQWl3QmFRSXNBUT09IiwiZXhwIjpudWxsLCJwdXIiOiJ2YXJpYXRpb24ifX0=--fa23aa9ec7952f6a86cb111d4c220324ce1e4514/133695png,/opt/odoo/odoo8084/electropar_images/PINCEL_DE_PINTURA_50MM__CERDA_57X18MM__-_TOTALpng
CINCEL DE CONCRETO 4X16X305MM - THT4530416 - TOTAL,29000,https://electroparb-cdnnet/rails/active_storage/representations/proxy/eyJfcmFpbHMiOnsibWVzc2FnZSI6IkJBaHBBeEhVQWc9PSIsImV4cCI6bnVsbCwicHVyIjoiYmxvYl9pZCJ9fQ==--ad1526ac2fba07d0bc66f59033b81084be4474b6/eyJfcmFpbHMiOnsibWVzc2FnZSI6IkJBaDdCem9MWm05eWJXRjBTU0lJY0c1bkJqb0dSVlE2RTNKbGMybDZaVjloYm1SZmNHRmtXd2RwQWl3QmFRSXNBUT09IiwiZXhwIjpudWxsLCJwdXIiOiJ2YXJpYXRpb24ifX0=--fa23aa9ec7952f6a86cb111d4c220324ce1e4514/133704png,/opt/odoo/odoo8084/electropar_images/CINCEL_DE_CONCRETO_4X16X305MM_-_THT4530416_-_TOTALpng
CLAVIJAS PARA CLAVADORA 35MM (6000 PZS) - TOTAL,48000,https://electroparb-cdnnet/rails/active_storage/representations/proxy/eyJfcmFpbHMiOnsibWVzc2FnZSI6IkJBaHBBeExVQWc9PSIsImV4cCI6bnVsbCwicHVyIjoiYmxvYl9pZCJ9fQ==--ef26a3f151f22d558c6a814ab423fe1b88299777/eyJfcmFpbHMiOnsibWVzc2FnZSI6IkJBaDdCem9MWm05eWJXRjBTU0lJY0c1bkJqb0dSVlE2RTNKbGMybDZaVjloYm1SZmNHRmtXd2RwQWl3QmFRSXNBUT09IiwiZXhwIjpudWxsLCJwdXIiOiJ2YXJpYXRpb24ifX0=--fa23aa9ec7952f6a86cb111d4c220324ce1e4514/133706png,/opt/odoo/odoo8084/electropar_images/CLAVIJAS_PARA_CLAVADORA_35MM__6000_PZS__-_TOTALpng
CLAVIJAS PARA CLAVADORA 50MM (6000 PZS) - TOTAL,68200,https://electroparb-cdnnet/rails/active_storage/representations/proxy/eyJfcmFpbHMiOnsibWVzc2FnZSI6IkJBaHBBMmpUQWc9PSIsImV4cCI6bnVsbCwicHVyIjoiYmxvYl9pZCJ9fQ==--c66c45c5c88126f4e451f3625a16fcbfb2d52bbf/eyJfcmFpbHMiOnsibWVzc2FnZSI6IkJBaDdCem9MWm05eWJXRjBTU0lJY0c1bkJqb0dSVlE2RTNKbGMybDZaVjloYm1SZmNHRmtXd2RwQWl3QmFRSXNBUT09IiwiZXhwIjpudWxsLCJwdXIiOiJ2YXJpYXRpb24ifX0=--fa23aa9ec7952f6a86cb111d4c220324ce1e4514/133707png,/opt/odoo/odoo8084/electropar_images/CLAVIJAS_PARA_CLAVADORA_50MM__6000_PZS__-_TOTALpng
MARTILLO DE GOMA 220GR (8OZ) - THRUH6808 - TOTAL,19600,https://electroparb-cdnnet/rails/active_storage/representations/proxy/eyJfcmFpbHMiOnsibWVzc2FnZSI6IkJBaHBBMnZUQWc9PSIsImV4cCI6bnVsbCwicHVyIjoiYmxvYl9pZCJ9fQ==--213005f5e2a3359f1c9e76042ec3d926b84733c3/eyJfcmFpbHMiOnsibWVzc2FnZSI6IkJBaDdCem9MWm05eWJXRjBTU0lJY0c1bkJqb0dSVlE2RTNKbGMybDZaVjloYm1SZmNHRmtXd2RwQWl3QmFRSXNBUT09IiwiZXhwIjpudWxsLCJwdXIiOiJ2YXJpYXRpb24ifX0=--fa23aa9ec7952f6a86cb111d4c220324ce1e4514/133739png,/opt/odoo/odoo8084/electropar_images/MARTILLO_DE_GOMA_220GR__8OZ__-_THRUH6808_-_TOTALpng
EXTENSION DE CABLE SCHUKO 5M (CABLE 3X15MM2) - WADFOW,34000,https://electroparb-cdnnet/rails/active_storage/representations/proxy/eyJfcmFpbHMiOnsibWVzc2FnZSI6IkJBaHBBKy9aQWc9PSIsImV4cCI6bnVsbCwicHVyIjoiYmxvYl9pZCJ9fQ==--84276e7f63519ba5657e6b90804675c810363114/eyJfcmFpbHMiOnsibWVzc2FnZSI6IkJBaDdCem9MWm05eWJXRjBTU0lJY0c1bkJqb0dSVlE2RTNKbGMybDZaVjloYm1SZmNHRmtXd2RwQWl3QmFRSXNBUT09IiwiZXhwIjpudWxsLCJwdXIiOiJ2YXJpYXRpb24ifX0=--fa23aa9ec7952f6a86cb111d4c220324ce1e4514/134086png,/opt/odoo/odoo8084/electropar_images/EXTENSION_DE_CABLE_SCHUKO_5M__CABLE_3X15MM2__-_WADFOWpng
ESPATULA PARA MASILLA 50MM - WADFOW,8700,https://electroparb-cdnnet/rails/active_storage/representations/proxy/eyJfcmFpbHMiOnsibWVzc2FnZSI6IkJBaHBBMDdkQWc9PSIsImV4cCI6bnVsbCwicHVyIjoiYmxvYl9pZCJ9fQ==--2e1b21c5f9b6e7183372fbc4db43db90eedc574f/eyJfcmFpbHMiOnsibWVzc2FnZSI6IkJBaDdCem9MWm05eWJXRjBTU0lJYW5CbkJqb0dSVlE2RTNKbGMybDZaVjloYm1SZmNHRmtXd2RwQWl3QmFRSXNBUT09IiwiZXhwIjpudWxsLCJwdXIiOiJ2YXJpYXRpb24ifX0=--6cb9da79ecc04d7c8e10b3563f9294560e1bfed2/134088jpg,/opt/odoo/odoo8084/electropar_images/ESPATULA_PARA_MASILLA_50MM_-_WADFOWjpg
CUCHILLA PARA CORTADORA DE AZULEJOS 600MM WTR1506 - WADFOW,16700,https://electroparb-cdnnet/rails/active_storage/representations/proxy/eyJfcmFpbHMiOnsibWVzc2FnZSI6IkJBaHBBejNjQWc9PSIsImV4cCI6bnVsbCwicHVyIjoiYmxvYl9pZCJ9fQ==--8ac47a602a15aac7a7884794a900662a147b457f/eyJfcmFpbHMiOnsibWVzc2FnZSI6IkJBaDdCem9MWm05eWJXRjBTU0lJYW5CbkJqb0dSVlE2RTNKbGMybDZaVjloYm1SZmNHRmtXd2RwQWl3QmFRSXNBUT09IiwiZXhwIjpudWxsLCJwdXIiOiJ2YXJpYXRpb24ifX0=--6cb9da79ecc04d7c8e10b3563f9294560e1bfed2/134089jpg,/opt/odoo/odoo8084/electropar_images/CUCHILLA_PARA_CORTADORA_DE_AZULEJOS_600MM_WTR1506_-_WADFOWjpg
CONTENEDOR GABETA APILABLE 325X205X140MM - WADFOW,26100,https://electroparb-cdnnet/rails/active_storage/representations/proxy/eyJfcmFpbHMiOnsibWVzc2FnZSI6IkJBaHBBMC9kQWc9PSIsImV4cCI6bnVsbCwicHVyIjoiYmxvYl9pZCJ9fQ==--6e6653d76ee68750bee70cef3bb00527fb171d1f/eyJfcmFpbHMiOnsibWVzc2FnZSI6IkJBaDdCem9MWm05eWJXRjBTU0lJYW5CbkJqb0dSVlE2RTNKbGMybDZaVjloYm1SZmNHRmtXd2RwQWl3QmFRSXNBUT09IiwiZXhwIjpudWxsLCJwdXIiOiJ2YXJpYXRpb24ifX0=--6cb9da79ecc04d7c8e10b3563f9294560e1bfed2/134090jpg,/opt/odoo/odoo8084/electropar_images/CONTENEDOR_GABETA_APILABLE_325X205X140MM_-_WADFOWjpg
GRAPAS 8X113X07MM PARA ENGRAPADORA MANUAL WGU1608 - WADFOW,3900,https://electroparb-cdnnet/rails/active_storage/representations/proxy/eyJfcmFpbHMiOnsibWVzc2FnZSI6IkJBaHBBMWpkQWc9PSIsImV4cCI6bnVsbCwicHVyIjoiYmxvYl9pZCJ9fQ==--1f95d1ca8cc455cde4045eeb3b4d2c27c05d2620/eyJfcmFpbHMiOnsibWVzc2FnZSI6IkJBaDdCem9MWm05eWJXRjBTU0lJY0c1bkJqb0dSVlE2RTNKbGMybDZaVjloYm1SZmNHRmtXd2RwQWl3QmFRSXNBUT09IiwiZXhwIjpudWxsLCJwdXIiOiJ2YXJpYXRpb24ifX0=--fa23aa9ec7952f6a86cb111d4c220324ce1e4514/134109png,/opt/odoo/odoo8084/electropar_images/GRAPAS_8X113X07MM_PARA_ENGRAPADORA_MANUAL_WGU1608_-_WADFOWpng
