"id","code","name","district_id/id"
"l10npy_rcsdc_1","1","ASUNCION (DISTRITO)","l10npy_rcsd_1"
"l10npy_rcsdc_3889","3889","PARAGUARI","l10npy_rcsd_125"
"l10npy_rcsdc_3890","3890","BARRIO ESTACION","l10npy_rcsd_125"
"l10npy_rcsdc_3891","3891","BARRIO OESTE","l10npy_rcsd_125"
"l10npy_rcsdc_3892","3892","CALLE","l10npy_rcsd_125"
"l10npy_rcsdc_3893","3893","CERRO LEON","l10npy_rcsd_125"
"l10npy_rcsdc_3894","3894","CHOLOLO","l10npy_rcsd_125"
"l10npy_rcsdc_3895","3895","CHOLOLO Y","l10npy_rcsd_125"
"l10npy_rcsdc_3896","3896","COSTA 1A.Y 2A.","l10npy_rcsd_125"
"l10npy_rcsdc_3897","3897","ESTANCIA ALFONSO XIII","l10npy_rcsd_125"
"l10npy_rcsdc_3898","3898","ESTANCIA ARCA DE NOE","l10npy_rcsd_125"
"l10npy_rcsdc_3899","3899","ESTANCIA CNEL.MARTINEZ","l10npy_rcsd_125"
"l10npy_rcsdc_3900","3900","ESTANCIA DELIA CLARA","l10npy_rcsd_125"
"l10npy_rcsdc_3901","3901","ESTANCIA HERRERA","l10npy_rcsd_125"
"l10npy_rcsdc_3902","3902","ESTANCIA LA NORMA","l10npy_rcsd_125"
"l10npy_rcsdc_3903","3903","ESTANCIA MARIA AUXIADORA","l10npy_rcsd_125"
"l10npy_rcsdc_3904","3904","ESTANCIA PARAISO","l10npy_rcsd_125"
"l10npy_rcsdc_3905","3905","ESTANCIA PRIMAVERA","l10npy_rcsd_125"
"l10npy_rcsdc_3906","3906","ESTANCIA NARANJA JHAI","l10npy_rcsd_125"
"l10npy_rcsdc_3907","3907","ESTANCIA SAN ANDRES","l10npy_rcsd_125"
"l10npy_rcsdc_3908","3908","GUARNICION MILITAR","l10npy_rcsd_125"
"l10npy_rcsdc_3909","3909","MBATOVI","l10npy_rcsd_125"
"l10npy_rcsdc_3910","3910","PARAGUARI (MUNICIPIO)","l10npy_rcsd_125"
"l10npy_rcsdc_3911","3911","PUERTO REAL","l10npy_rcsd_125"
"l10npy_rcsdc_3912","3912","PUESTO SALINAS","l10npy_rcsd_125"
"l10npy_rcsdc_3913","3913","SOTE","l10npy_rcsd_125"
"l10npy_rcsdc_5772","5772","ESTANCIA LAS ROSAS","l10npy_rcsd_125"
"l10npy_rcsdc_5773","5773","JORGE LOPEZ MOREIRA","l10npy_rcsd_125"
"l10npy_rcsdc_3914","3914","ARROYO VERDE","l10npy_rcsd_126"
"l10npy_rcsdc_3915","3915","BARRIO 15 DE AGOSTO 1A.","l10npy_rcsd_126"
"l10npy_rcsdc_3916","3916","BARRIO 15 DE AGOSTO 2A.","l10npy_rcsd_126"
"l10npy_rcsdc_3917","3917","BARRIO M.CARD","l10npy_rcsd_126"
"l10npy_rcsdc_3918","3918","BARRIO SAN BLAS","l10npy_rcsd_126"
"l10npy_rcsdc_3919","3919","CARAGUATAY","l10npy_rcsd_126"
"l10npy_rcsdc_3920","3920","CARAGUATAY MI","l10npy_rcsd_126"
"l10npy_rcsdc_3921","3921","CERRO GUY","l10npy_rcsd_126"
"l10npy_rcsdc_3922","3922","COSTA BAEZ CAAGUY","l10npy_rcsd_126"
"l10npy_rcsdc_3923","3923","COSTA BAEZ YUKYTY","l10npy_rcsd_126"
"l10npy_rcsdc_3924","3924","COSTA PEÑA","l10npy_rcsd_126"
"l10npy_rcsdc_3925","3925","ESTACION BUENA VISTA","l10npy_rcsd_126"
"l10npy_rcsdc_3926","3926","ISLERIA","l10npy_rcsd_126"
"l10npy_rcsdc_3927","3927","LAGUNA PYTA","l10npy_rcsd_126"
"l10npy_rcsdc_3928","3928","PINTO","l10npy_rcsd_126"
"l10npy_rcsdc_3929","3929","POTRERO ARCE","l10npy_rcsd_126"
"l10npy_rcsdc_3930","3930","RINCON","l10npy_rcsd_126"
"l10npy_rcsdc_3931","3931","SANJITA","l10npy_rcsd_126"
"l10npy_rcsdc_3932","3932","TAPYTANGUA","l10npy_rcsd_126"
"l10npy_rcsdc_3933","3933","VALOIS RIVAROLA","l10npy_rcsd_126"
"l10npy_rcsdc_3934","3934","YAGUARIZO","l10npy_rcsd_126"
"l10npy_rcsdc_3935","3935","ÑUHAI","l10npy_rcsd_126"
"l10npy_rcsdc_5774","5774","ACAHAY","l10npy_rcsd_126"
"l10npy_rcsdc_5775","5775","BARRIO N. BOGARIN","l10npy_rcsd_126"
"l10npy_rcsdc_5776","5776","CERROI CUE","l10npy_rcsd_126"
"l10npy_rcsdc_5777","5777","ISLA BAEZ","l10npy_rcsd_126"
"l10npy_rcsdc_5778","5778","RECOLETA","l10npy_rcsd_126"
"l10npy_rcsdc_5779","5779","YBYRAI TY","l10npy_rcsd_126"
"l10npy_rcsdc_3936","3936","CAAPUCU","l10npy_rcsd_127"
"l10npy_rcsdc_3937","3937","CAAPUCU (MUNICIPIO)","l10npy_rcsd_127"
"l10npy_rcsdc_3938","3938","CAPILLA TUYA","l10npy_rcsd_127"
"l10npy_rcsdc_3939","3939","CERRITO (M. POTRERO)","l10npy_rcsd_127"
"l10npy_rcsdc_3940","3940","CERRO GUY (M.POTRERO)","l10npy_rcsd_127"
"l10npy_rcsdc_3941","3941","CHARARA","l10npy_rcsd_127"
"l10npy_rcsdc_3942","3942","COL.CNEL MONGELOS","l10npy_rcsd_127"
"l10npy_rcsdc_3943","3943","ESTANCIA BARRERITO","l10npy_rcsd_127"
"l10npy_rcsdc_3944","3944","ESTANCIA BRUYN","l10npy_rcsd_127"
"l10npy_rcsdc_3945","3945","ESTANCIA CONGO I","l10npy_rcsd_127"
"l10npy_rcsdc_3946","3946","ESTANCIA DA SILVA","l10npy_rcsd_127"
"l10npy_rcsdc_3947","3947","ESTANCIA MARTINEZ Y OTRO","l10npy_rcsd_127"
"l10npy_rcsdc_3948","3948","ESTANCIA RAMIREZ","l10npy_rcsd_127"
"l10npy_rcsdc_5082","5082","ESTANCIA SANTA TERESA","l10npy_rcsd_127"
"l10npy_rcsdc_5083","5083","ISLERIA","l10npy_rcsd_127"
"l10npy_rcsdc_5084","5084","ITAPE","l10npy_rcsd_127"
"l10npy_rcsdc_5085","5085","MANUELA CUE","l10npy_rcsd_127"
"l10npy_rcsdc_5086","5086","MBOI CUATIA","l10npy_rcsd_127"
"l10npy_rcsdc_5087","5087","PUEBLO JIMENEZ","l10npy_rcsd_127"
"l10npy_rcsdc_5088","5088","PUESTO SANTA GERTRUDIS","l10npy_rcsd_127"
"l10npy_rcsdc_5089","5089","PUESTO ARROYITO (LISBIGE)","l10npy_rcsd_127"
"l10npy_rcsdc_5090","5090","PUESTO CONGO GUAZU","l10npy_rcsd_127"
"l10npy_rcsdc_5091","5091","PUESTO LATA","l10npy_rcsd_127"
"l10npy_rcsdc_5092","5092","RETIRO ISLA ITA (M.P.)","l10npy_rcsd_127"
"l10npy_rcsdc_5093","5093","TAPE GUAZU","l10npy_rcsd_127"
"l10npy_rcsdc_5094","5094","YAGUARETE CUA","l10npy_rcsd_127"
"l10npy_rcsdc_5095","5095","YERE","l10npy_rcsd_127"
"l10npy_rcsdc_5096","5096","YPUCU","l10npy_rcsd_127"
"l10npy_rcsdc_5780","5780","CAMALOTE (M.POTRERO)","l10npy_rcsd_127"
"l10npy_rcsdc_5781","5781","COSTA POI (M.POTRERO)","l10npy_rcsd_127"
"l10npy_rcsdc_5782","5782","ESTANCIA ROMERO","l10npy_rcsd_127"
"l10npy_rcsdc_5097","5097","CABALLERO","l10npy_rcsd_128"
"l10npy_rcsdc_5098","5098","CABALLERO (MUNICIPIO)","l10npy_rcsd_128"
"l10npy_rcsdc_5099","5099","CATALAN","l10npy_rcsd_128"
"l10npy_rcsdc_5100","5100","CERRO ÑU","l10npy_rcsd_128"
"l10npy_rcsdc_5101","5101","CHAURIA","l10npy_rcsd_128"
"l10npy_rcsdc_5102","5102","COSTA JHU","l10npy_rcsd_128"
"l10npy_rcsdc_5103","5103","COSTA PUCU","l10npy_rcsd_128"
"l10npy_rcsdc_5104","5104","FRANCO I","l10npy_rcsd_128"
"l10npy_rcsdc_5105","5105","FRANCO ÑU","l10npy_rcsd_128"
"l10npy_rcsdc_5106","5106","GUAVIRA","l10npy_rcsd_128"
"l10npy_rcsdc_5107","5107","HORQUETA","l10npy_rcsd_128"
"l10npy_rcsdc_5108","5108","IRIARTE","l10npy_rcsd_128"
"l10npy_rcsdc_5109","5109","IRIARTE 2A.","l10npy_rcsd_128"
"l10npy_rcsdc_5110","5110","ISLA SEGURA","l10npy_rcsd_128"
"l10npy_rcsdc_5111","5111","ISLA SEGURA 2A.","l10npy_rcsd_128"
"l10npy_rcsdc_5112","5112","LINDERO","l10npy_rcsd_128"
"l10npy_rcsdc_5113","5113","LOMA PYTA","l10npy_rcsd_128"
"l10npy_rcsdc_5114","5114","PIRAYUBY","l10npy_rcsd_128"
"l10npy_rcsdc_5115","5115","POTRERO NARANJA TY","l10npy_rcsd_128"
"l10npy_rcsdc_5116","5116","POTRERO PUCU","l10npy_rcsd_128"
"l10npy_rcsdc_5117","5117","POTRERO YBATE","l10npy_rcsd_128"
"l10npy_rcsdc_5118","5118","PUERTO FRUTOS","l10npy_rcsd_128"
"l10npy_rcsdc_5119","5119","RETIRO LA HERRADURA","l10npy_rcsd_128"
"l10npy_rcsdc_5120","5120","SAN ANTONIO","l10npy_rcsd_128"
"l10npy_rcsdc_5121","5121","SAN CRISTOBAL","l10npy_rcsd_128"
"l10npy_rcsdc_5122","5122","TTE. MARTINEZ","l10npy_rcsd_128"
"l10npy_rcsdc_5123","5123","ZORRILLA CUE","l10npy_rcsd_128"
"l10npy_rcsdc_5124","5124","CARAPEGUA","l10npy_rcsd_129"
"l10npy_rcsdc_5125","5125","AGUAI Y","l10npy_rcsd_129"
"l10npy_rcsdc_5126","5126","BARRIO MCAL.LOPEZ","l10npy_rcsd_129"
"l10npy_rcsdc_5127","5127","BARRIO STO.DOMINGO","l10npy_rcsd_129"
"l10npy_rcsdc_5128","5128","BENI LOMA","l10npy_rcsd_129"
"l10npy_rcsdc_5129","5129","CAAZAPA","l10npy_rcsd_129"
"l10npy_rcsdc_5130","5130","CALIXTRO","l10npy_rcsd_129"
"l10npy_rcsdc_5131","5131","CARAPEGUA (MUNICIPIO)","l10npy_rcsd_129"
"l10npy_rcsdc_5132","5132","CASA YBATE","l10npy_rcsd_129"
"l10npy_rcsdc_5133","5133","CAÑETE CUE","l10npy_rcsd_129"
"l10npy_rcsdc_5134","5134","CERRITO","l10npy_rcsd_129"
"l10npy_rcsdc_5135","5135","ESPARTILLAR","l10npy_rcsd_129"
"l10npy_rcsdc_5136","5136","FRANCO ISLA","l10npy_rcsd_129"
"l10npy_rcsdc_5137","5137","ISLA YBATE","l10npy_rcsd_129"
"l10npy_rcsdc_5138","5138","NDABARU","l10npy_rcsd_129"
"l10npy_rcsdc_5139","5139","PACHECO","l10npy_rcsd_129"
"l10npy_rcsdc_5140","5140","POTRERO","l10npy_rcsd_129"
"l10npy_rcsdc_5141","5141","TAYY LOMA","l10npy_rcsd_129"
"l10npy_rcsdc_5142","5142","LA COLMENA","l10npy_rcsd_130"
"l10npy_rcsdc_5143","5143","BARRERO AZUL","l10npy_rcsd_130"
"l10npy_rcsdc_5144","5144","CERRITO","l10npy_rcsd_130"
"l10npy_rcsdc_5145","5145","FATIMA","l10npy_rcsd_130"
"l10npy_rcsdc_5146","5146","KAATYMI","l10npy_rcsd_130"
"l10npy_rcsdc_5147","5147","LA COLMENA (MUNICIPIO)","l10npy_rcsd_130"
"l10npy_rcsdc_5148","5148","MBOCAYATY","l10npy_rcsd_130"
"l10npy_rcsdc_5149","5149","PINDOTY","l10npy_rcsd_130"
"l10npy_rcsdc_5150","5150","POTRERO ALTO","l10npy_rcsd_130"
"l10npy_rcsdc_5151","5151","RORY","l10npy_rcsd_130"
"l10npy_rcsdc_5152","5152","SOL NACIENTE","l10npy_rcsd_130"
"l10npy_rcsdc_5153","5153","YAHAPETY","l10npy_rcsd_130"
"l10npy_rcsdc_5154","5154","YBYRA PEPE","l10npy_rcsd_130"
"l10npy_rcsdc_5155","5155","YBAROTY","l10npy_rcsd_130"
"l10npy_rcsdc_5156","5156","ESCOBAR","l10npy_rcsd_131"
"l10npy_rcsdc_5157","5157","ARROYO PORA","l10npy_rcsd_131"
"l10npy_rcsdc_5158","5158","CERRO CUPE","l10npy_rcsd_131"
"l10npy_rcsdc_5159","5159","CHIRCAL","l10npy_rcsd_131"
"l10npy_rcsdc_5160","5160","ESCOBAR (MUNICIPIO)","l10npy_rcsd_131"
"l10npy_rcsdc_5161","5161","ESTANCIA ABELENDA","l10npy_rcsd_131"
"l10npy_rcsdc_5162","5162","ESTANCIA ALONSO","l10npy_rcsd_131"
"l10npy_rcsdc_5163","5163","ESTANCIA CERRITO","l10npy_rcsd_131"
"l10npy_rcsdc_5164","5164","ESTANCIA MEDINA","l10npy_rcsd_131"
"l10npy_rcsdc_5165","5165","ESTANCIA TOÑANEZ","l10npy_rcsd_131"
"l10npy_rcsdc_5166","5166","GRAL.AQUINO","l10npy_rcsd_131"
"l10npy_rcsdc_5167","5167","GUAZU CUA","l10npy_rcsd_131"
"l10npy_rcsdc_5168","5168","MBOCAYATY","l10npy_rcsd_131"
"l10npy_rcsdc_5169","5169","MBOPI CUA","l10npy_rcsd_131"
"l10npy_rcsdc_5170","5170","POTRERO","l10npy_rcsd_131"
"l10npy_rcsdc_5171","5171","RETIRO FRANCIA CUE","l10npy_rcsd_131"
"l10npy_rcsdc_5172","5172","YBYRATY","l10npy_rcsd_131"
"l10npy_rcsdc_5173","5173","YPAU","l10npy_rcsd_131"
"l10npy_rcsdc_5174","5174","MBUYAPEY","l10npy_rcsd_132"
"l10npy_rcsdc_5175","5175","ARROYO COSTA","l10npy_rcsd_132"
"l10npy_rcsdc_5176","5176","BOQUERON","l10npy_rcsd_132"
"l10npy_rcsdc_5177","5177","CERRITO","l10npy_rcsd_132"
"l10npy_rcsdc_5178","5178","COSTA CAPILLA CUE","l10npy_rcsd_132"
"l10npy_rcsdc_5179","5179","COSTA PUCU","l10npy_rcsd_132"
"l10npy_rcsdc_5180","5180","CAAGUY GUAZU","l10npy_rcsd_132"
"l10npy_rcsdc_5181","5181","ELIGIO AYALA","l10npy_rcsd_132"
"l10npy_rcsdc_5182","5182","ESTACION LOMITA","l10npy_rcsd_132"
"l10npy_rcsdc_5183","5183","ESTANCIA ZAPUTOVICH","l10npy_rcsd_132"
"l10npy_rcsdc_5184","5184","GUAVIRA","l10npy_rcsd_132"
"l10npy_rcsdc_5185","5185","ISLA ALTA","l10npy_rcsd_132"
"l10npy_rcsdc_5186","5186","KIMITA","l10npy_rcsd_132"
"l10npy_rcsdc_5187","5187","LA BARU","l10npy_rcsd_132"
"l10npy_rcsdc_5188","5188","LA ROSA","l10npy_rcsd_132"
"l10npy_rcsdc_5189","5189","LOMA GUAZU","l10npy_rcsd_132"
"l10npy_rcsdc_5190","5190","LOMA I","l10npy_rcsd_132"
"l10npy_rcsdc_5191","5191","MBUYAPEY (MUNICIPIO)","l10npy_rcsd_132"
"l10npy_rcsdc_5192","5192","PUERTO FELIPE","l10npy_rcsd_132"
"l10npy_rcsdc_5193","5193","ROA RUGUA","l10npy_rcsd_132"
"l10npy_rcsdc_5194","5194","SOLIS CUE","l10npy_rcsd_132"
"l10npy_rcsdc_5195","5195","TUNA","l10npy_rcsd_132"
"l10npy_rcsdc_5196","5196","ÑANDU RUA","l10npy_rcsd_132"
"l10npy_rcsdc_5197","5197","ÑU AHI","l10npy_rcsd_132"
"l10npy_rcsdc_5198","5198","ÑU APUA","l10npy_rcsd_132"
"l10npy_rcsdc_5855","5855","ÑU APUA MI","l10npy_rcsd_132"
"l10npy_rcsdc_5199","5199","PIRAYU","l10npy_rcsd_133"
"l10npy_rcsdc_5200","5200","ARROYO SERVIN","l10npy_rcsd_133"
"l10npy_rcsdc_5201","5201","ASCURRA","l10npy_rcsd_133"
"l10npy_rcsdc_5202","5202","CAAGUY POTI","l10npy_rcsd_133"
"l10npy_rcsdc_5203","5203","CERRO LEON","l10npy_rcsd_133"
"l10npy_rcsdc_5204","5204","CERRO VERA","l10npy_rcsd_133"
"l10npy_rcsdc_5205","5205","COSTA JHU","l10npy_rcsd_133"
"l10npy_rcsdc_5206","5206","ESTACION CERRO LEON","l10npy_rcsd_133"
"l10npy_rcsdc_5207","5207","PASO MALO","l10npy_rcsd_133"
"l10npy_rcsdc_5208","5208","PIRAYU (MUNICIPIO)","l10npy_rcsd_133"
"l10npy_rcsdc_5209","5209","POTRERO AVENDANA","l10npy_rcsd_133"
"l10npy_rcsdc_5210","5210","PUESTO PALMEROLA","l10npy_rcsd_133"
"l10npy_rcsdc_5211","5211","SANJA JHU","l10npy_rcsd_133"
"l10npy_rcsdc_5212","5212","TUYU CUE","l10npy_rcsd_133"
"l10npy_rcsdc_5213","5213","TUYU CUA COCUE","l10npy_rcsd_133"
"l10npy_rcsdc_5214","5214","YAGUARON YURU","l10npy_rcsd_133"
"l10npy_rcsdc_5215","5215","YCUA CAHU","l10npy_rcsd_133"
"l10npy_rcsdc_5856","5856","CERRO CUPE","l10npy_rcsd_133"
"l10npy_rcsdc_5857","5857","LAS MERCEDES","l10npy_rcsd_133"
"l10npy_rcsdc_5858","5858","TABAI","l10npy_rcsd_133"
"l10npy_rcsdc_5859","5859","YAGUARON YURU RUGUA","l10npy_rcsd_133"
"l10npy_rcsdc_5216","5216","QUIINDY","l10npy_rcsd_134"
"l10npy_rcsdc_5217","5217","ACHOTE I","l10npy_rcsd_134"
"l10npy_rcsdc_5218","5218","BUENA VISTA","l10npy_rcsd_134"
"l10npy_rcsdc_5219","5219","CALLEJON","l10npy_rcsd_134"
"l10npy_rcsdc_5220","5220","CMTE.PERALTA","l10npy_rcsd_134"
"l10npy_rcsdc_5221","5221","COCUERE","l10npy_rcsd_134"
"l10npy_rcsdc_5222","5222","COSTA GAONA","l10npy_rcsd_134"
"l10npy_rcsdc_5223","5223","COSTA IRALA","l10npy_rcsd_134"
"l10npy_rcsdc_5224","5224","CURUCAU","l10npy_rcsd_134"
"l10npy_rcsdc_5225","5225","ESTANCIA R.I.ACHOTEI","l10npy_rcsd_134"
"l10npy_rcsdc_5226","5226","ESTANCIA EGUSQUIZA","l10npy_rcsd_134"
"l10npy_rcsdc_5227","5227","ESTANCIA LUJAN","l10npy_rcsd_134"
"l10npy_rcsdc_5228","5228","ESTANCIA MARIA JULIANA","l10npy_rcsd_134"
"l10npy_rcsdc_5229","5229","ESTANCIA PROSPERIDAD","l10npy_rcsd_134"
"l10npy_rcsdc_5230","5230","ESTANCIA SAN ANTONIO","l10npy_rcsd_134"
"l10npy_rcsdc_5231","5231","ESTANCIA SAN GERONIMO","l10npy_rcsd_134"
"l10npy_rcsdc_5232","5232","ESTANCIA SANJA JHU","l10npy_rcsd_134"
"l10npy_rcsdc_5233","5233","ESTANCIA SILVA","l10npy_rcsd_134"
"l10npy_rcsdc_5234","5234","ESTANCIA VARGAS","l10npy_rcsd_134"
"l10npy_rcsdc_5235","5235","ESTANCIA VARGAS (OJEDA CUE)","l10npy_rcsd_134"
"l10npy_rcsdc_5236","5236","FISCAL (ACHOTEI)","l10npy_rcsd_134"
"l10npy_rcsdc_5237","5237","ISLA CUPE (ACHOTEI)","l10npy_rcsd_134"
"l10npy_rcsdc_5238","5238","ITA CAJON","l10npy_rcsd_134"
"l10npy_rcsdc_5239","5239","LOMA PYTA","l10npy_rcsd_134"
"l10npy_rcsdc_5240","5240","QUIINDY MUNICIPIO","l10npy_rcsd_134"
"l10npy_rcsdc_5241","5241","SAN LORENZO","l10npy_rcsd_134"
"l10npy_rcsdc_5242","5242","VALLE APUA","l10npy_rcsd_134"
"l10npy_rcsdc_5243","5243","TOBATY CUA","l10npy_rcsd_134"
"l10npy_rcsdc_5860","5860","CAÑADA","l10npy_rcsd_134"
"l10npy_rcsdc_5861","5861","COSTA JHU","l10npy_rcsd_134"
"l10npy_rcsdc_5862","5862","ESTANCIA LAS MERCEDES","l10npy_rcsd_134"
"l10npy_rcsdc_5863","5863","ESTANCIA SANTA ISABEL","l10npy_rcsd_134"
"l10npy_rcsdc_5864","5864","LAUREL TY","l10npy_rcsd_134"
"l10npy_rcsdc_5865","5865","TACUARY","l10npy_rcsd_134"
"l10npy_rcsdc_5244","5244","ROQUE GONZALEZ","l10npy_rcsd_135"
"l10npy_rcsdc_5245","5245","ARAZA TY","l10npy_rcsd_135"
"l10npy_rcsdc_5246","5246","CERRITO","l10npy_rcsd_135"
"l10npy_rcsdc_5247","5247","ESTANCIA CARANDAYTY","l10npy_rcsd_135"
"l10npy_rcsdc_5248","5248","ESTANCIA CARAYA","l10npy_rcsd_135"
"l10npy_rcsdc_5249","5249","ESTANCIA CARAYA RUGUA","l10npy_rcsd_135"
"l10npy_rcsdc_5250","5250","ESTANCIA ISLA LEON","l10npy_rcsd_135"
"l10npy_rcsdc_5251","5251","ESTANCIA MARTINEZ","l10npy_rcsd_135"
"l10npy_rcsdc_5252","5252","ESTANCIA VARGAS","l10npy_rcsd_135"
"l10npy_rcsdc_5253","5253","MATACHI","l10npy_rcsd_135"
"l10npy_rcsdc_5254","5254","MBOCAYATY","l10npy_rcsd_135"
"l10npy_rcsdc_5255","5255","MOQUETA","l10npy_rcsd_135"
"l10npy_rcsdc_5256","5256","PORTILLO","l10npy_rcsd_135"
"l10npy_rcsdc_5257","5257","POTRERO","l10npy_rcsd_135"
"l10npy_rcsdc_5258","5258","PUESTO BERUJA","l10npy_rcsd_135"
"l10npy_rcsdc_5259","5259","RINCON","l10npy_rcsd_135"
"l10npy_rcsdc_5260","5260","ROQUE GONZALEZ (MUNICIPIO)","l10npy_rcsd_135"
"l10npy_rcsdc_5261","5261","SIMBRON","l10npy_rcsd_135"
"l10npy_rcsdc_5866","5866","CAÑADA","l10npy_rcsd_135"
"l10npy_rcsdc_5262","5262","SAPUCAI","l10npy_rcsd_136"
"l10npy_rcsdc_5263","5263","ARROYO PORA","l10npy_rcsd_136"
"l10npy_rcsdc_5264","5264","BOLAS CUE","l10npy_rcsd_136"
"l10npy_rcsdc_5265","5265","CERRO ROQUE","l10npy_rcsd_136"
"l10npy_rcsdc_5266","5266","CERRO VERDE","l10npy_rcsd_136"
"l10npy_rcsdc_5267","5267","CHIRCAL","l10npy_rcsd_136"
"l10npy_rcsdc_5268","5268","COL.A. IRALA","l10npy_rcsd_136"
"l10npy_rcsdc_5269","5269","COL.SANTA ISABEL","l10npy_rcsd_136"
"l10npy_rcsdc_5270","5270","COSTA IRALA","l10npy_rcsd_136"
"l10npy_rcsdc_5271","5271","LOMA","l10npy_rcsd_136"
"l10npy_rcsdc_5272","5272","MBOCAYA","l10npy_rcsd_136"
"l10npy_rcsdc_5273","5273","MBOPI CUA","l10npy_rcsd_136"
"l10npy_rcsdc_5274","5274","POTRERO GUAYAIBI","l10npy_rcsd_136"
"l10npy_rcsdc_5275","5275","POTRERO VILLALBA","l10npy_rcsd_136"
"l10npy_rcsdc_5276","5276","SAPUCAI (MUNICIPIO)","l10npy_rcsd_136"
"l10npy_rcsdc_5277","5277","YARIGUA-A","l10npy_rcsd_136"
"l10npy_rcsdc_5278","5278","YBYRATY","l10npy_rcsd_136"
"l10npy_rcsdc_5279","5279","YBYCUI","l10npy_rcsd_137"
"l10npy_rcsdc_5280","5280","ARAZA TY","l10npy_rcsd_137"
"l10npy_rcsdc_5281","5281","BARRIO SAN JOSE","l10npy_rcsd_137"
"l10npy_rcsdc_5282","5282","BARRIO SAN LEON","l10npy_rcsd_137"
"l10npy_rcsdc_5283","5283","BARRIO SAN MIGUEL","l10npy_rcsd_137"
"l10npy_rcsdc_5284","5284","CAAGUY CUPE","l10npy_rcsd_137"
"l10npy_rcsdc_5285","5285","CABALLERO PUNTA","l10npy_rcsd_137"
"l10npy_rcsdc_5286","5286","CAPILLA LOMA","l10npy_rcsd_137"
"l10npy_rcsdc_5287","5287","CAPILLITA","l10npy_rcsd_137"
"l10npy_rcsdc_5288","5288","CARAGUATA RUA","l10npy_rcsd_137"
"l10npy_rcsdc_5289","5289","CARAI MI","l10npy_rcsd_137"
"l10npy_rcsdc_5290","5290","CARBON CUE","l10npy_rcsd_137"
"l10npy_rcsdc_5291","5291","CERRO ACHON","l10npy_rcsd_137"
"l10npy_rcsdc_5292","5292","CERRO CARAPE","l10npy_rcsd_137"
"l10npy_rcsdc_5293","5293","CARRO CORA","l10npy_rcsd_137"
"l10npy_rcsdc_5294","5294","CERRO SAUCE","l10npy_rcsd_137"
"l10npy_rcsdc_5295","5295","COL. GOIBURU","l10npy_rcsd_137"
"l10npy_rcsdc_5296","5296","CORDILLERA","l10npy_rcsd_137"
"l10npy_rcsdc_5297","5297","COSTA","l10npy_rcsd_137"
"l10npy_rcsdc_5298","5298","ENTRE RIOS","l10npy_rcsd_137"
"l10npy_rcsdc_5299","5299","ESTANCIA BENITEZ","l10npy_rcsd_137"
"l10npy_rcsdc_5300","5300","ISLA P.","l10npy_rcsd_137"
"l10npy_rcsdc_5301","5301","MBOCARUZU","l10npy_rcsd_137"
"l10npy_rcsdc_5302","5302","MBOCAYA PUCU","l10npy_rcsd_137"
"l10npy_rcsdc_5303","5303","MBOPI CUA","l10npy_rcsd_137"
"l10npy_rcsdc_5304","5304","MINAS CUE","l10npy_rcsd_137"
"l10npy_rcsdc_5305","5305","NARANJA JHEENDY","l10npy_rcsd_137"
"l10npy_rcsdc_5306","5306","PALACIOS CUE","l10npy_rcsd_137"
"l10npy_rcsdc_5307","5307","PASO PARED","l10npy_rcsd_137"
"l10npy_rcsdc_5308","5308","PASO PINDO","l10npy_rcsd_137"
"l10npy_rcsdc_5309","5309","PEREIRA PEREIRA CUE","l10npy_rcsd_137"
"l10npy_rcsdc_5310","5310","POTRERO ALTO","l10npy_rcsd_137"
"l10npy_rcsdc_5311","5311","PUESTO LA VIRGEN DE LA PAZ","l10npy_rcsd_137"
"l10npy_rcsdc_5312","5312","RINCON GUAZU","l10npy_rcsd_137"
"l10npy_rcsdc_5313","5313","RINCON I","l10npy_rcsd_137"
"l10npy_rcsdc_5314","5314","SANTA ANGELA","l10npy_rcsd_137"
"l10npy_rcsdc_5315","5315","SANTA TERESITA","l10npy_rcsd_137"
"l10npy_rcsdc_5316","5316","TACUAPITY","l10npy_rcsd_137"
"l10npy_rcsdc_5317","5317","TACUARY","l10npy_rcsd_137"
"l10npy_rcsdc_5318","5318","VARGAS LOMA","l10npy_rcsd_137"
"l10npy_rcsdc_5319","5319","YATAITY","l10npy_rcsd_137"
"l10npy_rcsdc_5320","5320","YBYCUI PUNTA","l10npy_rcsd_137"
"l10npy_rcsdc_5321","5321","QUYQUYHO","l10npy_rcsd_138"
"l10npy_rcsdc_5322","5322","CERRO FRENTE","l10npy_rcsd_138"
"l10npy_rcsdc_5323","5323","CERRO GUY","l10npy_rcsd_138"
"l10npy_rcsdc_5324","5324","COL.FULGENCIO YEGROS (COSTA)","l10npy_rcsd_138"
"l10npy_rcsdc_5325","5325","COL.FULGENCIO YEGROS (LOMA)","l10npy_rcsd_138"
"l10npy_rcsdc_5326","5326","COSTA OLAZAR","l10npy_rcsd_138"
"l10npy_rcsdc_5327","5327","CURUZU LACU","l10npy_rcsd_138"
"l10npy_rcsdc_5328","5328","ESPINILLAR","l10npy_rcsd_138"
"l10npy_rcsdc_5329","5329","ESTANCIA BARRIOS","l10npy_rcsd_138"
"l10npy_rcsdc_5330","5330","ESTANCIA ISLA PORA YAGUARY","l10npy_rcsd_138"
"l10npy_rcsdc_5331","5331","ESTANCIA N.CANO DEBERNARDI","l10npy_rcsd_138"
"l10npy_rcsdc_5332","5332","ESTANCIA NARANJITO","l10npy_rcsd_138"
"l10npy_rcsdc_5333","5333","ESTANCIA YTORORO","l10npy_rcsd_138"
"l10npy_rcsdc_5334","5334","GUAZU CORA","l10npy_rcsd_138"
"l10npy_rcsdc_5335","5335","ISLA VALLE","l10npy_rcsd_138"
"l10npy_rcsdc_5336","5336","LOMA GUAZU","l10npy_rcsd_138"
"l10npy_rcsdc_5337","5337","MBOI CAE","l10npy_rcsd_138"
"l10npy_rcsdc_5338","5338","PUERTO LIZZA","l10npy_rcsd_138"
"l10npy_rcsdc_5339","5339","QUYQUYHO (MUNICIPIO)","l10npy_rcsd_138"
"l10npy_rcsdc_5340","5340","SAN JOSE (IBAÑEZ)","l10npy_rcsd_138"
"l10npy_rcsdc_5341","5341","SAN LUIS","l10npy_rcsd_138"
"l10npy_rcsdc_5342","5342","YAGUARY","l10npy_rcsd_138"
"l10npy_rcsdc_5343","5343","YBYTYMI","l10npy_rcsd_139"
"l10npy_rcsdc_5344","5344","AÑAZCO","l10npy_rcsd_139"
"l10npy_rcsdc_5345","5345","BARRIO ESTACION","l10npy_rcsd_139"
"l10npy_rcsdc_5346","5346","BARRIO POTRERITO","l10npy_rcsd_139"
"l10npy_rcsdc_5347","5347","CAÑADA","l10npy_rcsd_139"
"l10npy_rcsdc_5348","5348","CERRO GUY","l10npy_rcsd_139"
"l10npy_rcsdc_5349","5349","CERRO SAN ANTONIO","l10npy_rcsd_139"
"l10npy_rcsdc_5350","5350","CHINI","l10npy_rcsd_139"
"l10npy_rcsdc_5351","5351","COL. NESTOR L. VERA","l10npy_rcsd_139"
"l10npy_rcsdc_5352","5352","ESTANCIA BASEDAU","l10npy_rcsd_139"
"l10npy_rcsdc_5353","5353","ISLA","l10npy_rcsd_139"
"l10npy_rcsdc_5354","5354","JHUGUA GUAZU","l10npy_rcsd_139"
"l10npy_rcsdc_5355","5355","LOTE NUEVO","l10npy_rcsd_139"
"l10npy_rcsdc_5356","5356","M.VARGAS CUE","l10npy_rcsd_139"
"l10npy_rcsdc_5357","5357","MARTINEZ CUE","l10npy_rcsd_139"
"l10npy_rcsdc_5358","5358","PINDOTY","l10npy_rcsd_139"
"l10npy_rcsdc_5359","5359","POTRERITO","l10npy_rcsd_139"
"l10npy_rcsdc_5360","5360","POTRERO GARAY","l10npy_rcsd_139"
"l10npy_rcsdc_5361","5361","PUERTO MEZA","l10npy_rcsd_139"
"l10npy_rcsdc_5362","5362","PUERTO OVIEDO","l10npy_rcsd_139"
"l10npy_rcsdc_5363","5363","RINCON","l10npy_rcsd_139"
"l10npy_rcsdc_5364","5364","RIVAROLAS CUE","l10npy_rcsd_139"
"l10npy_rcsdc_5365","5365","SOLA ESCOBAR","l10npy_rcsd_139"
"l10npy_rcsdc_5366","5366","YBYTYMI (MUNICIPIO)","l10npy_rcsd_139"
"l10npy_rcsdc_5867","5867","TUCUMAN PARAGUAYO","l10npy_rcsd_139"
"l10npy_rcsdc_5367","5367","TEBICUARY MI","l10npy_rcsd_140"
"l10npy_rcsdc_5368","5368","CAPINARI","l10npy_rcsd_140"
"l10npy_rcsdc_5369","5369","CHACRA SUR","l10npy_rcsd_140"
"l10npy_rcsdc_5370","5370","LOMA PINDO","l10npy_rcsd_140"
"l10npy_rcsdc_5371","5371","CAAGUY POTI","l10npy_rcsd_141"
"l10npy_rcsdc_5372","5372","CALLE POI","l10npy_rcsd_141"
"l10npy_rcsdc_5373","5373","CARAUGUA","l10npy_rcsd_141"
"l10npy_rcsdc_5374","5374","CERRO GUY","l10npy_rcsd_141"
"l10npy_rcsdc_5375","5375","ESTANCIA TALAVERA","l10npy_rcsd_141"
"l10npy_rcsdc_5376","5376","GUARAPI","l10npy_rcsd_141"
"l10npy_rcsdc_5377","5377","GUAYAIBI TY","l10npy_rcsd_141"
"l10npy_rcsdc_5378","5378","ITA POTRERO","l10npy_rcsd_141"
"l10npy_rcsdc_5379","5379","PEGUAJHO","l10npy_rcsd_141"
"l10npy_rcsdc_5380","5380","PIRAYU CALLE","l10npy_rcsd_141"
"l10npy_rcsdc_5381","5381","PORORO","l10npy_rcsd_141"
"l10npy_rcsdc_5382","5382","POTRERO YBATE","l10npy_rcsd_141"
"l10npy_rcsdc_5383","5383","PUESTO PRIMERA VISTA","l10npy_rcsd_141"
"l10npy_rcsdc_5384","5384","PUESTO I","l10npy_rcsd_141"
"l10npy_rcsdc_5385","5385","SAMBRONNI","l10npy_rcsd_141"
"l10npy_rcsdc_5386","5386","TACUMBU","l10npy_rcsd_141"
"l10npy_rcsdc_5387","5387","YAGUARON (MUNICIPIO)","l10npy_rcsd_141"
"l10npy_rcsdc_5388","5388","ZAGUAZU","l10npy_rcsd_141"
"l10npy_rcsdc_5389","5389","ZAYAS","l10npy_rcsd_141"
"l10npy_rcsdc_5390","5390","ÑUATI JHUA POI","l10npy_rcsd_141"
"l10npy_rcsdc_5391","5391","ÑUATI","l10npy_rcsd_141"
"l10npy_rcsdc_5392","5392","ÑUATI CALLE","l10npy_rcsd_141"
"l10npy_rcsdc_5868","5868","YAGUARON","l10npy_rcsd_141"
"l10npy_rcsdc_5869","5869","CURUPAYTY","l10npy_rcsd_141"
"l10npy_rcsdc_5870","5870","MBARITY","l10npy_rcsd_141"
"l10npy_rcsdc_5871","5871","POTRERO","l10npy_rcsd_141"
"l10npy_rcsdc_5872","5872","TACUARINDY","l10npy_rcsd_141"
"l10npy_rcsdc_5873","5873","ÑANDUA","l10npy_rcsd_141"
"l10npy_rcsdc_5874","5874","ÑUATI GUAZU","l10npy_rcsd_141"
"l10npy_rcsdc_3298","3298","PUERTO STAMATO","l10npy_rcsd_142"
"l10npy_rcsdc_3299","3299","PUERTO TACURUPUCU","l10npy_rcsd_142"
"l10npy_rcsdc_3300","3300","PUERTO TRES TIMBO","l10npy_rcsd_142"
"l10npy_rcsdc_3301","3301","RANCHO POTRERO","l10npy_rcsd_142"
"l10npy_rcsdc_3302","3302","ROMERO CUE","l10npy_rcsd_142"
"l10npy_rcsdc_3303","3303","SALVADORA","l10npy_rcsd_142"
"l10npy_rcsdc_3304","3304","SAN ISIDRO","l10npy_rcsd_142"
"l10npy_rcsdc_3305","3305","SAN JUAN RUGUA","l10npy_rcsd_142"
"l10npy_rcsdc_3306","3306","SEGUNDA REPRESA TATI-YUPI","l10npy_rcsd_142"
"l10npy_rcsdc_3307","3307","SOCORRO","l10npy_rcsd_142"
"l10npy_rcsdc_3308","3308","TAPE PUCU GRAL.DIAZ","l10npy_rcsd_142"
"l10npy_rcsdc_3309","3309","TATI YUPI","l10npy_rcsd_142"
"l10npy_rcsdc_3310","3310","TATI YUPI (RESIDENCIAL)","l10npy_rcsd_142"
"l10npy_rcsdc_3311","3311","VILLA SAN FRANCISCO","l10npy_rcsd_142"
"l10npy_rcsdc_3312","3312","VIRGEN DE FATIMA","l10npy_rcsd_142"
"l10npy_rcsdc_3313","3313","VIUDA CUE","l10npy_rcsd_142"
"l10npy_rcsdc_3314","3314","YBYTU ROCAI","l10npy_rcsd_142"
"l10npy_rcsdc_4605","4605","NUEVA ESPERANZA","l10npy_rcsd_142"
"l10npy_rcsdc_5393","5393","HERNANDARIAS","l10npy_rcsd_142"
"l10npy_rcsdc_5394","5394","COL. ACARAY","l10npy_rcsd_142"
"l10npy_rcsdc_5395","5395","FAZENDA DE LICO","l10npy_rcsd_142"
"l10npy_rcsdc_5396","5396","FORTUNA","l10npy_rcsd_142"
"l10npy_rcsdc_5397","5397","GRAL.DIAZ (TAPYI)","l10npy_rcsd_142"
"l10npy_rcsdc_5398","5398","GRANJA M. CRISTINA","l10npy_rcsd_142"
"l10npy_rcsdc_5399","5399","GRANJA NUEVA COREA","l10npy_rcsd_142"
"l10npy_rcsdc_5400","5400","HERNANDARIAS (MUNICIPIO)","l10npy_rcsd_142"
"l10npy_rcsdc_5401","5401","HIDROELECTRICA ACARAY","l10npy_rcsd_142"
"l10npy_rcsdc_5402","5402","KILOMETRO 10 GUARANI","l10npy_rcsd_142"
"l10npy_rcsdc_5403","5403","KILOMETRO 16","l10npy_rcsd_142"
"l10npy_rcsdc_5404","5404","KILOMETRO 2","l10npy_rcsd_142"
"l10npy_rcsdc_5405","5405","KILOMETRO 20 SAN MANUEL","l10npy_rcsd_142"
"l10npy_rcsdc_5406","5406","KILOMETRO 4","l10npy_rcsd_142"
"l10npy_rcsdc_5407","5407","LINEA GRAL.DIAZ","l10npy_rcsd_142"
"l10npy_rcsdc_5408","5408","MBARACA RUA","l10npy_rcsd_142"
"l10npy_rcsdc_5409","5409","MBOI CUA","l10npy_rcsd_142"
"l10npy_rcsdc_5410","5410","OCAMPO CUE","l10npy_rcsd_142"
"l10npy_rcsdc_5411","5411","ORLANDO CUE","l10npy_rcsd_142"
"l10npy_rcsdc_5412","5412","PALMITAL CELSO PARINI","l10npy_rcsd_142"
"l10npy_rcsdc_5413","5413","PASO FALSO","l10npy_rcsd_142"
"l10npy_rcsdc_5414","5414","PASO ITA","l10npy_rcsd_142"
"l10npy_rcsdc_5415","5415","PATRIMONIO PARAGUAZIL","l10npy_rcsd_142"
"l10npy_rcsdc_5416","5416","PENGO HERNANDARIAS (HERU)","l10npy_rcsd_142"
"l10npy_rcsdc_5417","5417","PIKYRY","l10npy_rcsd_142"
"l10npy_rcsdc_5418","5418","PIRA PYTA","l10npy_rcsd_142"
"l10npy_rcsdc_5419","5419","PLANCHADA TALAVERA","l10npy_rcsd_142"
"l10npy_rcsdc_5420","5420","PRIMERA REPRESA TATI-YUPI","l10npy_rcsd_142"
"l10npy_rcsdc_5421","5421","PUERTO ARMITICIO","l10npy_rcsd_142"
"l10npy_rcsdc_5422","5422","PUERTO CARMEN","l10npy_rcsd_142"
"l10npy_rcsdc_5423","5423","PUERTO CURUPAYTY","l10npy_rcsd_142"
"l10npy_rcsdc_5424","5424","PUERTO DORITA","l10npy_rcsd_142"
"l10npy_rcsdc_5425","5425","PUERTO GRAL.DIAZ","l10npy_rcsd_142"
"l10npy_rcsdc_5426","5426","PUERTO INDIO","l10npy_rcsd_142"
"l10npy_rcsdc_5427","5427","PUERTO IRENE","l10npy_rcsd_142"
"l10npy_rcsdc_5428","5428","PUERTO ITABO","l10npy_rcsd_142"
"l10npy_rcsdc_5429","5429","PUERTO ITAIPYTE","l10npy_rcsd_142"
"l10npy_rcsdc_5430","5430","PUERTO LAURA","l10npy_rcsd_142"
"l10npy_rcsdc_5431","5431","PUERTO LIMOY","l10npy_rcsd_142"
"l10npy_rcsdc_5432","5432","PUERTO PALMA","l10npy_rcsd_142"
"l10npy_rcsdc_5433","5433","PUERTO SANTA TERESA","l10npy_rcsd_142"
"l10npy_rcsdc_5434","5434","PUERTO SAUCE","l10npy_rcsd_142"
"l10npy_rcsdc_5875","5875","FELIX DE AZARA","l10npy_rcsd_142"
"l10npy_rcsdc_5876","5876","INDARTE CUE","l10npy_rcsd_142"
"l10npy_rcsdc_5877","5877","KILOMETRO 3","l10npy_rcsd_142"
"l10npy_rcsdc_5878","5878","MISION VERBO DIVINO","l10npy_rcsd_142"
"l10npy_rcsdc_3315","3315","DOMINGO MARTINEZ DE IRALA","l10npy_rcsd_143"
"l10npy_rcsdc_3316","3316","ANGELITO CUE","l10npy_rcsd_143"
"l10npy_rcsdc_3317","3317","ARROYO GUAYAQUI","l10npy_rcsd_143"
"l10npy_rcsdc_3318","3318","ASERRADERO YTUTI","l10npy_rcsd_143"
"l10npy_rcsdc_3319","3319","BUENA VISTA","l10npy_rcsd_143"
"l10npy_rcsdc_3320","3320","CAA YOBAI SUR","l10npy_rcsd_143"
"l10npy_rcsdc_3321","3321","CAMPO ALEGRE","l10npy_rcsd_143"
"l10npy_rcsdc_3322","3322","CAMPO MBOI","l10npy_rcsd_143"
"l10npy_rcsdc_3323","3323","CAPILLA","l10npy_rcsd_143"
"l10npy_rcsdc_3324","3324","CUCHU I","l10npy_rcsd_143"
"l10npy_rcsdc_3325","3325","CUÑA PIRU","l10npy_rcsd_143"
"l10npy_rcsdc_3326","3326","DOLORES","l10npy_rcsd_143"
"l10npy_rcsdc_3327","3327","DOMINGO M.DE IRALA (MUNICIPIO)","l10npy_rcsd_143"
"l10npy_rcsdc_3328","3328","ESTANCIA LAGARZA","l10npy_rcsd_143"
"l10npy_rcsdc_3329","3329","FILE CUE","l10npy_rcsd_143"
"l10npy_rcsdc_3330","3330","GUEMBE TY GUAZU","l10npy_rcsd_143"
"l10npy_rcsdc_3331","3331","GUEMBETY","l10npy_rcsd_143"
"l10npy_rcsdc_3332","3332","ITA PYTA","l10npy_rcsd_143"
"l10npy_rcsdc_3333","3333","ITA VERA","l10npy_rcsd_143"
"l10npy_rcsdc_3334","3334","KILOMETRO 11 - MAROMA","l10npy_rcsd_143"
"l10npy_rcsdc_3335","3335","KILOMETRO 17 - DOLORES","l10npy_rcsd_143"
"l10npy_rcsdc_3336","3336","KILOMETRO 19 - PARANAMBU","l10npy_rcsd_143"
"l10npy_rcsdc_3337","3337","KILOMETRO 28 - PARANAMBU","l10npy_rcsd_143"
"l10npy_rcsdc_3338","3338","KILOMETRO 6 - PUERTO FLORES","l10npy_rcsd_143"
"l10npy_rcsdc_3339","3339","LOMA PYTA","l10npy_rcsd_143"
"l10npy_rcsdc_3340","3340","LOS CEDRALES","l10npy_rcsd_143"
"l10npy_rcsdc_3341","3341","MAROMA","l10npy_rcsd_143"
"l10npy_rcsdc_3342","3342","PARANAMBU","l10npy_rcsd_143"
"l10npy_rcsdc_3343","3343","PASO BABA","l10npy_rcsd_143"
"l10npy_rcsdc_3344","3344","PASO ITA (INDIGENA)","l10npy_rcsd_143"
"l10npy_rcsdc_3345","3345","PENINSULA","l10npy_rcsd_143"
"l10npy_rcsdc_3346","3346","PUERTO 22 DE MAYO","l10npy_rcsd_143"
"l10npy_rcsdc_3347","3347","PUERTO BERTONI","l10npy_rcsd_143"
"l10npy_rcsdc_3348","3348","PUERTO DOLORES","l10npy_rcsd_143"
"l10npy_rcsdc_3349","3349","PUERTO FLORES","l10npy_rcsd_143"
"l10npy_rcsdc_3350","3350","PUERTO JIBAJA","l10npy_rcsd_143"
"l10npy_rcsdc_3351","3351","PUERTO JIMENEZ","l10npy_rcsd_143"
"l10npy_rcsdc_3352","3352","PUERTO MARGARITA","l10npy_rcsd_143"
"l10npy_rcsdc_3353","3353","PUERTO MARTIN ORDOÑEZ","l10npy_rcsd_143"
"l10npy_rcsdc_3354","3354","PUERTO PIRA PYTA MI","l10npy_rcsd_143"
"l10npy_rcsdc_3355","3355","PUERTO SAB ANTONIO","l10npy_rcsd_143"
"l10npy_rcsdc_3356","3356","PUERTO SAN PEDRO","l10npy_rcsd_143"
"l10npy_rcsdc_3357","3357","PUERTO SARITA","l10npy_rcsd_143"
"l10npy_rcsdc_3358","3358","PUERTO SIRENA","l10npy_rcsd_143"
"l10npy_rcsdc_3359","3359","PUERTO TABUCAI","l10npy_rcsd_143"
"l10npy_rcsdc_3360","3360","PUERTO YBAROTY","l10npy_rcsd_143"
"l10npy_rcsdc_3361","3361","PUERTO YTUTI","l10npy_rcsd_143"
"l10npy_rcsdc_3362","3362","PUESTO CUE (INDIGENA)","l10npy_rcsd_143"
"l10npy_rcsdc_3363","3363","RELOJ CUE","l10npy_rcsd_143"
"l10npy_rcsdc_3364","3364","SAN MIGUEL","l10npy_rcsd_143"
"l10npy_rcsdc_3365","3365","SANTA LIBRADA","l10npy_rcsd_143"
"l10npy_rcsdc_3366","3366","SAPIRE","l10npy_rcsd_143"
"l10npy_rcsdc_3367","3367","TACUA PENDE","l10npy_rcsd_143"
"l10npy_rcsdc_3368","3368","TOMAS CUE (INDIGENA)","l10npy_rcsd_143"
"l10npy_rcsdc_3369","3369","VILLA SAN FRANCISCO","l10npy_rcsd_143"
"l10npy_rcsdc_3370","3370","YBAROTY","l10npy_rcsd_143"
"l10npy_rcsdc_3371","3371","ÑACUNDAY","l10npy_rcsd_144"
"l10npy_rcsdc_3372","3372","ISLA PARANAMBU","l10npy_rcsd_144"
"l10npy_rcsdc_3373","3373","ITAIPYTE","l10npy_rcsd_144"
"l10npy_rcsdc_3374","3374","LOMA VALENTINA","l10npy_rcsd_144"
"l10npy_rcsdc_3375","3375","OBRAJE BARRA","l10npy_rcsd_144"
"l10npy_rcsdc_3376","3376","PARANA I","l10npy_rcsd_144"
"l10npy_rcsdc_3377","3377","PUERTO PARANAMBU","l10npy_rcsd_144"
"l10npy_rcsdc_3378","3378","SAN ALFREDO","l10npy_rcsd_144"
"l10npy_rcsdc_3379","3379","TORO CUA","l10npy_rcsd_144"
"l10npy_rcsdc_3380","3380","TORO CUA I","l10npy_rcsd_144"
"l10npy_rcsdc_3381","3381","YARARA","l10npy_rcsd_144"
"l10npy_rcsdc_3382","3382","ÑACUNDAY (MUNICIPIO)","l10npy_rcsd_144"
"l10npy_rcsdc_3383","3383","CIUDAD DEL ESTE","l10npy_rcsd_145"
"l10npy_rcsdc_3384","3384","2A. REPRESA YGUAZU","l10npy_rcsd_145"
"l10npy_rcsdc_3385","3385","5A.REGION MILITAR","l10npy_rcsd_145"
"l10npy_rcsdc_3386","3386","AMAMBAY","l10npy_rcsd_145"
"l10npy_rcsdc_3387","3387","ARROYO MBY'A","l10npy_rcsd_145"
"l10npy_rcsdc_3388","3388","ARROYO MBY'A C-4","l10npy_rcsd_145"
"l10npy_rcsdc_3389","3389","BARRIO OBRERO","l10npy_rcsd_145"
"l10npy_rcsdc_3390","3390","CALLE 10 ACARAY","l10npy_rcsd_145"
"l10npy_rcsdc_3391","3391","CALLE 10 MONDAY","l10npy_rcsd_145"
"l10npy_rcsdc_3392","3392","CALLE 12 ACARAY","l10npy_rcsd_145"
"l10npy_rcsdc_3393","3393","CALLE 12 MONDAY","l10npy_rcsd_145"
"l10npy_rcsdc_3394","3394","CALLE 14 ACARAY","l10npy_rcsd_145"
"l10npy_rcsdc_3395","3395","CALLE 14 MONDAY","l10npy_rcsd_145"
"l10npy_rcsdc_3396","3396","CALLE 16 ACARAY (RURAL)","l10npy_rcsd_145"
"l10npy_rcsdc_3397","3397","CALLE 16 MONDAY (URBANA)","l10npy_rcsd_145"
"l10npy_rcsdc_3398","3398","CALLE 18 ACARAY","l10npy_rcsd_145"
"l10npy_rcsdc_3399","3399","CALLE 18 MONDAY","l10npy_rcsd_145"
"l10npy_rcsdc_3400","3400","CALLE 20 ACARAY","l10npy_rcsd_145"
"l10npy_rcsdc_3401","3401","CALLE 20 MONDAY","l10npy_rcsd_145"
"l10npy_rcsdc_3402","3402","CALLE 22 ACARAY","l10npy_rcsd_145"
"l10npy_rcsdc_3403","3403","CALLE 24 ACARAY","l10npy_rcsd_145"
"l10npy_rcsdc_3404","3404","CALLE 24 MONDAY","l10npy_rcsd_145"
"l10npy_rcsdc_3405","3405","CALLE 26 ACARAY","l10npy_rcsd_145"
"l10npy_rcsdc_3406","3406","CALLE 26 MONDAY","l10npy_rcsd_145"
"l10npy_rcsdc_3407","3407","CALLE 28 ACARAY","l10npy_rcsd_145"
"l10npy_rcsdc_3408","3408","CALLE 30 ACARAY","l10npy_rcsd_145"
"l10npy_rcsdc_3409","3409","CALLE 30 MONDAY","l10npy_rcsd_145"
"l10npy_rcsdc_3410","3410","CALLE 8 MONDAY","l10npy_rcsd_145"
"l10npy_rcsdc_3411","3411","CALLE 9 ACARAY","l10npy_rcsd_145"
"l10npy_rcsdc_3412","3412","CALLE MONDAY","l10npy_rcsd_145"
"l10npy_rcsdc_3413","3413","CAMINO 1","l10npy_rcsd_145"
"l10npy_rcsdc_3414","3414","CAMINO 15","l10npy_rcsd_145"
"l10npy_rcsdc_3415","3415","CAMINO 19","l10npy_rcsd_145"
"l10npy_rcsdc_3416","3416","CAMINO 2","l10npy_rcsd_145"
"l10npy_rcsdc_3417","3417","CAMINO 6","l10npy_rcsd_145"
"l10npy_rcsdc_3418","3418","CAMINO 61","l10npy_rcsd_145"
"l10npy_rcsdc_3419","3419","COL.YGUAZU (URBANA)","l10npy_rcsd_145"
"l10npy_rcsdc_3420","3420","DON BOSCO","l10npy_rcsd_145"
"l10npy_rcsdc_3421","3421","FELIX DE AZARA I","l10npy_rcsd_145"
"l10npy_rcsdc_3422","3422","KILOMETRO 31 MBUTUY","l10npy_rcsd_145"
"l10npy_rcsdc_3423","3423","KILOMETRO 39 YGUAZU","l10npy_rcsd_145"
"l10npy_rcsdc_3424","3424","KILOMETRO 5 (R.I.)","l10npy_rcsd_145"
"l10npy_rcsdc_3425","3425","LOMA PIRO Y","l10npy_rcsd_145"
"l10npy_rcsdc_3426","3426","MARIO CUE","l10npy_rcsd_145"
"l10npy_rcsdc_3427","3427","PENGO STROESSNER","l10npy_rcsd_145"
"l10npy_rcsdc_3428","3428","CIUDAD DEL ESTE(PLANTA URBANA)","l10npy_rcsd_145"
"l10npy_rcsdc_3429","3429","PUERTO ESPERANZA","l10npy_rcsd_145"
"l10npy_rcsdc_3430","3430","PUERTO LEGUIZA","l10npy_rcsd_145"
"l10npy_rcsdc_3431","3431","PUERTO PTE. FRANCO","l10npy_rcsd_145"
"l10npy_rcsdc_3432","3432","PUERTO PTE.STROESSNER (MUNIC)","l10npy_rcsd_145"
"l10npy_rcsdc_3433","3433","SAN RAFAEL","l10npy_rcsd_145"
"l10npy_rcsdc_3434","3434","SANTA TERESITA","l10npy_rcsd_145"
"l10npy_rcsdc_6379","6379","CALLE 22 MONDAY","l10npy_rcsd_145"
"l10npy_rcsdc_6380","6380","CALLE 28 MONDAY","l10npy_rcsd_145"
"l10npy_rcsdc_6381","6381","CALLE 9 MONDAY","l10npy_rcsd_145"
"l10npy_rcsdc_6382","6382","CAMINO 4","l10npy_rcsd_145"
"l10npy_rcsdc_6383","6383","FLOR DE LIZ","l10npy_rcsd_145"
"l10npy_rcsdc_6384","6384","KILOMETRO 6 MONDAY","l10npy_rcsd_145"
"l10npy_rcsdc_6385","6385","PUERTO LEGUIZAMON","l10npy_rcsd_145"
"l10npy_rcsdc_6386","6386","VILLA 23 DE OCTUBRE","l10npy_rcsd_145"
"l10npy_rcsdc_3435","3435","JUAN LEON MALLORQUIN","l10npy_rcsd_146"
"l10npy_rcsdc_3436","3436","3 DE MAYO","l10npy_rcsd_146"
"l10npy_rcsdc_3437","3437","8 DE DICIEMBRE","l10npy_rcsd_146"
"l10npy_rcsdc_3438","3438","AHOYU","l10npy_rcsd_146"
"l10npy_rcsdc_3439","3439","ASERRADERO MONDAY","l10npy_rcsd_146"
"l10npy_rcsdc_3440","3440","CAMINO 20","l10npy_rcsd_146"
"l10npy_rcsdc_3441","3441","CAMINO 23","l10npy_rcsd_146"
"l10npy_rcsdc_3442","3442","CARANDAYTY","l10npy_rcsd_146"
"l10npy_rcsdc_3443","3443","COL. JUAN L. MALLORQUIN","l10npy_rcsd_146"
"l10npy_rcsdc_3444","3444","JHYECUE YERE","l10npy_rcsd_146"
"l10npy_rcsdc_3445","3445","LA VICTORIA-MONDAY","l10npy_rcsd_146"
"l10npy_rcsdc_3446","3446","LA VICTORIA YGUAZU","l10npy_rcsd_146"
"l10npy_rcsdc_3447","3447","LOMA TAVY","l10npy_rcsd_146"
"l10npy_rcsdc_3448","3448","PUESTO LEGUIZA","l10npy_rcsd_146"
"l10npy_rcsdc_3449","3449","PUESTO SAN LUIS","l10npy_rcsd_146"
"l10npy_rcsdc_3450","3450","ROJAS SILVA","l10npy_rcsd_146"
"l10npy_rcsdc_3451","3451","SAN MIGUEL","l10npy_rcsd_146"
"l10npy_rcsdc_3452","3452","SAN VICENTE","l10npy_rcsd_146"
"l10npy_rcsdc_3453","3453","SANTO DOMINGO","l10npy_rcsd_146"
"l10npy_rcsdc_3454","3454","SANTO DOMINGO I","l10npy_rcsd_146"
"l10npy_rcsdc_3455","3455","TATA RE","l10npy_rcsd_146"
"l10npy_rcsdc_3456","3456","VENECIA","l10npy_rcsd_146"
"l10npy_rcsdc_3457","3457","VENECIA GUAZU","l10npy_rcsd_146"
"l10npy_rcsdc_3458","3458","VENECIA I","l10npy_rcsd_146"
"l10npy_rcsdc_3459","3459","Y JHOVY","l10npy_rcsd_146"
"l10npy_rcsdc_3460","3460","YUQUERI","l10npy_rcsd_146"
"l10npy_rcsdc_5744","5744","JUAN L.MALLORQUIN CAARENDY.MUN","l10npy_rcsd_146"
"l10npy_rcsdc_6387","6387","CAARENDY GUAZU","l10npy_rcsd_146"
"l10npy_rcsdc_3461","3461","ITAQUYRY","l10npy_rcsd_147"
"l10npy_rcsdc_3462","3462","AGUA-PE","l10npy_rcsd_147"
"l10npy_rcsdc_3463","3463","AGUADA","l10npy_rcsd_147"
"l10npy_rcsdc_3464","3464","AGUARA","l10npy_rcsd_147"
"l10npy_rcsdc_3465","3465","ARAUJO -CUE","l10npy_rcsd_147"
"l10npy_rcsdc_3466","3466","ARROYO 1A.","l10npy_rcsd_147"
"l10npy_rcsdc_3467","3467","ARROYO CARUMBEY","l10npy_rcsd_147"
"l10npy_rcsdc_3468","3468","ARROYO DOS HERMANAS","l10npy_rcsd_147"
"l10npy_rcsdc_3469","3469","ARROYO GRACIELA","l10npy_rcsd_147"
"l10npy_rcsdc_3470","3470","ARROYO MARCELINA","l10npy_rcsd_147"
"l10npy_rcsdc_3471","3471","ARROYO MOROTI","l10npy_rcsd_147"
"l10npy_rcsdc_3472","3472","ARROYO YARARA","l10npy_rcsd_147"
"l10npy_rcsdc_3473","3473","BARRO NEGRO","l10npy_rcsd_147"
"l10npy_rcsdc_3474","3474","BOCA ARROYO ITAQUYRY","l10npy_rcsd_147"
"l10npy_rcsdc_3475","3475","CAAGUAZU","l10npy_rcsd_147"
"l10npy_rcsdc_3476","3476","CACIQUE","l10npy_rcsd_147"
"l10npy_rcsdc_3477","3477","CACIQUE TUYA","l10npy_rcsd_147"
"l10npy_rcsdc_3478","3478","CAMPO LIMPIO","l10npy_rcsd_147"
"l10npy_rcsdc_3479","3479","CAMPO REDONDO","l10npy_rcsd_147"
"l10npy_rcsdc_3480","3480","CAPIIBARY","l10npy_rcsd_147"
"l10npy_rcsdc_3481","3481","PUESTO YBYRA PIRU","l10npy_rcsd_147"
"l10npy_rcsdc_3482","3482","RANCHO DORITA","l10npy_rcsd_147"
"l10npy_rcsdc_3483","3483","RANCHO GUAYAKI","l10npy_rcsd_147"
"l10npy_rcsdc_3484","3484","ROBLEDO CUE","l10npy_rcsd_147"
"l10npy_rcsdc_3485","3485","ROLON CUE","l10npy_rcsd_147"
"l10npy_rcsdc_3486","3486","SAN JUAN (EX 3A.)","l10npy_rcsd_147"
"l10npy_rcsdc_3487","3487","SANTA TERESA (EX JHUGUAI)","l10npy_rcsd_147"
"l10npy_rcsdc_3488","3488","SECADERO KILOMETRO 3","l10npy_rcsd_147"
"l10npy_rcsdc_3489","3489","TACUARA","l10npy_rcsd_147"
"l10npy_rcsdc_3490","3490","TATU PIRE","l10npy_rcsd_147"
"l10npy_rcsdc_3491","3491","TORORO","l10npy_rcsd_147"
"l10npy_rcsdc_3492","3492","TUNA","l10npy_rcsd_147"
"l10npy_rcsdc_3493","3493","TUNI CUE","l10npy_rcsd_147"
"l10npy_rcsdc_3494","3494","VILLAR CUE","l10npy_rcsd_147"
"l10npy_rcsdc_3495","3495","YAGUARETE CANGUE","l10npy_rcsd_147"
"l10npy_rcsdc_3496","3496","YAGUARETE MANSO","l10npy_rcsd_147"
"l10npy_rcsdc_3497","3497","YAGUATIYMI","l10npy_rcsd_147"
"l10npy_rcsdc_3498","3498","YAJHAPE","l10npy_rcsd_147"
"l10npy_rcsdc_3499","3499","YAIBE CUE","l10npy_rcsd_147"
"l10npy_rcsdc_3500","3500","YARARA","l10npy_rcsd_147"
"l10npy_rcsdc_3501","3501","YATE I","l10npy_rcsd_147"
"l10npy_rcsdc_3502","3502","YAYBERE CUE","l10npy_rcsd_147"
"l10npy_rcsdc_3503","3503","Y B U","l10npy_rcsd_147"
"l10npy_rcsdc_3504","3504","Y T U","l10npy_rcsd_147"
"l10npy_rcsdc_3505","3505","ZANJA JHU","l10npy_rcsd_147"
"l10npy_rcsdc_3506","3506","ZONA GRAL.DIAZ","l10npy_rcsd_147"
"l10npy_rcsdc_3507","3507","JUAN E.O'LEARY","l10npy_rcsd_148"
"l10npy_rcsdc_3508","3508","BARRIO MARIA AUXILIADORA","l10npy_rcsd_148"
"l10npy_rcsdc_3509","3509","BARRIO VIRGEN DEL ROSARIO","l10npy_rcsd_148"
"l10npy_rcsdc_3510","3510","CA'A YOVAI","l10npy_rcsd_148"
"l10npy_rcsdc_3511","3511","COSTA GUAZU","l10npy_rcsd_148"
"l10npy_rcsdc_3512","3512","J.E.O'LEARY CHEIRO CUE(MUNIC.)","l10npy_rcsd_148"
"l10npy_rcsdc_3513","3513","PUESTO LEGUIZA","l10npy_rcsd_148"
"l10npy_rcsdc_3514","3514","SAN AGUSTIN","l10npy_rcsd_148"
"l10npy_rcsdc_3515","3515","SAN FRANCISCO","l10npy_rcsd_148"
"l10npy_rcsdc_3516","3516","SAN ISIDRO","l10npy_rcsd_148"
"l10npy_rcsdc_3517","3517","SAN PABLO","l10npy_rcsd_148"
"l10npy_rcsdc_3518","3518","TACUARO","l10npy_rcsd_148"
"l10npy_rcsdc_3519","3519","TOCAI","l10npy_rcsd_148"
"l10npy_rcsdc_3520","3520","VILLA LAS MERCEDES","l10npy_rcsd_148"
"l10npy_rcsdc_3521","3521","PUERTO PTE.FRANCO","l10npy_rcsd_149"
"l10npy_rcsdc_3522","3522","ARROYO ITA COTY","l10npy_rcsd_149"
"l10npy_rcsdc_3523","3523","ARROYO SALTITO","l10npy_rcsd_149"
"l10npy_rcsdc_3524","3524","ARROYO YACARE","l10npy_rcsd_149"
"l10npy_rcsdc_3525","3525","BARRIO SAN MIGUEL","l10npy_rcsd_149"
"l10npy_rcsdc_3526","3526","CAPILLA SANTA INES","l10npy_rcsd_149"
"l10npy_rcsdc_3527","3527","CORAZON DE JESUS","l10npy_rcsd_149"
"l10npy_rcsdc_3528","3528","ESCUELA","l10npy_rcsd_149"
"l10npy_rcsdc_3529","3529","PENINSULA","l10npy_rcsd_149"
"l10npy_rcsdc_3530","3530","PTO.BERTONI","l10npy_rcsd_149"
"l10npy_rcsdc_3531","3531","PTO.FLORES","l10npy_rcsd_149"
"l10npy_rcsdc_3532","3532","PTO.GIMENEZ","l10npy_rcsd_149"
"l10npy_rcsdc_3533","3533","PTO.ORDONEZ","l10npy_rcsd_149"
"l10npy_rcsdc_3534","3534","TRES FRONTERAS","l10npy_rcsd_149"
"l10npy_rcsdc_3535","3535","YGUAZU","l10npy_rcsd_150"
"l10npy_rcsdc_3536","3536","COL.YGUAZU","l10npy_rcsd_150"
"l10npy_rcsdc_3537","3537","COLONIA","l10npy_rcsd_150"
"l10npy_rcsdc_3538","3538","MUNICIPIO","l10npy_rcsd_150"
"l10npy_rcsdc_3539","3539","NUEVA ESPERANZA","l10npy_rcsd_150"
"l10npy_rcsdc_3540","3540","SAN CRISTOBAL","l10npy_rcsd_151"
"l10npy_rcsdc_3541","3541","CAMPO ALEGRE","l10npy_rcsd_151"
"l10npy_rcsdc_3542","3542","COL.SAN ANTONIO","l10npy_rcsd_151"
"l10npy_rcsdc_3543","3543","COLONIA","l10npy_rcsd_151"
"l10npy_rcsdc_3544","3544","CRUCE SAPIRE","l10npy_rcsd_151"
"l10npy_rcsdc_3545","3545","CURUZU","l10npy_rcsd_151"
"l10npy_rcsdc_3546","3546","KILOMETRO 56","l10npy_rcsd_151"
"l10npy_rcsdc_3547","3547","LA ESPERANZA","l10npy_rcsd_151"
"l10npy_rcsdc_3548","3548","MUNICIPIO","l10npy_rcsd_151"
"l10npy_rcsdc_3549","3549","PALMITAL","l10npy_rcsd_151"
"l10npy_rcsdc_3550","3550","PTO.CA'A YOBAI","l10npy_rcsd_151"
"l10npy_rcsdc_3551","3551","PTO.SAN MIGUEL","l10npy_rcsd_151"
"l10npy_rcsdc_3552","3552","SAN MIGUEL","l10npy_rcsd_151"
"l10npy_rcsdc_3553","3553","SAPIRE","l10npy_rcsd_151"
"l10npy_rcsdc_3554","3554","TATU CUA","l10npy_rcsd_151"
"l10npy_rcsdc_3555","3555","TUYUTI","l10npy_rcsd_151"
"l10npy_rcsdc_3556","3556","SANTA RITA","l10npy_rcsd_209"
"l10npy_rcsdc_5734","5734","CURUPAYTY","l10npy_rcsd_209"
"l10npy_rcsdc_5735","5735","JOEL ESTIGARRIBIA","l10npy_rcsd_209"
"l10npy_rcsdc_5736","5736","PATRICIO COLMAN","l10npy_rcsd_209"
"l10npy_rcsdc_5737","5737","SANTA LUCIA","l10npy_rcsd_209"
"l10npy_rcsdc_3557","3557","MINGA GUAZU","l10npy_rcsd_210"
"l10npy_rcsdc_4604","4604","SANTA FE DEL PARANA","l10npy_rcsd_239"
"l10npy_rcsdc_5497","5497","NUEVA ESPERANZA","l10npy_rcsd_240"
"l10npy_rcsdc_4603","4603","NUEVA ESPERANZA","l10npy_rcsd_240"
"l10npy_rcsdc_5692","5692","SAN ALBERTO","l10npy_rcsd_212"
"l10npy_rcsdc_5742","5742","AGROPECO","l10npy_rcsd_212"
"l10npy_rcsdc_5743","5743","SILO","l10npy_rcsd_212"
"l10npy_rcsdc_5693","5693","TAVAPY","l10npy_rcsd_216"
"l10npy_rcsdc_5738","5738","TAVAPY II","l10npy_rcsd_216"
"l10npy_rcsdc_5739","5739","TAVAPY III","l10npy_rcsd_216"
"l10npy_rcsdc_5740","5740","TAVAPY IV","l10npy_rcsd_216"
"l10npy_rcsdc_5901","5901","TAVAPY I","l10npy_rcsd_216"
"l10npy_rcsdc_6421","6421","SANTA ROSA DEL MONDAY NORTE","l10npy_rcsd_216"
"l10npy_rcsdc_6422","6422","SANTA ROSA DEL MONDAY SUR","l10npy_rcsd_216"
"l10npy_rcsdc_5694","5694","NARANJAL","l10npy_rcsd_215"
"l10npy_rcsdc_5741","5741","PALMITAL","l10npy_rcsd_215"
"l10npy_rcsdc_5902","5902","3 DE MAYO","l10npy_rcsd_215"
"l10npy_rcsdc_5695","5695","LOS CEDRALES","l10npy_rcsd_211"
"l10npy_rcsdc_5716","5716","CIA. ITA","l10npy_rcsd_211"
"l10npy_rcsdc_5717","5717","PUERTO 22 DE MAYO","l10npy_rcsd_211"
"l10npy_rcsdc_5896","5896","CIA. YTUTI","l10npy_rcsd_211"
"l10npy_rcsdc_5696","5696","MINGA PORA","l10npy_rcsd_213"
"l10npy_rcsdc_5718","5718","COL. SANTA MARIA","l10npy_rcsd_213"
"l10npy_rcsdc_5719","5719","COL. SAN FRANCISCO","l10npy_rcsd_213"
"l10npy_rcsdc_5720","5720","SAN RAMON","l10npy_rcsd_213"
"l10npy_rcsdc_5697","5697","MBARACAYU","l10npy_rcsd_219"
"l10npy_rcsdc_5721","5721","CIA. CABAYU","l10npy_rcsd_219"
"l10npy_rcsdc_5722","5722","CIA. GRAL. DIAZ","l10npy_rcsd_219"
"l10npy_rcsdc_5723","5723","CIA. ITALO","l10npy_rcsd_219"
"l10npy_rcsdc_5897","5897","BARRIO BLANCO","l10npy_rcsd_219"
"l10npy_rcsdc_5699","5699","COLONIA IRUÑA","l10npy_rcsd_217"
"l10npy_rcsdc_5724","5724","CONSUELO","l10npy_rcsd_217"
"l10npy_rcsdc_5725","5725","JUAN PABLO II","l10npy_rcsd_217"
"l10npy_rcsdc_5726","5726","SAN CARLOS","l10npy_rcsd_217"
"l10npy_rcsdc_5727","5727","SAN JOSE","l10npy_rcsd_217"
"l10npy_rcsdc_5728","5728","SAN ROQUE","l10npy_rcsd_217"
"l10npy_rcsdc_5729","5729","SAN JUAN","l10npy_rcsd_217"
"l10npy_rcsdc_5730","5730","SAN PEDRO","l10npy_rcsd_217"
"l10npy_rcsdc_5731","5731","SAN MIGUEL","l10npy_rcsd_217"
"l10npy_rcsdc_5732","5732","SANTA LUCIA","l10npy_rcsd_217"
"l10npy_rcsdc_5733","5733","SAN MARCOS","l10npy_rcsd_217"
"l10npy_rcsdc_5898","5898","DOS HERMANOS","l10npy_rcsd_217"
"l10npy_rcsdc_5899","5899","SANTA TERESITA","l10npy_rcsd_217"
"l10npy_rcsdc_5900","5900","PARINVEST","l10npy_rcsd_217"
"l10npy_rcsdc_3558","3558","AREGUA","l10npy_rcsd_152"
"l10npy_rcsdc_3559","3559","AREGUA (MUNICIPIO)","l10npy_rcsd_152"
"l10npy_rcsdc_3560","3560","CAACUPE MI","l10npy_rcsd_152"
"l10npy_rcsdc_3561","3561","COCUE GUAZU 1A.","l10npy_rcsd_152"
"l10npy_rcsdc_3562","3562","COCUE GUAZU 2A","l10npy_rcsd_152"
"l10npy_rcsdc_3563","3563","ESTACION YUQUYRY","l10npy_rcsd_152"
"l10npy_rcsdc_3564","3564","ESTANZUELA","l10npy_rcsd_152"
"l10npy_rcsdc_3565","3565","ISLA VALLE","l10npy_rcsd_152"
"l10npy_rcsdc_3566","3566","PINDOLO","l10npy_rcsd_152"
"l10npy_rcsdc_3567","3567","VALLE PUCU","l10npy_rcsd_152"
"l10npy_rcsdc_5745","5745","COSTA FLEITAS","l10npy_rcsd_152"
"l10npy_rcsdc_5746","5746","YUQUYTY","l10npy_rcsd_152"
"l10npy_rcsdc_3568","3568","CAPIATA","l10npy_rcsd_153"
"l10npy_rcsdc_3569","3569","ALDANA CAÑADA","l10npy_rcsd_153"
"l10npy_rcsdc_3570","3570","COSTA SALINAS","l10npy_rcsd_153"
"l10npy_rcsdc_3571","3571","COLONIA MILITAR","l10npy_rcsd_153"
"l10npy_rcsdc_3572","3572","COMPAÑIA 14","l10npy_rcsd_153"
"l10npy_rcsdc_3573","3573","COMPAÑIA 15","l10npy_rcsd_153"
"l10npy_rcsdc_3574","3574","COSTA POI","l10npy_rcsd_153"
"l10npy_rcsdc_3575","3575","LOMA BARRETO","l10npy_rcsd_153"
"l10npy_rcsdc_3576","3576","NARANJA TY","l10npy_rcsd_153"
"l10npy_rcsdc_3577","3577","POSTA YBYCUA","l10npy_rcsd_153"
"l10npy_rcsdc_3578","3578","YBYCUA","l10npy_rcsd_153"
"l10npy_rcsdc_3579","3579","ROJAS CAÑADA","l10npy_rcsd_153"
"l10npy_rcsdc_3580","3580","SALINARES","l10npy_rcsd_153"
"l10npy_rcsdc_3581","3581","TOLEDO CAÑADA","l10npy_rcsd_153"
"l10npy_rcsdc_3582","3582","YBYRARO 2A.","l10npy_rcsd_153"
"l10npy_rcsdc_3583","3583","YBYRARO 4A.","l10npy_rcsd_153"
"l10npy_rcsdc_3584","3584","YATAITY","l10npy_rcsd_153"
"l10npy_rcsdc_3585","3585","YUQUYRY","l10npy_rcsd_153"
"l10npy_rcsdc_5747","5747","CAÑADITA","l10npy_rcsd_153"
"l10npy_rcsdc_5748","5748","LAURELTY","l10npy_rcsd_153"
"l10npy_rcsdc_5749","5749","POSTA YBYRARO","l10npy_rcsd_153"
"l10npy_rcsdc_5750","5750","YBYRARO 3A.","l10npy_rcsd_153"
"l10npy_rcsdc_5044","5044","FERNANDO DE LA MORA","l10npy_rcsd_154"
"l10npy_rcsdc_5045","5045","4 VIENTOS","l10npy_rcsd_154"
"l10npy_rcsdc_5046","5046","CALLE PUCU","l10npy_rcsd_154"
"l10npy_rcsdc_5047","5047","CALLE ULTIMA","l10npy_rcsd_154"
"l10npy_rcsdc_5048","5048","CAPIIPERY","l10npy_rcsd_154"
"l10npy_rcsdc_5049","5049","COCUE GUAZU","l10npy_rcsd_154"
"l10npy_rcsdc_5050","5050","GRAL.CABALLERO","l10npy_rcsd_154"
"l10npy_rcsdc_5051","5051","LAGUNA GRANDE","l10npy_rcsd_154"
"l10npy_rcsdc_5052","5052","ORILLA DEL CAMPO GRANDE","l10npy_rcsd_154"
"l10npy_rcsdc_5053","5053","PITIANTUTA","l10npy_rcsd_154"
"l10npy_rcsdc_5846","5846","BARRIO STA.MARIA","l10npy_rcsd_154"
"l10npy_rcsdc_5847","5847","ITA CAAGUY","l10npy_rcsd_154"
"l10npy_rcsdc_5054","5054","GUARAMBARE","l10npy_rcsd_155"
"l10npy_rcsdc_5055","5055","CAYGUA","l10npy_rcsd_155"
"l10npy_rcsdc_5056","5056","RINCON LOMA","l10npy_rcsd_155"
"l10npy_rcsdc_5057","5057","TYPYCHATY","l10npy_rcsd_155"
"l10npy_rcsdc_5058","5058","TYPYRATY","l10npy_rcsd_155"
"l10npy_rcsdc_5848","5848","RINCON","l10npy_rcsd_155"
"l10npy_rcsdc_5059","5059","ARAÑA 1","l10npy_rcsd_156"
"l10npy_rcsdc_5060","5060","AVEIRO","l10npy_rcsd_156"
"l10npy_rcsdc_5061","5061","BARRIO PARANAMBU","l10npy_rcsd_156"
"l10npy_rcsdc_5062","5062","CAAGUAZU (TAVY YOVAI)","l10npy_rcsd_156"
"l10npy_rcsdc_5063","5063","CALLE YVATE","l10npy_rcsd_156"
"l10npy_rcsdc_5064","5064","CARAGUATAITY","l10npy_rcsd_156"
"l10npy_rcsdc_5065","5065","CURUPICAYTY 1A.","l10npy_rcsd_156"
"l10npy_rcsdc_5066","5066","CURUPICAYTY","l10npy_rcsd_156"
"l10npy_rcsdc_5067","5067","ITA POTRERO","l10npy_rcsd_156"
"l10npy_rcsdc_5068","5068","LAS PIEDRAS 1A.","l10npy_rcsd_156"
"l10npy_rcsdc_5069","5069","LAS PIEDRAS 2A.","l10npy_rcsd_156"
"l10npy_rcsdc_5070","5070","OCULTO","l10npy_rcsd_156"
"l10npy_rcsdc_5071","5071","POSTA GAONA","l10npy_rcsd_156"
"l10npy_rcsdc_5072","5072","POSTA GAONA 1A.","l10npy_rcsd_156"
"l10npy_rcsdc_5073","5073","POTRERO POI","l10npy_rcsd_156"
"l10npy_rcsdc_5074","5074","POTRERO POI 2A.","l10npy_rcsd_156"
"l10npy_rcsdc_5075","5075","Y JHOVY 2A.","l10npy_rcsd_156"
"l10npy_rcsdc_5076","5076","YAGUA ÑARO","l10npy_rcsd_156"
"l10npy_rcsdc_5077","5077","YAGUA ÑARO 1A.","l10npy_rcsd_156"
"l10npy_rcsdc_5849","5849","ITA","l10npy_rcsd_156"
"l10npy_rcsdc_5850","5850","CAAGUZU","l10npy_rcsd_156"
"l10npy_rcsdc_5851","5851","CHIRCATY (AVEIRO)","l10npy_rcsd_156"
"l10npy_rcsdc_5852","5852","PEGUAJHO","l10npy_rcsd_156"
"l10npy_rcsdc_5853","5853","Y JHOVY","l10npy_rcsd_156"
"l10npy_rcsdc_5078","5078","ALDANA CAÑADA","l10npy_rcsd_157"
"l10npy_rcsdc_5079","5079","ALDANA CAÑADA 2A.","l10npy_rcsd_157"
"l10npy_rcsdc_5080","5080","ARROYO ESTRELLA","l10npy_rcsd_157"
"l10npy_rcsdc_5081","5081","CAÑADITA","l10npy_rcsd_157"
"l10npy_rcsdc_5854","5854","ITAUGUA","l10npy_rcsd_157"
"l10npy_rcsdc_5914","5914","CERRITO","l10npy_rcsd_157"
"l10npy_rcsdc_5915","5915","ESTANZUELA","l10npy_rcsd_157"
"l10npy_rcsdc_5916","5916","GUAYAYVITY","l10npy_rcsd_157"
"l10npy_rcsdc_5917","5917","GUAZU VIRA","l10npy_rcsd_157"
"l10npy_rcsdc_5918","5918","ITAUGUA GUAZU","l10npy_rcsd_157"
"l10npy_rcsdc_5919","5919","ITAUGUA GUAZU 1A.","l10npy_rcsd_157"
"l10npy_rcsdc_5920","5920","JHUGUA JHU","l10npy_rcsd_157"
"l10npy_rcsdc_5921","5921","JHUGUA POTI","l10npy_rcsd_157"
"l10npy_rcsdc_5922","5922","MBOI Y","l10npy_rcsd_157"
"l10npy_rcsdc_5923","5923","MBOCAYATY DEL NORTE","l10npy_rcsd_157"
"l10npy_rcsdc_5924","5924","MBOCAYATY DEL SUR","l10npy_rcsd_157"
"l10npy_rcsdc_5925","5925","PATIÑO","l10npy_rcsd_157"
"l10npy_rcsdc_5926","5926","POTRERO","l10npy_rcsd_157"
"l10npy_rcsdc_5927","5927","POTRERO GUAZU","l10npy_rcsd_157"
"l10npy_rcsdc_5928","5928","PUENTE","l10npy_rcsd_157"
"l10npy_rcsdc_5929","5929","PUENTE ALEGRE","l10npy_rcsd_157"
"l10npy_rcsdc_5930","5930","VALLE CARE","l10npy_rcsd_157"
"l10npy_rcsdc_5931","5931","VILLA ALTA","l10npy_rcsd_157"
"l10npy_rcsdc_5932","5932","YBYRA TY","l10npy_rcsd_157"
"l10npy_rcsdc_5933","5933","ÑU POI","l10npy_rcsd_157"
"l10npy_rcsdc_5903","5903","KILOMETRO 9","l10npy_rcsd_164"
"l10npy_rcsdc_5904","5904","ORILLA DEL CAMPO GRANDE","l10npy_rcsd_164"
"l10npy_rcsdc_5905","5905","SAN ISIDRO","l10npy_rcsd_164"
"l10npy_rcsdc_5906","5906","TAYASUAPE","l10npy_rcsd_164"
"l10npy_rcsdc_5907","5907","YSATY","l10npy_rcsd_164"
"l10npy_rcsdc_6010","6010","SAN LORENZO","l10npy_rcsd_164"
"l10npy_rcsdc_6011","6011","ARECO PAU","l10npy_rcsd_164"
"l10npy_rcsdc_6012","6012","BAJADA CUE","l10npy_rcsd_164"
"l10npy_rcsdc_6013","6013","BARCEQUILLO","l10npy_rcsd_164"
"l10npy_rcsdc_6014","6014","BARRIO DOROTEA C. CAMPOS","l10npy_rcsd_164"
"l10npy_rcsdc_6015","6015","BOGADO","l10npy_rcsd_164"
"l10npy_rcsdc_6016","6016","CAMPAMENTO","l10npy_rcsd_164"
"l10npy_rcsdc_6017","6017","CAMPO GRANDE","l10npy_rcsd_164"
"l10npy_rcsdc_6018","6018","CAMPO CERVERA","l10npy_rcsd_164"
"l10npy_rcsdc_6019","6019","CAPELLANIA","l10npy_rcsd_164"
"l10npy_rcsdc_6020","6020","CAPI'I PE RY","l10npy_rcsd_164"
"l10npy_rcsdc_6021","6021","CAPILLA CUE","l10npy_rcsd_164"
"l10npy_rcsdc_6022","6022","CAÑADA LAGUNA GRANDE","l10npy_rcsd_164"
"l10npy_rcsdc_6023","6023","CAÑADA SOLINS Y OTROS","l10npy_rcsd_164"
"l10npy_rcsdc_6024","6024","COCUERE","l10npy_rcsd_164"
"l10npy_rcsdc_6025","6025","COLEGIO","l10npy_rcsd_164"
"l10npy_rcsdc_6026","6026","CIA.DE LAS TRES LAGUNAS","l10npy_rcsd_164"
"l10npy_rcsdc_6027","6027","CORDILLERITA","l10npy_rcsd_164"
"l10npy_rcsdc_6028","6028","CURUZU MBOCAYA","l10npy_rcsd_164"
"l10npy_rcsdc_6029","6029","LAUREL GRANDE","l10npy_rcsd_164"
"l10npy_rcsdc_6030","6030","LAGUNA MBOIJHAPY","l10npy_rcsd_164"
"l10npy_rcsdc_6031","6031","LAURELTY","l10npy_rcsd_164"
"l10npy_rcsdc_6032","6032","LOMA","l10npy_rcsd_164"
"l10npy_rcsdc_6033","6033","ORILLA DEL PUERTO","l10npy_rcsd_164"
"l10npy_rcsdc_6034","6034","POTRERO POI","l10npy_rcsd_164"
"l10npy_rcsdc_6035","6035","RECLUTA","l10npy_rcsd_164"
"l10npy_rcsdc_6036","6036","REDUCTO","l10npy_rcsd_164"
"l10npy_rcsdc_6037","6037","RINCON","l10npy_rcsd_164"
"l10npy_rcsdc_6038","6038","SAN ANTONIO","l10npy_rcsd_164"
"l10npy_rcsdc_6039","6039","SAN JOSE","l10npy_rcsd_164"
"l10npy_rcsdc_6040","6040","SAN LORENZO (MUNICIPIO)","l10npy_rcsd_164"
"l10npy_rcsdc_6041","6041","SAN MIGUEL","l10npy_rcsd_164"
"l10npy_rcsdc_6042","6042","SUBURBIO","l10npy_rcsd_164"
"l10npy_rcsdc_6043","6043","YATAITY","l10npy_rcsd_164"
"l10npy_rcsdc_6044","6044","YBAPURUNDY","l10npy_rcsd_164"
"l10npy_rcsdc_6045","6045","YCUA POI","l10npy_rcsd_164"
"l10npy_rcsdc_6046","6046","YPE YCUA","l10npy_rcsd_164"
"l10npy_rcsdc_6047","6047","ZABALAS CUE","l10npy_rcsd_164"
"l10npy_rcsdc_6048","6048","ZANGUINA GRANDE","l10npy_rcsd_164"
"l10npy_rcsdc_5908","5908","ARROYO SECO (MUNICIPIO)","l10npy_rcsd_165"
"l10npy_rcsdc_6049","6049","VILLA ELISA","l10npy_rcsd_165"
"l10npy_rcsdc_6050","6050","CALLE ULTIMA (MUNICIPIO)","l10npy_rcsd_165"
"l10npy_rcsdc_6051","6051","MBOCAYATY (MUNICIPIO)","l10npy_rcsd_165"
"l10npy_rcsdc_6052","6052","PICADA (MUNICIPIO)","l10npy_rcsd_165"
"l10npy_rcsdc_6053","6053","REMANSO (MUNCIPIO)","l10npy_rcsd_165"
"l10npy_rcsdc_6054","6054","VILLA ELISA (MUNCIPIO)","l10npy_rcsd_165"
"l10npy_rcsdc_6055","6055","YPATI (MUNICIPIO)","l10npy_rcsd_165"
"l10npy_rcsdc_5909","5909","VILLETA","l10npy_rcsd_166"
"l10npy_rcsdc_5910","5910","BUEY RODEO","l10npy_rcsd_166"
"l10npy_rcsdc_5911","5911","GUAZU CORA","l10npy_rcsd_166"
"l10npy_rcsdc_5912","5912","PUERTO ANGOSTURA","l10npy_rcsd_166"
"l10npy_rcsdc_5913","5913","SURUBI Y","l10npy_rcsd_166"
"l10npy_rcsdc_6056","6056","AVAY","l10npy_rcsd_166"
"l10npy_rcsdc_6057","6057","BANCO LOBATO","l10npy_rcsd_166"
"l10npy_rcsdc_6058","6058","BANCO SANTA ROSA","l10npy_rcsd_166"
"l10npy_rcsdc_6059","6059","TACUATY RUGUA","l10npy_rcsd_166"
"l10npy_rcsdc_6060","6060","TACURY TY","l10npy_rcsd_166"
"l10npy_rcsdc_6061","6061","CUMBARITY","l10npy_rcsd_166"
"l10npy_rcsdc_6062","6062","ESTANCIA GUYRA TI","l10npy_rcsd_166"
"l10npy_rcsdc_6063","6063","ITA YBATE","l10npy_rcsd_166"
"l10npy_rcsdc_6064","6064","ITA YBATE 1A.","l10npy_rcsd_166"
"l10npy_rcsdc_6065","6065","LOMA PERO","l10npy_rcsd_166"
"l10npy_rcsdc_6066","6066","LOMAS VALENTINA","l10npy_rcsd_166"
"l10npy_rcsdc_6067","6067","PUERTO GUYRA TI","l10npy_rcsd_166"
"l10npy_rcsdc_6068","6068","PUERTO SANTA ROSA","l10npy_rcsd_166"
"l10npy_rcsdc_6069","6069","PUERTO SARA","l10npy_rcsd_166"
"l10npy_rcsdc_6070","6070","RETIRO CAMALOTAL","l10npy_rcsd_166"
"l10npy_rcsdc_6071","6071","SANJA PYTA","l10npy_rcsd_166"
"l10npy_rcsdc_6072","6072","SENDA","l10npy_rcsd_166"
"l10npy_rcsdc_6073","6073","TACUATY","l10npy_rcsd_166"
"l10npy_rcsdc_6074","6074","VILLETA (MUNICIPIO)","l10npy_rcsd_166"
"l10npy_rcsdc_6075","6075","YPE CU","l10npy_rcsd_166"
"l10npy_rcsdc_5934","5934","LIMPIO","l10npy_rcsd_158"
"l10npy_rcsdc_5935","5935","AGUAPEY","l10npy_rcsd_158"
"l10npy_rcsdc_5936","5936","COL.J.DE ZALAZAR","l10npy_rcsd_158"
"l10npy_rcsdc_5937","5937","COSTA I","l10npy_rcsd_158"
"l10npy_rcsdc_5938","5938","ISLA ARANDA","l10npy_rcsd_158"
"l10npy_rcsdc_5939","5939","ISLA AVEIRO","l10npy_rcsd_158"
"l10npy_rcsdc_5940","5940","LIMPIO (MUNICIPIO)","l10npy_rcsd_158"
"l10npy_rcsdc_5941","5941","MBAYU'E","l10npy_rcsd_158"
"l10npy_rcsdc_5942","5942","MONTAÑA ALTA","l10npy_rcsd_158"
"l10npy_rcsdc_5943","5943","PIQUETE CUE","l10npy_rcsd_158"
"l10npy_rcsdc_5944","5944","RINCON DEL PEÑON","l10npy_rcsd_158"
"l10npy_rcsdc_5945","5945","SALADO 1","l10npy_rcsd_158"
"l10npy_rcsdc_5946","5946","LUQUE","l10npy_rcsd_159"
"l10npy_rcsdc_5947","5947","AGUAPEY","l10npy_rcsd_159"
"l10npy_rcsdc_5948","5948","AEROPUERTO","l10npy_rcsd_159"
"l10npy_rcsdc_5949","5949","CAMPO GRANDE","l10npy_rcsd_159"
"l10npy_rcsdc_5950","5950","CIA.AGUADEY","l10npy_rcsd_159"
"l10npy_rcsdc_5951","5951","CIA.COSTA RUGUA","l10npy_rcsd_159"
"l10npy_rcsdc_5952","5952","CIA.DIAZ MARIN CAAGUY","l10npy_rcsd_159"
"l10npy_rcsdc_5953","5953","CIA.ITA ANGUA","l10npy_rcsd_159"
"l10npy_rcsdc_5954","5954","CIA.ISLA ARANDA","l10npy_rcsd_159"
"l10npy_rcsdc_5955","5955","CIA.ISLA BOGADO","l10npy_rcsd_159"
"l10npy_rcsdc_5956","5956","CIA.MACA'I","l10npy_rcsd_159"
"l10npy_rcsdc_5957","5957","CIA.SAN RAFAEL","l10npy_rcsd_159"
"l10npy_rcsdc_5958","5958","CIA.SAN ROQUE","l10npy_rcsd_159"
"l10npy_rcsdc_5959","5959","CIA.TARUMANDY","l10npy_rcsd_159"
"l10npy_rcsdc_5960","5960","CIA.Y CA'A","l10npy_rcsd_159"
"l10npy_rcsdc_5961","5961","CIA.YCUA CARANDAY","l10npy_rcsd_159"
"l10npy_rcsdc_5962","5962","JHUGUA DE SEDA","l10npy_rcsd_159"
"l10npy_rcsdc_5963","5963","LAURELTY","l10npy_rcsd_159"
"l10npy_rcsdc_5964","5964","ZARATE ISLA","l10npy_rcsd_159"
"l10npy_rcsdc_5965","5965","MARIANO ROQUE ALONSO","l10npy_rcsd_160"
"l10npy_rcsdc_5966","5966","ARECAYA (MUNICIPIO)","l10npy_rcsd_160"
"l10npy_rcsdc_5967","5967","CAAGUY CUPE","l10npy_rcsd_160"
"l10npy_rcsdc_5968","5968","CORUMBA CUE (MUNICIPIO)","l10npy_rcsd_160"
"l10npy_rcsdc_5969","5969","LA INMACULADA","l10npy_rcsd_160"
"l10npy_rcsdc_5970","5970","MARIANO R.ALONSO (MUNICIPIO)","l10npy_rcsd_160"
"l10npy_rcsdc_5971","5971","ROJAS CUE (MUNICIPIO)","l10npy_rcsd_160"
"l10npy_rcsdc_5972","5972","ROJAS CUE 2A.(MUNICIPIO)","l10npy_rcsd_160"
"l10npy_rcsdc_5973","5973","SAN BLAS (MUNICIPIO)","l10npy_rcsd_160"
"l10npy_rcsdc_5974","5974","SAN RAMON (MUNICIPIO)","l10npy_rcsd_160"
"l10npy_rcsdc_5975","5975","ÑEMBY","l10npy_rcsd_161"
"l10npy_rcsdc_5976","5976","ARROYO SECO","l10npy_rcsd_161"
"l10npy_rcsdc_5977","5977","CERRO ÑEMBY","l10npy_rcsd_161"
"l10npy_rcsdc_5978","5978","CIA.RINCON","l10npy_rcsd_161"
"l10npy_rcsdc_5979","5979","PA'I ÑU","l10npy_rcsd_161"
"l10npy_rcsdc_5980","5980","NUEVA ITALIA","l10npy_rcsd_162"
"l10npy_rcsdc_5981","5981","BARRIO LAS MERCEDES","l10npy_rcsd_162"
"l10npy_rcsdc_5982","5982","BARRIO SAN ANTONIO","l10npy_rcsd_162"
"l10npy_rcsdc_5983","5983","BARRIO SAN LORENZO","l10npy_rcsd_162"
"l10npy_rcsdc_5984","5984","BARRIO SAN ROQUE","l10npy_rcsd_162"
"l10npy_rcsdc_5985","5985","CALLE 1A.TACUARAS","l10npy_rcsd_162"
"l10npy_rcsdc_5986","5986","CALLE 2A.TACUARAS","l10npy_rcsd_162"
"l10npy_rcsdc_5987","5987","CALLE 3","l10npy_rcsd_162"
"l10npy_rcsdc_5988","5988","CALLE 3A.TACUARAS","l10npy_rcsd_162"
"l10npy_rcsdc_5989","5989","CALLE 4","l10npy_rcsd_162"
"l10npy_rcsdc_5990","5990","CALLE 4A.TACUARAS","l10npy_rcsd_162"
"l10npy_rcsdc_5991","5991","CALLE 5","l10npy_rcsd_162"
"l10npy_rcsdc_5992","5992","CALLE 5A.TACUARAS","l10npy_rcsd_162"
"l10npy_rcsdc_5993","5993","CALLE 6","l10npy_rcsd_162"
"l10npy_rcsdc_5994","5994","CALLE 8","l10npy_rcsd_162"
"l10npy_rcsdc_5995","5995","CALLE CORAZON DE JESUS","l10npy_rcsd_162"
"l10npy_rcsdc_5996","5996","CERRO PE (ISLA GUAVIRA)","l10npy_rcsd_162"
"l10npy_rcsdc_5997","5997","ESTANCIA CASTOR CUE","l10npy_rcsd_162"
"l10npy_rcsdc_5998","5998","ISLA GUAVIRA","l10npy_rcsd_162"
"l10npy_rcsdc_5999","5999","NUEVA ITALIA (MUNICIPIO)","l10npy_rcsd_162"
"l10npy_rcsdc_6000","6000","SAN ANTONIO","l10npy_rcsd_162"
"l10npy_rcsdc_6001","6001","SANTA LIBRADA","l10npy_rcsd_162"
"l10npy_rcsdc_6002","6002","SANTA ROSA","l10npy_rcsd_162"
"l10npy_rcsdc_6003","6003","SAN ANTONIO","l10npy_rcsd_163"
"l10npy_rcsdc_6004","6004","ACHUCARRO MUNICIPIO","l10npy_rcsd_163"
"l10npy_rcsdc_6005","6005","BANCO SAN ANTONIO (MUNICIPIO)","l10npy_rcsd_163"
"l10npy_rcsdc_6006","6006","MBOCAYATY (MUNICIPIO)","l10npy_rcsd_163"
"l10npy_rcsdc_6007","6007","OLMEDO (MUNICIPIO)","l10npy_rcsd_163"
"l10npy_rcsdc_6008","6008","SAN ANTONIO (MUNICIPIO)","l10npy_rcsd_163"
"l10npy_rcsdc_6009","6009","SAN ANTONIO I (MUNICIPIO)","l10npy_rcsd_163"
"l10npy_rcsdc_6076","6076","YPACARAI","l10npy_rcsd_167"
"l10npy_rcsdc_6077","6077","ARROYO ESTRELLA","l10npy_rcsd_167"
"l10npy_rcsdc_6078","6078","ARROYO Y PUCU","l10npy_rcsd_167"
"l10npy_rcsdc_6079","6079","CERRO GUY","l10npy_rcsd_167"
"l10npy_rcsdc_6080","6080","CERRO PERO","l10npy_rcsd_167"
"l10npy_rcsdc_6081","6081","CERRITO","l10npy_rcsd_167"
"l10npy_rcsdc_6082","6082","ITA PYTAGUA","l10npy_rcsd_167"
"l10npy_rcsdc_6083","6083","JHUGUA JHU","l10npy_rcsd_167"
"l10npy_rcsdc_6084","6084","JHUGUA JHU 1A.","l10npy_rcsd_167"
"l10npy_rcsdc_6085","6085","MBOCAYATY","l10npy_rcsd_167"
"l10npy_rcsdc_6086","6086","PASO PUENTE","l10npy_rcsd_167"
"l10npy_rcsdc_6087","6087","PEDRO ROJAS","l10npy_rcsd_167"
"l10npy_rcsdc_6088","6088","PEDROZO","l10npy_rcsd_167"
"l10npy_rcsdc_6089","6089","PUENTE ACA","l10npy_rcsd_167"
"l10npy_rcsdc_6090","6090","POTRERO GUAZU","l10npy_rcsd_167"
"l10npy_rcsdc_6091","6091","YAGUA RESA","l10npy_rcsd_167"
"l10npy_rcsdc_6092","6092","YSATY","l10npy_rcsd_167"
"l10npy_rcsdc_6093","6093","YPANE","l10npy_rcsd_168"
"l10npy_rcsdc_6094","6094","CAÑADITA","l10npy_rcsd_168"
"l10npy_rcsdc_6095","6095","CHACO I","l10npy_rcsd_168"
"l10npy_rcsdc_6096","6096","COLONIA THOMPSON 1A.","l10npy_rcsd_168"
"l10npy_rcsdc_6097","6097","COSTA","l10npy_rcsd_168"
"l10npy_rcsdc_6098","6098","PASO DE ORO","l10npy_rcsd_168"
"l10npy_rcsdc_6099","6099","POTRERITO 1A.","l10npy_rcsd_168"
"l10npy_rcsdc_6100","6100","POTRERITO 2A.","l10npy_rcsd_168"
"l10npy_rcsdc_6101","6101","ROSADO GUAZU","l10npy_rcsd_168"
"l10npy_rcsdc_6102","6102","THOMPSON 2A.","l10npy_rcsd_168"
"l10npy_rcsdc_6103","6103","YPANE ÑU","l10npy_rcsd_168"
"l10npy_rcsdc_6104","6104","YTORORO","l10npy_rcsd_168"
"l10npy_rcsdc_6105","6105","YTORORO 2A.","l10npy_rcsd_168"
"l10npy_rcsdc_6106","6106","LAMBARE","l10npy_rcsd_169"
"l10npy_rcsdc_6107","6107","BARRIO PTE.KENNEDY 1A.","l10npy_rcsd_169"
"l10npy_rcsdc_6108","6108","BARRIO PTE.KENNEDY 2A.","l10npy_rcsd_169"
"l10npy_rcsdc_6109","6109","BAÑADO SUR","l10npy_rcsd_169"
"l10npy_rcsdc_6110","6110","BARRIO SANTA ANA","l10npy_rcsd_169"
"l10npy_rcsdc_6111","6111","CAÑADA","l10npy_rcsd_169"
"l10npy_rcsdc_6112","6112","ITA ENRAMADA","l10npy_rcsd_169"
"l10npy_rcsdc_6113","6113","LAMBARE (MUNICIPIO)","l10npy_rcsd_169"
"l10npy_rcsdc_6114","6114","MBACHI0","l10npy_rcsd_169"
"l10npy_rcsdc_6115","6115","MBACHIO BAJO","l10npy_rcsd_169"
"l10npy_rcsdc_6116","6116","MBACHIO 2A.","l10npy_rcsd_169"
"l10npy_rcsdc_6117","6117","PALOMAR 1A.","l10npy_rcsd_169"
"l10npy_rcsdc_6118","6118","PALOMAR 2A.","l10npy_rcsd_169"
"l10npy_rcsdc_6119","6119","PALOMAR 3A.","l10npy_rcsd_169"
"l10npy_rcsdc_6120","6120","PUERTO PABLA","l10npy_rcsd_169"
"l10npy_rcsdc_6121","6121","REPUBLICANO","l10npy_rcsd_169"
"l10npy_rcsdc_6122","6122","RUTA JOSE FELIX BOGADO","l10npy_rcsd_169"
"l10npy_rcsdc_6123","6123","SAN MIGUEL","l10npy_rcsd_169"
"l10npy_rcsdc_6124","6124","SAN RAFAEL","l10npy_rcsd_169"
"l10npy_rcsdc_6125","6125","SAN ISIDRO","l10npy_rcsd_169"
"l10npy_rcsdc_6126","6126","VALLE APUA","l10npy_rcsd_169"
"l10npy_rcsdc_6127","6127","VALLE APUA 2A.","l10npy_rcsd_169"
"l10npy_rcsdc_6128","6128","VALLE APUA 3A.","l10npy_rcsd_169"
"l10npy_rcsdc_6129","6129","VALLE YBATE","l10npy_rcsd_169"
"l10npy_rcsdc_6130","6130","VILLA CERRO CORA","l10npy_rcsd_169"
"l10npy_rcsdc_6131","6131","YUQUYTY 2","l10npy_rcsd_169"
"l10npy_rcsdc_6132","6132","YUQUYTY","l10npy_rcsd_169"
"l10npy_rcsdc_6133","6133","YSATY","l10npy_rcsd_169"
"l10npy_rcsdc_6134","6134","J.AUGUSTO SALDIVAR","l10npy_rcsd_170"
"l10npy_rcsdc_6135","6135","POSTA LEIVA","l10npy_rcsd_170"
"l10npy_rcsdc_6428","6428","LOMA PYTA","l10npy_rcsd_277"
"l10npy_rcsdc_4094","4094","ESTANCIA PARAISO","l10npy_rcsd_176"
"l10npy_rcsdc_4095","4095","ESTANCIA ROMAGUERA","l10npy_rcsd_176"
"l10npy_rcsdc_4096","4096","ISLA CURUZU","l10npy_rcsd_176"
"l10npy_rcsdc_4097","4097","NARANJITO","l10npy_rcsd_176"
"l10npy_rcsdc_4098","4098","PASO CORNELIO","l10npy_rcsd_176"
"l10npy_rcsdc_4099","4099","PASO PUCU","l10npy_rcsd_176"
"l10npy_rcsdc_4100","4100","PUERTO ARROCERA","l10npy_rcsd_176"
"l10npy_rcsdc_4101","4101","TUYU CUE","l10npy_rcsd_176"
"l10npy_rcsdc_5492","5492","HUMAITA","l10npy_rcsd_176"
"l10npy_rcsdc_5493","5493","ARROYO HONDO","l10npy_rcsd_176"
"l10npy_rcsdc_5494","5494","BOGARIN CUE","l10npy_rcsd_176"
"l10npy_rcsdc_5495","5495","ESTANCIA CURUPAYTY","l10npy_rcsd_176"
"l10npy_rcsdc_5789","5789","HUMAITA (MUNICIPIO)","l10npy_rcsd_176"
"l10npy_rcsdc_5790","5790","TACURUTY","l10npy_rcsd_176"
"l10npy_rcsdc_4102","4102","ISLA UMBU","l10npy_rcsd_177"
"l10npy_rcsdc_4103","4103","BOQUERON","l10npy_rcsd_177"
"l10npy_rcsdc_4104","4104","CAMBA CUA","l10npy_rcsd_177"
"l10npy_rcsdc_4105","4105","ESTACION PEREZ","l10npy_rcsd_177"
"l10npy_rcsdc_4106","4106","ESTACION SANTA MARIA","l10npy_rcsd_177"
"l10npy_rcsdc_4107","4107","ISLA UMBU (MUNICIPIO)","l10npy_rcsd_177"
"l10npy_rcsdc_4108","4108","ISLERIA","l10npy_rcsd_177"
"l10npy_rcsdc_4109","4109","LOMA CLAVEL","l10npy_rcsd_177"
"l10npy_rcsdc_4110","4110","NARANJITO","l10npy_rcsd_177"
"l10npy_rcsdc_4111","4111","TACURU PYTA","l10npy_rcsd_177"
"l10npy_rcsdc_4112","4112","VALLE POI","l10npy_rcsd_177"
"l10npy_rcsdc_5791","5791","COSTA PUCU","l10npy_rcsd_177"
"l10npy_rcsdc_4113","4113","LAURELES","l10npy_rcsd_178"
"l10npy_rcsdc_4114","4114","APIPE","l10npy_rcsd_178"
"l10npy_rcsdc_4115","4115","CAAROGUE","l10npy_rcsd_178"
"l10npy_rcsdc_4116","4116","CASTILLO CUE","l10npy_rcsd_178"
"l10npy_rcsdc_4117","4117","COSTA PUCU","l10npy_rcsd_178"
"l10npy_rcsdc_4118","4118","ESPINILLO","l10npy_rcsd_178"
"l10npy_rcsdc_4119","4119","ISLA CABRERA","l10npy_rcsd_178"
"l10npy_rcsdc_4120","4120","ISLA LOMA","l10npy_rcsd_178"
"l10npy_rcsdc_4121","4121","ISLA SOLA","l10npy_rcsd_178"
"l10npy_rcsdc_4122","4122","ISLA YRYBU","l10npy_rcsd_178"
"l10npy_rcsdc_4123","4123","ISLERIA","l10npy_rcsd_178"
"l10npy_rcsdc_4124","4124","LAURELES","l10npy_rcsd_178"
"l10npy_rcsdc_4125","4125","PASO FLOR","l10npy_rcsd_178"
"l10npy_rcsdc_4126","4126","PINDURA","l10npy_rcsd_178"
"l10npy_rcsdc_4127","4127","POTRERO ESTECHE","l10npy_rcsd_178"
"l10npy_rcsdc_4128","4128","POTRERO POI","l10npy_rcsd_178"
"l10npy_rcsdc_4129","4129","SAN ANTONIO","l10npy_rcsd_178"
"l10npy_rcsdc_4130","4130","YATAITY","l10npy_rcsd_178"
"l10npy_rcsdc_4131","4131","ÑEEMBUCU MI","l10npy_rcsd_178"
"l10npy_rcsdc_4132","4132","PASO DE PATRIA","l10npy_rcsd_179"
"l10npy_rcsdc_4133","4133","COSTA PARANA","l10npy_rcsd_179"
"l10npy_rcsdc_4134","4134","ITA PIRU","l10npy_rcsd_179"
"l10npy_rcsdc_4135","4135","PASO CANOA","l10npy_rcsd_179"
"l10npy_rcsdc_4136","4136","PASO DE PATRIA (MUNICIPIO)","l10npy_rcsd_179"
"l10npy_rcsdc_4137","4137","MAYOR J.D.MARTINEZ","l10npy_rcsd_180"
"l10npy_rcsdc_4138","4138","1A.CIA.(CABRERA CUE)","l10npy_rcsd_180"
"l10npy_rcsdc_4139","4139","ALARCON","l10npy_rcsd_180"
"l10npy_rcsdc_4140","4140","CURUZU CUATIA GUAZU","l10npy_rcsd_180"
"l10npy_rcsdc_4141","4141","CURUZU CUATIA I","l10npy_rcsd_180"
"l10npy_rcsdc_4142","4142","ISLA CORA","l10npy_rcsd_180"
"l10npy_rcsdc_4143","4143","ISLA CORA 1A.","l10npy_rcsd_180"
"l10npy_rcsdc_4144","4144","ISLA CORA 2A.","l10npy_rcsd_180"
"l10npy_rcsdc_4145","4145","ISLA ROY","l10npy_rcsd_180"
"l10npy_rcsdc_4146","4146","LOMA I","l10npy_rcsd_180"
"l10npy_rcsdc_4147","4147","MAYOR MARTINEZ (MUNICIPIO)","l10npy_rcsd_180"
"l10npy_rcsdc_4148","4148","YATAITY","l10npy_rcsd_180"
"l10npy_rcsdc_4149","4149","SAN JUAN DE ÑEEMBUCU","l10npy_rcsd_181"
"l10npy_rcsdc_4150","4150","AGUIRRE","l10npy_rcsd_181"
"l10npy_rcsdc_4151","4151","ALAMBRADO POI","l10npy_rcsd_181"
"l10npy_rcsdc_4152","4152","CAMBA CUA","l10npy_rcsd_181"
"l10npy_rcsdc_4153","4153","CARANDAYTY","l10npy_rcsd_181"
"l10npy_rcsdc_4154","4154","CIUDAD NUEVA","l10npy_rcsd_181"
"l10npy_rcsdc_4155","4155","CIA.OTAZU","l10npy_rcsd_181"
"l10npy_rcsdc_4156","4156","COSTA PINDO","l10npy_rcsd_181"
"l10npy_rcsdc_4157","4157","COSTA ROSADO","l10npy_rcsd_181"
"l10npy_rcsdc_4158","4158","CUERVO BLANCO","l10npy_rcsd_181"
"l10npy_rcsdc_4159","4159","ESTANCIA CIERVO BLANCO","l10npy_rcsd_181"
"l10npy_rcsdc_4160","4160","ESTANCIA PIRITY (MASSEY)","l10npy_rcsd_181"
"l10npy_rcsdc_4161","4161","ESTANCIA POTRERO PEREIRA","l10npy_rcsd_181"
"l10npy_rcsdc_4162","4162","ESTANCIA ANGULO","l10npy_rcsd_181"
"l10npy_rcsdc_4163","4163","ESTANCIA LOMA","l10npy_rcsd_181"
"l10npy_rcsdc_4164","4164","ESTANCIA LOMITA","l10npy_rcsd_181"
"l10npy_rcsdc_4165","4165","ESTANCIA SAN ANTONIO","l10npy_rcsd_181"
"l10npy_rcsdc_4166","4166","ESTANCIA SAN FELIPE","l10npy_rcsd_181"
"l10npy_rcsdc_4167","4167","ESTANCIA YACARE","l10npy_rcsd_181"
"l10npy_rcsdc_4168","4168","ESTERO CAMBA","l10npy_rcsd_181"
"l10npy_rcsdc_4169","4169","LAGUNA ITA","l10npy_rcsd_181"
"l10npy_rcsdc_4170","4170","LOMA EIRA","l10npy_rcsd_181"
"l10npy_rcsdc_4171","4171","PARAISO","l10npy_rcsd_181"
"l10npy_rcsdc_4172","4172","POTRERO CABALLERO","l10npy_rcsd_181"
"l10npy_rcsdc_4173","4173","POTRERO GONZALEZ","l10npy_rcsd_181"
"l10npy_rcsdc_4174","4174","POTRERO TATAYYBA","l10npy_rcsd_181"
"l10npy_rcsdc_4175","4175","PUESTO SAN JOSE","l10npy_rcsd_181"
"l10npy_rcsdc_4176","4176","PUESTO 2A.CUE","l10npy_rcsd_181"
"l10npy_rcsdc_4177","4177","PUESTO ALVARENGA","l10npy_rcsd_181"
"l10npy_rcsdc_4178","4178","PUESTO BARRANQUERITA","l10npy_rcsd_181"
"l10npy_rcsdc_4179","4179","PUESTO BENJAMIN","l10npy_rcsd_181"
"l10npy_rcsdc_4180","4180","PUESTO CANTERO CUE","l10npy_rcsd_181"
"l10npy_rcsdc_4181","4181","PUESTO JAVIELITO","l10npy_rcsd_181"
"l10npy_rcsdc_4182","4182","PUESTO LIMA","l10npy_rcsd_181"
"l10npy_rcsdc_4183","4183","PUESTO MALICHA (BLANCO CUE)","l10npy_rcsd_181"
"l10npy_rcsdc_4184","4184","PUESTO MANDI'O","l10npy_rcsd_181"
"l10npy_rcsdc_4185","4185","PUESTO OLAZAR","l10npy_rcsd_181"
"l10npy_rcsdc_4186","4186","PUESTO RAMIREZ CUE","l10npy_rcsd_181"
"l10npy_rcsdc_4187","4187","PUESTO REDONDO","l10npy_rcsd_181"
"l10npy_rcsdc_4188","4188","PUESTO SAN BERNARDO","l10npy_rcsd_181"
"l10npy_rcsdc_4189","4189","PUESTO SAN CARLOS","l10npy_rcsd_181"
"l10npy_rcsdc_4190","4190","PUESTO SAN JOSE","l10npy_rcsd_181"
"l10npy_rcsdc_4191","4191","PUESTO SANJITA","l10npy_rcsd_181"
"l10npy_rcsdc_4192","4192","PUESTO YBAJHAI","l10npy_rcsd_181"
"l10npy_rcsdc_4193","4193","PUESTO ÑU PYAJHU","l10npy_rcsd_181"
"l10npy_rcsdc_4194","4194","PUESTO SAN JOSE","l10npy_rcsd_181"
"l10npy_rcsdc_4195","4195","SAN JUAN ÑEEMBUCU (MUNICIPIO)","l10npy_rcsd_181"
"l10npy_rcsdc_4196","4196","TACUARAS","l10npy_rcsd_182"
"l10npy_rcsdc_4197","4197","BANCO CARRIZAL","l10npy_rcsd_182"
"l10npy_rcsdc_4198","4198","CAMPO MARTINEZ","l10npy_rcsd_182"
"l10npy_rcsdc_4199","4199","ESTACION CARLOS CUE","l10npy_rcsd_182"
"l10npy_rcsdc_4200","4200","POTRERO YBYÑAI","l10npy_rcsd_182"
"l10npy_rcsdc_4201","4201","VILLA OLIVA","l10npy_rcsd_183"
"l10npy_rcsdc_4202","4202","ALBADON","l10npy_rcsd_183"
"l10npy_rcsdc_4203","4203","BEDOYA","l10npy_rcsd_183"
"l10npy_rcsdc_4204","4204","BOTERETE","l10npy_rcsd_183"
"l10npy_rcsdc_4205","4205","CUATRO VIENTO","l10npy_rcsd_183"
"l10npy_rcsdc_4206","4206","DERLI CUE","l10npy_rcsd_183"
"l10npy_rcsdc_4207","4207","ESTACION ISLA GUAZU","l10npy_rcsd_183"
"l10npy_rcsdc_4208","4208","MONTERO","l10npy_rcsd_183"
"l10npy_rcsdc_4209","4209","PUERTO MARIANITO","l10npy_rcsd_183"
"l10npy_rcsdc_4210","4210","PUERTO MARITE","l10npy_rcsd_183"
"l10npy_rcsdc_4211","4211","PUERTO PARAISO","l10npy_rcsd_183"
"l10npy_rcsdc_4212","4212","PUERTO VICTORIA","l10npy_rcsd_183"
"l10npy_rcsdc_4213","4213","VALLE PUCU","l10npy_rcsd_183"
"l10npy_rcsdc_4214","4214","VILLA OLIVA (MUNICIPIO)","l10npy_rcsd_183"
"l10npy_rcsdc_4215","4215","YBY ATA","l10npy_rcsd_183"
"l10npy_rcsdc_4216","4216","YBYRA PYTA","l10npy_rcsd_183"
"l10npy_rcsdc_4217","4217","VILLA FRANCA","l10npy_rcsd_205"
"l10npy_rcsdc_4218","4218","BANCO PARAGUAY","l10npy_rcsd_205"
"l10npy_rcsdc_4219","4219","BANCO PIRAY","l10npy_rcsd_205"
"l10npy_rcsdc_4220","4220","BANCO TATUCUA","l10npy_rcsd_205"
"l10npy_rcsdc_4221","4221","ESTANCIA AGATAPE","l10npy_rcsd_205"
"l10npy_rcsdc_4222","4222","ESTANCIA CAMBUCHI","l10npy_rcsd_205"
"l10npy_rcsdc_4223","4223","ESTANCIA FERRARO","l10npy_rcsd_205"
"l10npy_rcsdc_4224","4224","ESTANCIA HERRADURA","l10npy_rcsd_205"
"l10npy_rcsdc_4225","4225","ESTANCIA LA ESPERANZA","l10npy_rcsd_205"
"l10npy_rcsdc_4226","4226","ESTANCIA MCAL.LOPEZ","l10npy_rcsd_205"
"l10npy_rcsdc_4227","4227","ESTANCIA PUNTA ELENA","l10npy_rcsd_205"
"l10npy_rcsdc_4228","4228","ESTANCIA SAN JOSE","l10npy_rcsd_205"
"l10npy_rcsdc_4229","4229","MARTA CUE","l10npy_rcsd_205"
"l10npy_rcsdc_4230","4230","PLATERO CUE","l10npy_rcsd_205"
"l10npy_rcsdc_4231","4231","POTRERO BANCO","l10npy_rcsd_205"
"l10npy_rcsdc_4232","4232","POTRERO VARGAS","l10npy_rcsd_205"
"l10npy_rcsdc_4233","4233","PUERTO VICTORIA","l10npy_rcsd_205"
"l10npy_rcsdc_4234","4234","RETIRO CAMPINCHO CUA","l10npy_rcsd_205"
"l10npy_rcsdc_4235","4235","ROI CUE","l10npy_rcsd_205"
"l10npy_rcsdc_4236","4236","SANTA TERESA","l10npy_rcsd_205"
"l10npy_rcsdc_4237","4237","VILLA FRANCA (MUNICIPIO)","l10npy_rcsd_205"
"l10npy_rcsdc_4238","4238","VISCAYA","l10npy_rcsd_205"
"l10npy_rcsdc_4596","4596","CARANDAYTY","l10npy_rcsd_205"
"l10npy_rcsdc_5792","5792","ISLA REAL","l10npy_rcsd_205"
"l10npy_rcsdc_5793","5793","PUERTO TARUMA","l10npy_rcsd_205"
"l10npy_rcsdc_5794","5794","SEBASTIAN GABOTO","l10npy_rcsd_205"
"l10npy_rcsdc_4239","4239","VILLALBIN","l10npy_rcsd_184"
"l10npy_rcsdc_4240","4240","CIA.ISLA YRYBU","l10npy_rcsd_184"
"l10npy_rcsdc_4241","4241","CIA.POTRERO","l10npy_rcsd_184"
"l10npy_rcsdc_4242","4242","ESTERO BELLACO","l10npy_rcsd_184"
"l10npy_rcsdc_4243","4243","ESTERO CENIZALES","l10npy_rcsd_184"
"l10npy_rcsdc_4244","4244","ESTERO PIKYRY","l10npy_rcsd_184"
"l10npy_rcsdc_4245","4245","ESTERO VACAPI","l10npy_rcsd_184"
"l10npy_rcsdc_4246","4246","ISLA CADENA","l10npy_rcsd_184"
"l10npy_rcsdc_4247","4247","MANANTIALES","l10npy_rcsd_184"
"l10npy_rcsdc_4597","4597","TENIENTE SANCHEZ","l10npy_rcsd_184"
"l10npy_rcsdc_5795","5795","CIA.SAN SEBASTIAN MI","l10npy_rcsd_184"
"l10npy_rcsdc_5796","5796","ISLA LATRADERO","l10npy_rcsd_184"
"l10npy_rcsdc_5435","5435","YATAITY (2A.CIA)","l10npy_rcsd_171"
"l10npy_rcsdc_5436","5436","YATAITY (3A.CIA)","l10npy_rcsd_171"
"l10npy_rcsdc_6136","6136","PILAR","l10npy_rcsd_171"
"l10npy_rcsdc_6137","6137","ARARA'A","l10npy_rcsd_171"
"l10npy_rcsdc_6138","6138","AVIACION 1A.CIA.","l10npy_rcsd_171"
"l10npy_rcsdc_6139","6139","BARRIO 12 DE OCTUBRE","l10npy_rcsd_171"
"l10npy_rcsdc_6140","6140","BARRIO BANCO NRO.1","l10npy_rcsd_171"
"l10npy_rcsdc_6141","6141","BARRIO LOMA CLAVEL","l10npy_rcsd_171"
"l10npy_rcsdc_6142","6142","BARRIO OBRERO","l10npy_rcsd_171"
"l10npy_rcsdc_6143","6143","CABALLERO PASO","l10npy_rcsd_171"
"l10npy_rcsdc_6144","6144","ESTANCIA LUIS DELPINO","l10npy_rcsd_171"
"l10npy_rcsdc_6145","6145","ESTANCIA MEDINA","l10npy_rcsd_171"
"l10npy_rcsdc_6146","6146","ESTANCIA SAN MARTIN","l10npy_rcsd_171"
"l10npy_rcsdc_6147","6147","ESTANCIA SANTA TERESA","l10npy_rcsd_171"
"l10npy_rcsdc_6148","6148","ISLA","l10npy_rcsd_171"
"l10npy_rcsdc_6149","6149","ISLA YUQUERI","l10npy_rcsd_171"
"l10npy_rcsdc_6150","6150","MEDINA","l10npy_rcsd_171"
"l10npy_rcsdc_6151","6151","PILAR (MUNICIPIO)","l10npy_rcsd_171"
"l10npy_rcsdc_6152","6152","VALLE APUA","l10npy_rcsd_171"
"l10npy_rcsdc_6153","6153","VILLA PASO","l10npy_rcsd_171"
"l10npy_rcsdc_5437","5437","ALBERDI","l10npy_rcsd_172"
"l10npy_rcsdc_5438","5438","ALBERDI (MUNICIPIO)","l10npy_rcsd_172"
"l10npy_rcsdc_5439","5439","ALBERDI VIEJO","l10npy_rcsd_172"
"l10npy_rcsdc_5440","5440","BANCO CURUZU","l10npy_rcsd_172"
"l10npy_rcsdc_5441","5441","BANCO PALOMAR","l10npy_rcsd_172"
"l10npy_rcsdc_5442","5442","ESTERO CORA","l10npy_rcsd_172"
"l10npy_rcsdc_5443","5443","ISLA LEON","l10npy_rcsd_172"
"l10npy_rcsdc_5444","5444","LOMA","l10npy_rcsd_172"
"l10npy_rcsdc_5445","5445","MOÑAI CUARE","l10npy_rcsd_172"
"l10npy_rcsdc_5446","5446","TARUMA VUELTA","l10npy_rcsd_172"
"l10npy_rcsdc_5447","5447","CERRITO","l10npy_rcsd_173"
"l10npy_rcsdc_5448","5448","BARRIO OBRERO 1A.","l10npy_rcsd_173"
"l10npy_rcsdc_5449","5449","BARRIO OBRERO 2A.","l10npy_rcsd_173"
"l10npy_rcsdc_5450","5450","CAAGUY JHOVY","l10npy_rcsd_173"
"l10npy_rcsdc_5451","5451","CERRO ÑU","l10npy_rcsd_173"
"l10npy_rcsdc_5452","5452","COSTA 1","l10npy_rcsd_173"
"l10npy_rcsdc_5453","5453","COSTA 1 2A.","l10npy_rcsd_173"
"l10npy_rcsdc_5454","5454","CURUZU ABA 1A.","l10npy_rcsd_173"
"l10npy_rcsdc_5455","5455","CURUZU ABA 2A.","l10npy_rcsd_173"
"l10npy_rcsdc_5456","5456","ISLA ROY","l10npy_rcsd_173"
"l10npy_rcsdc_5457","5457","ITA PUNTA","l10npy_rcsd_173"
"l10npy_rcsdc_5458","5458","JHUGUA YARE","l10npy_rcsd_173"
"l10npy_rcsdc_5459","5459","POTRERO VILLALBA 1A.","l10npy_rcsd_173"
"l10npy_rcsdc_5460","5460","POTRERO VILLALBA 2A.","l10npy_rcsd_173"
"l10npy_rcsdc_5461","5461","TACURUTY","l10npy_rcsd_173"
"l10npy_rcsdc_5462","5462","DESMOCHADOS","l10npy_rcsd_174"
"l10npy_rcsdc_5463","5463","CAPILLITA","l10npy_rcsd_174"
"l10npy_rcsdc_5464","5464","COSTA PO'I","l10npy_rcsd_174"
"l10npy_rcsdc_5465","5465","DESMOCHADO (MUNICIPIO)","l10npy_rcsd_174"
"l10npy_rcsdc_5466","5466","FLORA PUNTA","l10npy_rcsd_174"
"l10npy_rcsdc_5467","5467","MANANTIALES","l10npy_rcsd_174"
"l10npy_rcsdc_5468","5468","POTRERO","l10npy_rcsd_174"
"l10npy_rcsdc_5469","5469","POTRERO SAN JUAN","l10npy_rcsd_174"
"l10npy_rcsdc_5470","5470","POTRERO ZARZA","l10npy_rcsd_174"
"l10npy_rcsdc_5471","5471","SAN ANTONIO","l10npy_rcsd_174"
"l10npy_rcsdc_5472","5472","SAN ROQUE","l10npy_rcsd_174"
"l10npy_rcsdc_5473","5473","SANTA MARIA","l10npy_rcsd_174"
"l10npy_rcsdc_5474","5474","GRAL.JOSE EDUVIGIS DIAZ","l10npy_rcsd_203"
"l10npy_rcsdc_5475","5475","CAMPAMENTO CUE","l10npy_rcsd_203"
"l10npy_rcsdc_5476","5476","CARRIZAL","l10npy_rcsd_203"
"l10npy_rcsdc_5477","5477","ESTERO BELLACO","l10npy_rcsd_203"
"l10npy_rcsdc_5478","5478","GRAL.DIAZ (MUNICIPIO)","l10npy_rcsd_203"
"l10npy_rcsdc_5479","5479","LOMA GUAZU","l10npy_rcsd_203"
"l10npy_rcsdc_5480","5480","LOMA 1","l10npy_rcsd_203"
"l10npy_rcsdc_5481","5481","PUESTO TORRES","l10npy_rcsd_203"
"l10npy_rcsdc_5482","5482","YUQUERI","l10npy_rcsd_203"
"l10npy_rcsdc_5483","5483","GUAZU CUA","l10npy_rcsd_175"
"l10npy_rcsdc_5484","5484","CARANDAYTY","l10npy_rcsd_175"
"l10npy_rcsdc_5485","5485","GUAZU CUA","l10npy_rcsd_175"
"l10npy_rcsdc_5486","5486","PASO PINDO","l10npy_rcsd_175"
"l10npy_rcsdc_5487","5487","PASO TYPY","l10npy_rcsd_175"
"l10npy_rcsdc_5488","5488","POTRERO PIRU","l10npy_rcsd_175"
"l10npy_rcsdc_5489","5489","POTRERO YBYRAI","l10npy_rcsd_175"
"l10npy_rcsdc_5490","5490","PUNTA DIAMANTE","l10npy_rcsd_175"
"l10npy_rcsdc_5491","5491","YBABIYU","l10npy_rcsd_175"
"l10npy_rcsdc_2306","2306","COL.SAN VICENTE","l10npy_rcsd_185"
"l10npy_rcsdc_2307","2307","COL.VICTORIA GUAZU","l10npy_rcsd_185"
"l10npy_rcsdc_2308","2308","CIA.INDUSTRIAL AQUIDABAN","l10npy_rcsd_185"
"l10npy_rcsdc_2309","2309","CONSUELO","l10npy_rcsd_185"
"l10npy_rcsdc_2310","2310","CORRALITO","l10npy_rcsd_185"
"l10npy_rcsdc_2311","2311","CUCHARA","l10npy_rcsd_185"
"l10npy_rcsdc_2312","2312","CURURU","l10npy_rcsd_185"
"l10npy_rcsdc_2313","2313","CURUZU-I","l10npy_rcsd_185"
"l10npy_rcsdc_2314","2314","ESTABLECIMIENTO ÑU PORA","l10npy_rcsd_185"
"l10npy_rcsdc_2315","2315","ESTANCIA LAGUNA PORA","l10npy_rcsd_185"
"l10npy_rcsdc_2316","2316","ESTANCIA PIRA POTRERO","l10npy_rcsd_185"
"l10npy_rcsdc_2317","2317","ESTANCIA RUIZ","l10npy_rcsd_185"
"l10npy_rcsdc_2318","2318","ESTANCIA SAN LUIS","l10npy_rcsd_185"
"l10npy_rcsdc_2319","2319","ESTANCIA Y PYTA","l10npy_rcsd_185"
"l10npy_rcsdc_2320","2320","ESTANCIA ÑANDEYARA PASO","l10npy_rcsd_185"
"l10npy_rcsdc_2321","2321","ESTRELLA TUYA","l10npy_rcsd_185"
"l10npy_rcsdc_2322","2322","EXCOMBATIENTE","l10npy_rcsd_185"
"l10npy_rcsdc_2323","2323","EXCOMBATIENTE 2A.Y 3A.ZONA","l10npy_rcsd_185"
"l10npy_rcsdc_2324","2324","FADEMA","l10npy_rcsd_185"
"l10npy_rcsdc_2325","2325","FORTUNA GUAZU","l10npy_rcsd_185"
"l10npy_rcsdc_2326","2326","GAZORY","l10npy_rcsd_185"
"l10npy_rcsdc_2327","2327","GUAVIRA 3A.ZONA","l10npy_rcsd_185"
"l10npy_rcsdc_2328","2328","GUAYAIBI","l10npy_rcsd_185"
"l10npy_rcsdc_2329","2329","GUAYAIBI (1A.)","l10npy_rcsd_185"
"l10npy_rcsdc_2330","2330","ITAKYRY","l10npy_rcsd_185"
"l10npy_rcsdc_2331","2331","ITA BOZA-I","l10npy_rcsd_185"
"l10npy_rcsdc_2332","2332","ITA POPO","l10npy_rcsd_185"
"l10npy_rcsdc_2333","2333","KOCOE","l10npy_rcsd_185"
"l10npy_rcsdc_2334","2334","LAGUANA PORA","l10npy_rcsd_185"
"l10npy_rcsdc_2335","2335","LOTE 4 WEAVER","l10npy_rcsd_185"
"l10npy_rcsdc_2336","2336","MAFUCCI I","l10npy_rcsd_185"
"l10npy_rcsdc_2337","2337","MARANGATU","l10npy_rcsd_185"
"l10npy_rcsdc_2338","2338","MOROTINGUE","l10npy_rcsd_185"
"l10npy_rcsdc_2339","2339","NARANJATY","l10npy_rcsd_185"
"l10npy_rcsdc_2340","2340","NUEVA AURORA","l10npy_rcsd_185"
"l10npy_rcsdc_2341","2341","OCULTO","l10npy_rcsd_185"
"l10npy_rcsdc_2342","2342","PARQUE NACIONAL CERRO CORA","l10npy_rcsd_185"
"l10npy_rcsdc_2343","2343","PASO AQUIDABAN","l10npy_rcsd_185"
"l10npy_rcsdc_2344","2344","PASO JHU","l10npy_rcsd_185"
"l10npy_rcsdc_2345","2345","PASO ÑANDEYARA","l10npy_rcsd_185"
"l10npy_rcsdc_2346","2346","PATRICIA","l10npy_rcsd_185"
"l10npy_rcsdc_2347","2347","PEDRO JUAN CABALLERO (MUNIC.)","l10npy_rcsd_185"
"l10npy_rcsdc_2348","2348","PIKY","l10npy_rcsd_185"
"l10npy_rcsdc_2349","2349","PIKY CUA","l10npy_rcsd_185"
"l10npy_rcsdc_2350","2350","PIKYSYRY","l10npy_rcsd_185"
"l10npy_rcsdc_2351","2351","PINDOTY","l10npy_rcsd_185"
"l10npy_rcsdc_2352","2352","PIRAY POTRERO","l10npy_rcsd_185"
"l10npy_rcsdc_2353","2353","PORTERA ORTIZ","l10npy_rcsd_185"
"l10npy_rcsdc_2354","2354","POTRERO-I CALLE 1A.","l10npy_rcsd_185"
"l10npy_rcsdc_2355","2355","POTRERO-I CALLE 2A.","l10npy_rcsd_185"
"l10npy_rcsdc_2356","2356","POTRERO CURURU","l10npy_rcsd_185"
"l10npy_rcsdc_2357","2357","POTRERO LAGUANA PYTA","l10npy_rcsd_185"
"l10npy_rcsdc_2358","2358","POTRERO MAFUCCI","l10npy_rcsd_185"
"l10npy_rcsdc_2359","2359","POTRERO SANTIAGO","l10npy_rcsd_185"
"l10npy_rcsdc_2360","2360","POTRERO SUR","l10npy_rcsd_185"
"l10npy_rcsdc_2361","2361","PUNTA PORA ÑU","l10npy_rcsd_185"
"l10npy_rcsdc_2362","2362","PUNTA VACAPI","l10npy_rcsd_185"
"l10npy_rcsdc_2363","2363","REPUBLICA","l10npy_rcsd_185"
"l10npy_rcsdc_2364","2364","RETIRO CAPIIBARY CABECERA","l10npy_rcsd_185"
"l10npy_rcsdc_2365","2365","RETIRO","l10npy_rcsd_185"
"l10npy_rcsdc_2366","2366","RINCON ZENON ORTIZ","l10npy_rcsd_185"
"l10npy_rcsdc_2367","2367","RINCON DE JULIO","l10npy_rcsd_185"
"l10npy_rcsdc_2368","2368","SAN FRANCISCO","l10npy_rcsd_185"
"l10npy_rcsdc_2369","2369","SAN JUAN","l10npy_rcsd_185"
"l10npy_rcsdc_2370","2370","SAN LUIS","l10npy_rcsd_185"
"l10npy_rcsdc_2371","2371","SANTA MARIA I","l10npy_rcsd_185"
"l10npy_rcsdc_2372","2372","SAPUCAI","l10npy_rcsd_185"
"l10npy_rcsdc_2373","2373","SERENO","l10npy_rcsd_185"
"l10npy_rcsdc_2374","2374","SINDICATURA","l10npy_rcsd_185"
"l10npy_rcsdc_2375","2375","TACUARA RAPO","l10npy_rcsd_185"
"l10npy_rcsdc_2376","2376","TABARE CUE","l10npy_rcsd_185"
"l10npy_rcsdc_2377","2377","TAYY","l10npy_rcsd_185"
"l10npy_rcsdc_2378","2378","TERCERA-I","l10npy_rcsd_185"
"l10npy_rcsdc_2379","2379","TEYU POTRERO","l10npy_rcsd_185"
"l10npy_rcsdc_2380","2380","TORORO","l10npy_rcsd_185"
"l10npy_rcsdc_2381","2381","TRABAJADO YBY YAU","l10npy_rcsd_185"
"l10npy_rcsdc_2382","2382","VACARAY","l10npy_rcsd_185"
"l10npy_rcsdc_2383","2383","VICTORIA I","l10npy_rcsd_185"
"l10npy_rcsdc_2384","2384","VICTORIA I CALLE 1A.","l10npy_rcsd_185"
"l10npy_rcsdc_2385","2385","YAGUARY","l10npy_rcsd_185"
"l10npy_rcsdc_2386","2386","YAGUA VARA","l10npy_rcsd_185"
"l10npy_rcsdc_2387","2387","YAMBUE","l10npy_rcsd_185"
"l10npy_rcsdc_2388","2388","YATEBU-I","l10npy_rcsd_185"
"l10npy_rcsdc_2389","2389","YBY PYTA","l10npy_rcsd_185"
"l10npy_rcsdc_2390","2390","YBY ATAI(TIMBO-I)","l10npy_rcsd_185"
"l10npy_rcsdc_2391","2391","YBYRARAPO","l10npy_rcsd_185"
"l10npy_rcsdc_2392","2392","YBY YAU","l10npy_rcsd_185"
"l10npy_rcsdc_2393","2393","YBY YU","l10npy_rcsd_185"
"l10npy_rcsdc_2394","2394","YERBAL CERRITO","l10npy_rcsd_185"
"l10npy_rcsdc_2395","2395","YHAGUY","l10npy_rcsd_185"
"l10npy_rcsdc_2396","2396","YSAU","l10npy_rcsd_185"
"l10npy_rcsdc_2397","2397","YU AMBUE","l10npy_rcsd_185"
"l10npy_rcsdc_2398","2398","ZANJA PYTA","l10npy_rcsd_185"
"l10npy_rcsdc_2399","2399","ZENON ORTIZ","l10npy_rcsd_185"
"l10npy_rcsdc_2400","2400","ÑANDEYARA","l10npy_rcsd_185"
"l10npy_rcsdc_2401","2401","ÑATIA CAÑADA","l10npy_rcsd_185"
"l10npy_rcsdc_4248","4248","PEDRO JUAN CABALLERO","l10npy_rcsd_185"
"l10npy_rcsdc_4249","4249","1A. ADMINISTRACION","l10npy_rcsd_185"
"l10npy_rcsdc_4250","4250","2A.(YBY YAU)","l10npy_rcsd_185"
"l10npy_rcsdc_4251","4251","2A.ADMINISTRACION PIRE","l10npy_rcsd_185"
"l10npy_rcsdc_4252","4252","2A.ZONA DE MOROTINGUE","l10npy_rcsd_185"
"l10npy_rcsdc_4253","4253","2A.Y 3A.ZONA DE PYKY","l10npy_rcsd_185"
"l10npy_rcsdc_4254","4254","4A.CERRO MOJON","l10npy_rcsd_185"
"l10npy_rcsdc_4255","4255","5A.ADMINISTRACION TATU PIRE","l10npy_rcsd_185"
"l10npy_rcsdc_4256","4256","5A.ZONA CALLE MOJON","l10npy_rcsd_185"
"l10npy_rcsdc_4257","4257","ADMINISTRACION MASSON","l10npy_rcsd_185"
"l10npy_rcsdc_4258","4258","AÑARETA","l10npy_rcsd_185"
"l10npy_rcsdc_4259","4259","BEATO ROQUE GONZALEZ","l10npy_rcsd_185"
"l10npy_rcsdc_4260","4260","CABECERA AQUIDABAN","l10npy_rcsd_185"
"l10npy_rcsdc_4261","4261","CABECERA PASO JHU","l10npy_rcsd_185"
"l10npy_rcsdc_4262","4262","CABECERITA","l10npy_rcsd_185"
"l10npy_rcsdc_4263","4263","CAFETAL AMARO CUE","l10npy_rcsd_185"
"l10npy_rcsdc_4264","4264","CAFETAL BRASIL","l10npy_rcsd_185"
"l10npy_rcsdc_4265","4265","CAFETAL ESTRELLA","l10npy_rcsd_185"
"l10npy_rcsdc_4266","4266","CAFETAL PABLISTA","l10npy_rcsd_185"
"l10npy_rcsdc_4267","4267","CAFETAL RINCON DE JULIO","l10npy_rcsd_185"
"l10npy_rcsdc_4268","4268","CAFETAL SAN ANTONIO","l10npy_rcsd_185"
"l10npy_rcsdc_4269","4269","CAFETAL 3 PALOS","l10npy_rcsd_185"
"l10npy_rcsdc_4270","4270","CAFETAL URUGUAYA (DEL NORTE)","l10npy_rcsd_185"
"l10npy_rcsdc_4271","4271","CAFETAL VIRGINIA","l10npy_rcsd_185"
"l10npy_rcsdc_4272","4272","CALLE 1A.","l10npy_rcsd_185"
"l10npy_rcsdc_4273","4273","CALLEJON 1A.","l10npy_rcsd_185"
"l10npy_rcsdc_4274","4274","CALLEJON 25","l10npy_rcsd_185"
"l10npy_rcsdc_4275","4275","CALLEJON BRASIL","l10npy_rcsd_185"
"l10npy_rcsdc_4276","4276","CALLEJON GRAL.GENES","l10npy_rcsd_185"
"l10npy_rcsdc_4277","4277","CALLEJON PIKYSYRY","l10npy_rcsd_185"
"l10npy_rcsdc_4278","4278","CALLEJON SANTA MARIA","l10npy_rcsd_185"
"l10npy_rcsdc_4279","4279","CALLEJON SANTA ROSA","l10npy_rcsd_185"
"l10npy_rcsdc_4280","4280","CAMPO FLOR","l10npy_rcsd_185"
"l10npy_rcsdc_4281","4281","CANADIENSE","l10npy_rcsd_185"
"l10npy_rcsdc_4282","4282","CAPIIBARY","l10npy_rcsd_185"
"l10npy_rcsdc_4283","4283","CARPINTERIA CUE","l10npy_rcsd_185"
"l10npy_rcsdc_4284","4284","CAI JHA","l10npy_rcsd_185"
"l10npy_rcsdc_4285","4285","CAI MEMBY","l10npy_rcsd_185"
"l10npy_rcsdc_4286","4286","CAÑADA AQUIDABAN","l10npy_rcsd_185"
"l10npy_rcsdc_4287","4287","CAÑADA SAN ANTONIO","l10npy_rcsd_185"
"l10npy_rcsdc_4288","4288","CERRO ACEITE B-1-4","l10npy_rcsd_185"
"l10npy_rcsdc_4289","4289","CERRO AYGATA","l10npy_rcsd_185"
"l10npy_rcsdc_4290","4290","CERRO BOBO","l10npy_rcsd_185"
"l10npy_rcsdc_4291","4291","CERRO BOBO I","l10npy_rcsd_185"
"l10npy_rcsdc_4292","4292","CERRO CORA","l10npy_rcsd_185"
"l10npy_rcsdc_4293","4293","CERRO CUA","l10npy_rcsd_185"
"l10npy_rcsdc_4294","4294","CERRO GUY","l10npy_rcsd_185"
"l10npy_rcsdc_4295","4295","CERRO LIBERAL","l10npy_rcsd_185"
"l10npy_rcsdc_4296","4296","CERRO LORITO","l10npy_rcsd_185"
"l10npy_rcsdc_4297","4297","CERRO MEMBY","l10npy_rcsd_185"
"l10npy_rcsdc_4298","4298","CERRO MOJON","l10npy_rcsd_185"
"l10npy_rcsdc_4299","4299","CERRO PERO","l10npy_rcsd_185"
"l10npy_rcsdc_4300","4300","CERRO PIKYSYRY","l10npy_rcsd_185"
"l10npy_rcsdc_4301","4301","CHACURRU","l10npy_rcsd_185"
"l10npy_rcsdc_4302","4302","CHIRIGUELO I 2A.ZONA","l10npy_rcsd_185"
"l10npy_rcsdc_4303","4303","CHIRIGUELO","l10npy_rcsd_185"
"l10npy_rcsdc_4304","4304","CHIRIGUELO I 1A.ZONA","l10npy_rcsd_185"
"l10npy_rcsdc_4305","4305","CIERVO","l10npy_rcsd_185"
"l10npy_rcsdc_4306","4306","COGOE-I","l10npy_rcsd_185"
"l10npy_rcsdc_4307","4307","COL.AMARO CUE","l10npy_rcsd_185"
"l10npy_rcsdc_4308","4308","COL.AQUIDABAN","l10npy_rcsd_185"
"l10npy_rcsdc_4309","4309","COL.CERRO APUA","l10npy_rcsd_185"
"l10npy_rcsdc_4310","4310","COL.CERRO CORA M-A","l10npy_rcsd_185"
"l10npy_rcsdc_4311","4311","COL.CERRO CORA M-B-1","l10npy_rcsd_185"
"l10npy_rcsdc_4312","4312","COL.CERRO CORA M-B-2","l10npy_rcsd_185"
"l10npy_rcsdc_4313","4313","COL.CERRO CORA M-C","l10npy_rcsd_185"
"l10npy_rcsdc_4314","4314","COL.EXCOMBATIENTES 2A.ZONA","l10npy_rcsd_185"
"l10npy_rcsdc_4315","4315","COL. GUAVIRA","l10npy_rcsd_185"
"l10npy_rcsdc_4316","4316","COL.JAPONESA","l10npy_rcsd_185"
"l10npy_rcsdc_4317","4317","COL.NARANJA JHAI","l10npy_rcsd_185"
"l10npy_rcsdc_4318","4318","COL.PROSPERIDAD","l10npy_rcsd_185"
"l10npy_rcsdc_4319","4319","COL.PUNTA PORA","l10npy_rcsd_185"
"l10npy_rcsdc_4320","4320","COL.SAN JUAN","l10npy_rcsd_185"
"l10npy_rcsdc_5797","5797","2A.ZONA COLONIA NEA","l10npy_rcsd_185"
"l10npy_rcsdc_5798","5798","ADMINISTRACION FORTUNA I","l10npy_rcsd_185"
"l10npy_rcsdc_5799","5799","CACHIMBO","l10npy_rcsd_185"
"l10npy_rcsdc_5800","5800","CAFETAL PARACANUSE","l10npy_rcsd_185"
"l10npy_rcsdc_6315","6315","COL.VICE PTE.SANCHEZ","l10npy_rcsd_185"
"l10npy_rcsdc_6316","6316","CUMBRE","l10npy_rcsd_185"
"l10npy_rcsdc_2477","2477","CAPITAN BADO","l10npy_rcsd_187"
"l10npy_rcsdc_2478","2478","6 DE DICIEMBRE","l10npy_rcsd_187"
"l10npy_rcsdc_2479","2479","ACUTI","l10npy_rcsd_187"
"l10npy_rcsdc_2480","2480","AGUAPEY","l10npy_rcsd_187"
"l10npy_rcsdc_2481","2481","AGUARA","l10npy_rcsd_187"
"l10npy_rcsdc_2482","2482","ARROYITO","l10npy_rcsd_187"
"l10npy_rcsdc_2483","2483","ASERRADERO CANECA","l10npy_rcsd_187"
"l10npy_rcsdc_2484","2484","BONANZA","l10npy_rcsd_187"
"l10npy_rcsdc_2485","2485","BOQUERON","l10npy_rcsd_187"
"l10npy_rcsdc_2486","2486","CA'A POTY","l10npy_rcsd_187"
"l10npy_rcsdc_2487","2487","CAAGUY POTY","l10npy_rcsd_187"
"l10npy_rcsdc_2488","2488","CAAZAPAMI PARAGUAY","l10npy_rcsd_187"
"l10npy_rcsdc_2489","2489","CABECERA CURUPAY","l10npy_rcsd_187"
"l10npy_rcsdc_2490","2490","CABEZADITA","l10npy_rcsd_187"
"l10npy_rcsdc_2491","2491","CAFETAL ASSAMI","l10npy_rcsd_187"
"l10npy_rcsdc_2492","2492","CAFETAL CARRERO","l10npy_rcsd_187"
"l10npy_rcsdc_2493","2493","CAFETAL CERRO CUATIA","l10npy_rcsd_187"
"l10npy_rcsdc_2494","2494","CAFETAL DEL CERRO","l10npy_rcsd_187"
"l10npy_rcsdc_2495","2495","CAMPAÑA I","l10npy_rcsd_187"
"l10npy_rcsdc_2496","2496","CAMPO WUIS","l10npy_rcsd_187"
"l10npy_rcsdc_2497","2497","CAPITAN BADO (MUNICIPIO)","l10npy_rcsd_187"
"l10npy_rcsdc_2498","2498","CARAYA","l10npy_rcsd_187"
"l10npy_rcsdc_2499","2499","CARRILLO CUE","l10npy_rcsd_187"
"l10npy_rcsdc_2500","2500","CAI MEMBY","l10npy_rcsd_187"
"l10npy_rcsdc_2501","2501","CERRITO ITA CORA","l10npy_rcsd_187"
"l10npy_rcsdc_2502","2502","CERRO MBOCAVI","l10npy_rcsd_187"
"l10npy_rcsdc_2503","2503","CHACO I","l10npy_rcsd_187"
"l10npy_rcsdc_2504","2504","CIERVO ÑU","l10npy_rcsd_187"
"l10npy_rcsdc_2505","2505","COCUERE","l10npy_rcsd_187"
"l10npy_rcsdc_2506","2506","COL.DUTRA","l10npy_rcsd_187"
"l10npy_rcsdc_2507","2507","COL.JAPONESA","l10npy_rcsd_187"
"l10npy_rcsdc_2508","2508","COL.MARISCAL LOPEZ","l10npy_rcsd_187"
"l10npy_rcsdc_2509","2509","COL.NACIMIENTO","l10npy_rcsd_187"
"l10npy_rcsdc_2510","2510","COL.YPANE MI","l10npy_rcsd_187"
"l10npy_rcsdc_2511","2511","COLO O","l10npy_rcsd_187"
"l10npy_rcsdc_2512","2512","COLO O I","l10npy_rcsd_187"
"l10npy_rcsdc_2513","2513","CORRALON","l10npy_rcsd_187"
"l10npy_rcsdc_2514","2514","CRISTINO POTRERO","l10npy_rcsd_187"
"l10npy_rcsdc_2515","2515","CUAREPOTI","l10npy_rcsd_187"
"l10npy_rcsdc_2516","2516","CURUPAY","l10npy_rcsd_187"
"l10npy_rcsdc_2517","2517","CURE SOBRADO","l10npy_rcsd_187"
"l10npy_rcsdc_2518","2518","DESVIO 88","l10npy_rcsd_187"
"l10npy_rcsdc_2519","2519","DESVIO SAN FERNANDO","l10npy_rcsd_187"
"l10npy_rcsdc_2520","2520","ESCALANTE CUE","l10npy_rcsd_187"
"l10npy_rcsdc_2521","2521","ESTABLECIMIENTO CARUMBEY","l10npy_rcsd_187"
"l10npy_rcsdc_2522","2522","ESTABLECIMIENTO GUARANI","l10npy_rcsd_187"
"l10npy_rcsdc_2523","2523","ESTABLECIMIENTO LAGUNITO","l10npy_rcsd_187"
"l10npy_rcsdc_2524","2524","ESTABLECIMIENTO LAGUNITA","l10npy_rcsd_187"
"l10npy_rcsdc_2525","2525","ESTABLECIMIENTO SALMO 23","l10npy_rcsd_187"
"l10npy_rcsdc_2526","2526","ESTABLECIMIENTO SAN ANTONIO","l10npy_rcsd_187"
"l10npy_rcsdc_2527","2527","ESTABLECIMIENTO SAN FERNANDO","l10npy_rcsd_187"
"l10npy_rcsdc_2528","2528","ESTABLECIMIENTO TRABUCO","l10npy_rcsd_187"
"l10npy_rcsdc_2529","2529","ESTABLECIMIENTO YUKYRY MI","l10npy_rcsd_187"
"l10npy_rcsdc_2530","2530","ESTABLECIMIENTO ZAPALLO","l10npy_rcsd_187"
"l10npy_rcsdc_2531","2531","ESTANCIA ITAPUA I","l10npy_rcsd_187"
"l10npy_rcsdc_2532","2532","ESTANCIA NUEVA FRANCA","l10npy_rcsd_187"
"l10npy_rcsdc_2533","2533","ESTANCIA PAULO","l10npy_rcsd_187"
"l10npy_rcsdc_2534","2534","FAZENDA CHIKI MATI","l10npy_rcsd_187"
"l10npy_rcsdc_2535","2535","FAZENDA DEL TUE","l10npy_rcsd_187"
"l10npy_rcsdc_2536","2536","FAZENDA JOAQUINCIÑO","l10npy_rcsd_187"
"l10npy_rcsdc_2537","2537","FAZENDA LOYIADA","l10npy_rcsd_187"
"l10npy_rcsdc_2538","2538","FAZENDA MAGNOLIA","l10npy_rcsd_187"
"l10npy_rcsdc_2539","2539","FAZENDA NUEVA ESPERANZA","l10npy_rcsd_187"
"l10npy_rcsdc_2540","2540","FAZENDA SANTA ADELIA","l10npy_rcsd_187"
"l10npy_rcsdc_2541","2541","FAZENDA SANTA FE","l10npy_rcsd_187"
"l10npy_rcsdc_2542","2542","FAZENDA YBYPE","l10npy_rcsd_187"
"l10npy_rcsdc_2543","2543","FRANCO CUE","l10npy_rcsd_187"
"l10npy_rcsdc_2544","2544","GUAIGUI TAPERE","l10npy_rcsd_187"
"l10npy_rcsdc_2545","2545","GUARANI","l10npy_rcsd_187"
"l10npy_rcsdc_2546","2546","GUAZU ARI","l10npy_rcsd_187"
"l10npy_rcsdc_2547","2547","GUYRA KEJHA","l10npy_rcsd_187"
"l10npy_rcsdc_2548","2548","HACIENDA SANTA CRUZ","l10npy_rcsd_187"
"l10npy_rcsdc_2549","2549","ITA BOZA","l10npy_rcsd_187"
"l10npy_rcsdc_2550","2550","ITA CUI","l10npy_rcsd_187"
"l10npy_rcsdc_2551","2551","ITA GUARANI","l10npy_rcsd_187"
"l10npy_rcsdc_2552","2552","ITA POPO","l10npy_rcsd_187"
"l10npy_rcsdc_2553","2553","J.S.GODOY (TORIN)","l10npy_rcsd_187"
"l10npy_rcsdc_2554","2554","KO-E PYAJHU","l10npy_rcsd_187"
"l10npy_rcsdc_2555","2555","KUI","l10npy_rcsd_187"
"l10npy_rcsdc_2556","2556","LOTE-I","l10npy_rcsd_187"
"l10npy_rcsdc_2557","2557","MARTINEZ CUE","l10npy_rcsd_187"
"l10npy_rcsdc_2558","2558","MBOCAYATY","l10npy_rcsd_187"
"l10npy_rcsdc_2559","2559","MECA","l10npy_rcsd_187"
"l10npy_rcsdc_2560","2560","MIRI-I","l10npy_rcsd_187"
"l10npy_rcsdc_2561","2561","MIRI GUAZU","l10npy_rcsd_187"
"l10npy_rcsdc_2562","2562","MONTE POTRERO","l10npy_rcsd_187"
"l10npy_rcsdc_2563","2563","NUEVA VIRGINIA","l10npy_rcsd_187"
"l10npy_rcsdc_2564","2564","OBRAJE PUENDY","l10npy_rcsd_187"
"l10npy_rcsdc_2565","2565","OBRAJE SALAMANCA","l10npy_rcsd_187"
"l10npy_rcsdc_2566","2566","OCULTO POTY","l10npy_rcsd_187"
"l10npy_rcsdc_2567","2567","PASO HISTORIA","l10npy_rcsd_187"
"l10npy_rcsdc_2568","2568","PASO ITA","l10npy_rcsd_187"
"l10npy_rcsdc_2569","2569","PASO SAN DANIEL","l10npy_rcsd_187"
"l10npy_rcsdc_2570","2570","PASO TUNA","l10npy_rcsd_187"
"l10npy_rcsdc_2571","2571","PASO DE LOS TOROS","l10npy_rcsd_187"
"l10npy_rcsdc_2572","2572","PAYESA-I","l10npy_rcsd_187"
"l10npy_rcsdc_2573","2573","PITAY","l10npy_rcsd_187"
"l10npy_rcsdc_2574","2574","PIÑA","l10npy_rcsd_187"
"l10npy_rcsdc_2575","2575","POTRERITO","l10npy_rcsd_187"
"l10npy_rcsdc_2576","2576","POTRERO CIERVO ÑU","l10npy_rcsd_187"
"l10npy_rcsdc_2577","2577","POTRERO NOVILLO","l10npy_rcsd_187"
"l10npy_rcsdc_2578","2578","POTRERO OCULTO","l10npy_rcsd_187"
"l10npy_rcsdc_2579","2579","POTRERO OCULTO KYHA","l10npy_rcsd_187"
"l10npy_rcsdc_2580","2580","POTRERO OMBU","l10npy_rcsd_187"
"l10npy_rcsdc_2581","2581","POTRERO TACUARATY","l10npy_rcsd_187"
"l10npy_rcsdc_2582","2582","POTRERO YAJHAPEMI","l10npy_rcsd_187"
"l10npy_rcsdc_2583","2583","POTRERO-I","l10npy_rcsd_187"
"l10npy_rcsdc_2584","2584","PUENTE CAPI-I","l10npy_rcsd_187"
"l10npy_rcsdc_2585","2585","PUENTE DE TABLA","l10npy_rcsd_187"
"l10npy_rcsdc_2586","2586","PUERTO MARGARITA","l10npy_rcsd_187"
"l10npy_rcsdc_2587","2587","PUERTO MARTITA","l10npy_rcsd_187"
"l10npy_rcsdc_2588","2588","PUERTO PANADERO","l10npy_rcsd_187"
"l10npy_rcsdc_2589","2589","QUINTANA CUE","l10npy_rcsd_187"
"l10npy_rcsdc_2590","2590","RANCHO TUYUTI","l10npy_rcsd_187"
"l10npy_rcsdc_2591","2591","RANCHO YEGUA","l10npy_rcsd_187"
"l10npy_rcsdc_2592","2592","RETIRO MBOI YAGUA","l10npy_rcsd_187"
"l10npy_rcsdc_3586","3586","RETIRO NA.1 BUEN AMIGO","l10npy_rcsd_187"
"l10npy_rcsdc_3587","3587","RINCON PARAGUAY","l10npy_rcsd_187"
"l10npy_rcsdc_3588","3588","SAN RAMON","l10npy_rcsd_187"
"l10npy_rcsdc_3589","3589","SANTA CECILIA","l10npy_rcsd_187"
"l10npy_rcsdc_3590","3590","SANTA ELISA","l10npy_rcsd_187"
"l10npy_rcsdc_3591","3591","SANTA MARIA","l10npy_rcsd_187"
"l10npy_rcsdc_3592","3592","TACUARATY","l10npy_rcsd_187"
"l10npy_rcsdc_3593","3593","TAPYTA CURUPAY","l10npy_rcsd_187"
"l10npy_rcsdc_3594","3594","TARACA","l10npy_rcsd_187"
"l10npy_rcsdc_3595","3595","TOTORA","l10npy_rcsd_187"
"l10npy_rcsdc_3596","3596","TRABUCO","l10npy_rcsd_187"
"l10npy_rcsdc_3597","3597","TRIGAL TARACA","l10npy_rcsd_187"
"l10npy_rcsdc_3598","3598","TUYU PE","l10npy_rcsd_187"
"l10npy_rcsdc_3599","3599","TUYU CUE","l10npy_rcsd_187"
"l10npy_rcsdc_3600","3600","VERON CUE","l10npy_rcsd_187"
"l10npy_rcsdc_3601","3601","YAGUARUNDI GUAZU","l10npy_rcsd_187"
"l10npy_rcsdc_3602","3602","YAGUA PO","l10npy_rcsd_187"
"l10npy_rcsdc_3603","3603","YBYPE-I","l10npy_rcsd_187"
"l10npy_rcsdc_3604","3604","YBYCUI","l10npy_rcsd_187"
"l10npy_rcsdc_3605","3605","YUYGUY","l10npy_rcsd_187"
"l10npy_rcsdc_3606","3606","YZOZO","l10npy_rcsd_187"
"l10npy_rcsdc_3607","3607","ZANJA JHU","l10npy_rcsd_187"
"l10npy_rcsdc_3608","3608","ÑU APY","l10npy_rcsd_187"
"l10npy_rcsdc_5751","5751","RETIRO SANTA MARIA","l10npy_rcsd_187"
"l10npy_rcsdc_5752","5752","SEÑORITA","l10npy_rcsd_187"
"l10npy_rcsdc_5753","5753","TRABAJADO ZUZUKI","l10npy_rcsd_187"
"l10npy_rcsdc_5754","5754","YAGUARUNDI-I","l10npy_rcsd_187"
"l10npy_rcsdc_5755","5755","YUKY POTRERO","l10npy_rcsd_187"
"l10npy_rcsdc_6326","6326","RETIRO CARAPA-I","l10npy_rcsd_187"
"l10npy_rcsdc_6429","6429","KARAPAI","l10npy_rcsd_278"
"l10npy_rcsdc_3609","3609","VILLA HAYES","l10npy_rcsd_188"
"l10npy_rcsdc_3610","3610","14 DE MAYO","l10npy_rcsd_188"
"l10npy_rcsdc_3611","3611","25 LEGUAS","l10npy_rcsd_188"
"l10npy_rcsdc_3612","3612","3 DE MAYO","l10npy_rcsd_188"
"l10npy_rcsdc_3613","3613","4","l10npy_rcsd_188"
"l10npy_rcsdc_3614","3614","7 BOCAS","l10npy_rcsd_188"
"l10npy_rcsdc_3615","3615","ALBORADA","l10npy_rcsd_188"
"l10npy_rcsdc_3616","3616","ALEGRE","l10npy_rcsd_188"
"l10npy_rcsdc_3617","3617","AMALIA","l10npy_rcsd_188"
"l10npy_rcsdc_3618","3618","ARAZA","l10npy_rcsd_188"
"l10npy_rcsdc_3619","3619","AVALOS SANCHEZ","l10npy_rcsd_188"
"l10npy_rcsdc_3620","3620","BETTY","l10npy_rcsd_188"
"l10npy_rcsdc_3621","3621","BOCA-I","l10npy_rcsd_188"
"l10npy_rcsdc_3622","3622","BOQUERON","l10npy_rcsd_188"
"l10npy_rcsdc_3623","3623","CABO 1RO.CANO","l10npy_rcsd_188"
"l10npy_rcsdc_3624","3624","CADETE OTAZU","l10npy_rcsd_188"
"l10npy_rcsdc_3625","3625","CADETE PASTOR PANDO","l10npy_rcsd_188"
"l10npy_rcsdc_3626","3626","CAMPO 48","l10npy_rcsd_188"
"l10npy_rcsdc_3627","3627","CAMPO ESPERANZA","l10npy_rcsd_188"
"l10npy_rcsdc_3628","3628","CAMPO FLORES","l10npy_rcsd_188"
"l10npy_rcsdc_3629","3629","CAMPO LATA","l10npy_rcsd_188"
"l10npy_rcsdc_3630","3630","CAMPO LEON","l10npy_rcsd_188"
"l10npy_rcsdc_3631","3631","CARA-U","l10npy_rcsd_188"
"l10npy_rcsdc_3632","3632","CARAMBOLA","l10npy_rcsd_188"
"l10npy_rcsdc_3633","3633","CARLOS SISA","l10npy_rcsd_188"
"l10npy_rcsdc_3634","3634","CARMENCITA","l10npy_rcsd_188"
"l10npy_rcsdc_3635","3635","CASANILLO","l10npy_rcsd_188"
"l10npy_rcsdc_3636","3636","CASUALIDAD","l10npy_rcsd_188"
"l10npy_rcsdc_3637","3637","CEIBO","l10npy_rcsd_188"
"l10npy_rcsdc_3638","3638","CELADA CUE","l10npy_rcsd_188"
"l10npy_rcsdc_3639","3639","CHACO-I","l10npy_rcsd_188"
"l10npy_rcsdc_3640","3640","CNEL.MARTINEZ","l10npy_rcsd_188"
"l10npy_rcsdc_3641","3641","COLONIA","l10npy_rcsd_188"
"l10npy_rcsdc_3642","3642","CMTE.NOWAK","l10npy_rcsd_188"
"l10npy_rcsdc_3643","3643","CORA-I","l10npy_rcsd_188"
"l10npy_rcsdc_3644","3644","CORRALITO","l10npy_rcsd_188"
"l10npy_rcsdc_3645","3645","CORRALON","l10npy_rcsd_188"
"l10npy_rcsdc_3646","3646","COSTA","l10npy_rcsd_188"
"l10npy_rcsdc_3647","3647","COE-YU","l10npy_rcsd_188"
"l10npy_rcsdc_3648","3648","CUATRO CIERVOS","l10npy_rcsd_188"
"l10npy_rcsdc_3649","3649","CURUPAYTY","l10npy_rcsd_188"
"l10npy_rcsdc_3650","3650","CACERES CUE","l10npy_rcsd_188"
"l10npy_rcsdc_3651","3651","DEL MEDIO","l10npy_rcsd_188"
"l10npy_rcsdc_3652","3652","DR.GASPAR R.DE FRANCIA","l10npy_rcsd_188"
"l10npy_rcsdc_3653","3653","ESTANCIA-I","l10npy_rcsd_188"
"l10npy_rcsdc_3654","3654","ESTANCIA BUENA VISTA","l10npy_rcsd_188"
"l10npy_rcsdc_3655","3655","ESTANCIA FORTUNA","l10npy_rcsd_188"
"l10npy_rcsdc_3656","3656","ESTANCIA GUAJHO","l10npy_rcsd_188"
"l10npy_rcsdc_3657","3657","ESTANCIA JOSEFINA","l10npy_rcsd_188"
"l10npy_rcsdc_3658","3658","ESTANCIA LUIS","l10npy_rcsd_188"
"l10npy_rcsdc_3659","3659","ESTANCIA POZO AZUL","l10npy_rcsd_188"
"l10npy_rcsdc_3660","3660","ESTANCIA SAN JOSE","l10npy_rcsd_188"
"l10npy_rcsdc_3661","3661","ESTANCIA SANTA MARIA","l10npy_rcsd_188"
"l10npy_rcsdc_3662","3662","ESTANCIA SANTA ELISA","l10npy_rcsd_188"
"l10npy_rcsdc_3663","3663","ESTRELLA","l10npy_rcsd_188"
"l10npy_rcsdc_3664","3664","FALCON","l10npy_rcsd_188"
"l10npy_rcsdc_3665","3665","FERNANDO SILVA MAGALLANES","l10npy_rcsd_188"
"l10npy_rcsdc_3666","3666","GRAL.BRUGUEZ","l10npy_rcsd_188"
"l10npy_rcsdc_3667","3667","GRAL.CABALLERO","l10npy_rcsd_188"
"l10npy_rcsdc_3668","3668","GRAL.DELGADO","l10npy_rcsd_188"
"l10npy_rcsdc_3669","3669","GRAL.DIAZ","l10npy_rcsd_188"
"l10npy_rcsdc_3670","3670","GUAJHO","l10npy_rcsd_188"
"l10npy_rcsdc_3671","3671","GUARANI","l10npy_rcsd_188"
"l10npy_rcsdc_3672","3672","HORQUETA","l10npy_rcsd_188"
"l10npy_rcsdc_3673","3673","HOTEL RIO NEGRO","l10npy_rcsd_188"
"l10npy_rcsdc_3674","3674","ISLA POI (EX VILLA MILITAR)","l10npy_rcsd_188"
"l10npy_rcsdc_3675","3675","LA ANGELICA","l10npy_rcsd_188"
"l10npy_rcsdc_3676","3676","LA CONCEPCION","l10npy_rcsd_188"
"l10npy_rcsdc_3677","3677","LA CUCA RUBI","l10npy_rcsd_188"
"l10npy_rcsdc_3678","3678","LA ESPERANZA","l10npy_rcsd_188"
"l10npy_rcsdc_3679","3679","LA GOLONDRINA","l10npy_rcsd_188"
"l10npy_rcsdc_3680","3680","LA SELVA","l10npy_rcsd_188"
"l10npy_rcsdc_3681","3681","LA VICTORIA","l10npy_rcsd_188"
"l10npy_rcsdc_3682","3682","LAGUNA BELLA","l10npy_rcsd_188"
"l10npy_rcsdc_3683","3683","LAGUNA PORA","l10npy_rcsd_188"
"l10npy_rcsdc_3684","3684","LAGUNA REY","l10npy_rcsd_188"
"l10npy_rcsdc_3685","3685","LANDS KRCHE","l10npy_rcsd_188"
"l10npy_rcsdc_3686","3686","LAS ISIDORAS","l10npy_rcsd_188"
"l10npy_rcsdc_3687","3687","LAS MELLIZAS","l10npy_rcsd_188"
"l10npy_rcsdc_3688","3688","LAS MOCHAS","l10npy_rcsd_188"
"l10npy_rcsdc_3689","3689","LA PALMAS","l10npy_rcsd_188"
"l10npy_rcsdc_3690","3690","LEOPOLDINA","l10npy_rcsd_188"
"l10npy_rcsdc_3691","3691","LINDA VISTA","l10npy_rcsd_188"
"l10npy_rcsdc_3692","3692","LOCATTI","l10npy_rcsd_188"
"l10npy_rcsdc_3693","3693","LOMA PORA","l10npy_rcsd_188"
"l10npy_rcsdc_3694","3694","LOMAS","l10npy_rcsd_188"
"l10npy_rcsdc_3695","3695","LOS GEMELOS","l10npy_rcsd_188"
"l10npy_rcsdc_3696","3696","MICHI","l10npy_rcsd_188"
"l10npy_rcsdc_3697","3697","MILLON","l10npy_rcsd_188"
"l10npy_rcsdc_3698","3698","MISIONES LA ESPERANZA","l10npy_rcsd_188"
"l10npy_rcsdc_3699","3699","MONTE LINDO","l10npy_rcsd_188"
"l10npy_rcsdc_3700","3700","MONTIEL","l10npy_rcsd_188"
"l10npy_rcsdc_3701","3701","NANATI","l10npy_rcsd_188"
"l10npy_rcsdc_3702","3702","NARANJITO","l10npy_rcsd_188"
"l10npy_rcsdc_3703","3703","NINFA","l10npy_rcsd_188"
"l10npy_rcsdc_3704","3704","OBRAJE 49","l10npy_rcsd_188"
"l10npy_rcsdc_3705","3705","PALCAR","l10npy_rcsd_188"
"l10npy_rcsdc_3706","3706","PALO BLANCO","l10npy_rcsd_188"
"l10npy_rcsdc_3707","3707","PAREDES","l10npy_rcsd_188"
"l10npy_rcsdc_3708","3708","PEDERNAL","l10npy_rcsd_188"
"l10npy_rcsdc_3709","3709","PILAGA","l10npy_rcsd_188"
"l10npy_rcsdc_3710","3710","PILCOMAYO","l10npy_rcsd_188"
"l10npy_rcsdc_3711","3711","POCITO","l10npy_rcsd_188"
"l10npy_rcsdc_3712","3712","POLVORIN","l10npy_rcsd_188"
"l10npy_rcsdc_3713","3713","PORVENIR","l10npy_rcsd_188"
"l10npy_rcsdc_3714","3714","POZO AMARILLO","l10npy_rcsd_188"
"l10npy_rcsdc_3715","3715","PRIMAVERA","l10npy_rcsd_188"
"l10npy_rcsdc_3716","3716","PUERTO GALILEO","l10npy_rcsd_188"
"l10npy_rcsdc_3717","3717","PUESTO CORRALON","l10npy_rcsd_188"
"l10npy_rcsdc_3718","3718","PUESTO FORTUNA","l10npy_rcsd_188"
"l10npy_rcsdc_3719","3719","PUESTO LUIS","l10npy_rcsd_188"
"l10npy_rcsdc_3720","3720","PUSTO POZO AZUL","l10npy_rcsd_188"
"l10npy_rcsdc_3721","3721","PUESTO SANTA MARIA","l10npy_rcsd_188"
"l10npy_rcsdc_3722","3722","RIACHO G","l10npy_rcsd_188"
"l10npy_rcsdc_3723","3723","ROJAS SILVA","l10npy_rcsd_188"
"l10npy_rcsdc_3724","3724","SAN ANTONIO","l10npy_rcsd_188"
"l10npy_rcsdc_3725","3725","SAN BARTOLOME","l10npy_rcsd_188"
"l10npy_rcsdc_3726","3726","SAN BLAS","l10npy_rcsd_188"
"l10npy_rcsdc_3727","3727","SAN JUAN","l10npy_rcsd_188"
"l10npy_rcsdc_3728","3728","SAN LEONARDO","l10npy_rcsd_188"
"l10npy_rcsdc_3729","3729","SAN LUIS","l10npy_rcsd_188"
"l10npy_rcsdc_3730","3730","SAN ONOFRE","l10npy_rcsd_188"
"l10npy_rcsdc_3731","3731","SAN PEDRO","l10npy_rcsd_188"
"l10npy_rcsdc_3732","3732","SAN RAFAEL","l10npy_rcsd_188"
"l10npy_rcsdc_3733","3733","SAN ROQUE","l10npy_rcsd_188"
"l10npy_rcsdc_3734","3734","SOMBRERO JHOVY","l10npy_rcsd_188"
"l10npy_rcsdc_3735","3735","SORPRESA","l10npy_rcsd_188"
"l10npy_rcsdc_3736","3736","STA.ARSENIA","l10npy_rcsd_188"
"l10npy_rcsdc_3737","3737","STA.AURELIA","l10npy_rcsd_188"
"l10npy_rcsdc_3738","3738","STA.CATALINA","l10npy_rcsd_188"
"l10npy_rcsdc_3739","3739","STA.MANUELA","l10npy_rcsd_188"
"l10npy_rcsdc_3740","3740","STA.ROSA","l10npy_rcsd_188"
"l10npy_rcsdc_3741","3741","STA.SOFIA","l10npy_rcsd_188"
"l10npy_rcsdc_3742","3742","STA.TERESA","l10npy_rcsd_188"
"l10npy_rcsdc_3743","3743","TACUARA","l10npy_rcsd_188"
"l10npy_rcsdc_3744","3744","TOJA","l10npy_rcsd_188"
"l10npy_rcsdc_3745","3745","TOLDO CUE","l10npy_rcsd_188"
"l10npy_rcsdc_3746","3746","TOMAS CUE","l10npy_rcsd_188"
"l10npy_rcsdc_3747","3747","TTE.ESTEBAN MARTINEZ","l10npy_rcsd_188"
"l10npy_rcsdc_3748","3748","TTE.ROJAS SILVA","l10npy_rcsd_188"
"l10npy_rcsdc_3749","3749","TUPARENDA","l10npy_rcsd_188"
"l10npy_rcsdc_3750","3750","VALLEJOS","l10npy_rcsd_188"
"l10npy_rcsdc_3751","3751","VERDE","l10npy_rcsd_188"
"l10npy_rcsdc_3752","3752","VILLA ALEGRE","l10npy_rcsd_188"
"l10npy_rcsdc_3753","3753","VILLA REAL","l10npy_rcsd_188"
"l10npy_rcsdc_3754","3754","YETYTY","l10npy_rcsd_188"
"l10npy_rcsdc_3755","3755","YUKYRY","l10npy_rcsd_188"
"l10npy_rcsdc_3756","3756","ÑU PORA","l10npy_rcsd_188"
"l10npy_rcsdc_5756","5756","11 DE JUNIO","l10npy_rcsd_188"
"l10npy_rcsdc_5757","5757","SAN MIGUEL","l10npy_rcsd_188"
"l10npy_rcsdc_5758","5758","SAN SILVESTRE","l10npy_rcsd_188"
"l10npy_rcsdc_5759","5759","STA.EMILIA","l10npy_rcsd_188"
"l10npy_rcsdc_5760","5760","TABLA","l10npy_rcsd_188"
"l10npy_rcsdc_5761","5761","TOLDO GRANDE","l10npy_rcsd_188"
"l10npy_rcsdc_5762","5762","VA Y VIENE","l10npy_rcsd_188"
"l10npy_rcsdc_5763","5763","WINCHESTER","l10npy_rcsd_188"
"l10npy_rcsdc_3757","3757","BENJAMIN ACEVAL(MONTE SOCIEDAD","l10npy_rcsd_189"
"l10npy_rcsdc_3758","3758","ALINA","l10npy_rcsd_189"
"l10npy_rcsdc_3759","3759","BELEN","l10npy_rcsd_189"
"l10npy_rcsdc_3760","3760","CELIA","l10npy_rcsd_189"
"l10npy_rcsdc_3761","3761","CERRITO","l10npy_rcsd_189"
"l10npy_rcsdc_3762","3762","ELVIRA","l10npy_rcsd_189"
"l10npy_rcsdc_3763","3763","PUERTO CARLOS PFANEL","l10npy_rcsd_189"
"l10npy_rcsdc_3764","3764","SAN JAVIER","l10npy_rcsd_189"
"l10npy_rcsdc_3765","3765","SAN RAFAEL","l10npy_rcsd_189"
"l10npy_rcsdc_3766","3766","SANTA ISABEL","l10npy_rcsd_189"
"l10npy_rcsdc_3767","3767","SUSANA","l10npy_rcsd_189"
"l10npy_rcsdc_3768","3768","VICTORIA","l10npy_rcsd_189"
"l10npy_rcsdc_5764","5764","ALEGRIA","l10npy_rcsd_189"
"l10npy_rcsdc_5765","5765","CIERVO","l10npy_rcsd_189"
"l10npy_rcsdc_5766","5766","SAN JUAN","l10npy_rcsd_189"
"l10npy_rcsdc_5767","5767","VILLA REY","l10npy_rcsd_189"
"l10npy_rcsdc_3769","3769","POZO COLORADO","l10npy_rcsd_206"
"l10npy_rcsdc_3770","3770","190","l10npy_rcsd_206"
"l10npy_rcsdc_3771","3771","AGUALINDA","l10npy_rcsd_206"
"l10npy_rcsdc_3772","3772","AGUARRICA","l10npy_rcsd_206"
"l10npy_rcsdc_3773","3773","BONANZA","l10npy_rcsd_206"
"l10npy_rcsdc_3774","3774","BOQUERON","l10npy_rcsd_206"
"l10npy_rcsdc_3775","3775","BUENA SUERTE","l10npy_rcsd_206"
"l10npy_rcsdc_3776","3776","CABEZA DE TIGRE","l10npy_rcsd_206"
"l10npy_rcsdc_3777","3777","CAMPO VIA","l10npy_rcsd_206"
"l10npy_rcsdc_3778","3778","CAPITAN FIGARI","l10npy_rcsd_206"
"l10npy_rcsdc_3779","3779","CARIDAD","l10npy_rcsd_206"
"l10npy_rcsdc_3780","3780","CERRITO AMAKERA","l10npy_rcsd_206"
"l10npy_rcsdc_3781","3781","CHICA","l10npy_rcsd_206"
"l10npy_rcsdc_3782","3782","COLON","l10npy_rcsd_206"
"l10npy_rcsdc_3783","3783","DEL CARMEN","l10npy_rcsd_206"
"l10npy_rcsdc_3784","3784","DON MANUEL","l10npy_rcsd_206"
"l10npy_rcsdc_3785","3785","EL BUEN AMIGO","l10npy_rcsd_206"
"l10npy_rcsdc_3786","3786","ESMERALDA","l10npy_rcsd_206"
"l10npy_rcsdc_3787","3787","ESPERANZA","l10npy_rcsd_206"
"l10npy_rcsdc_3788","3788","ESTANCIA AURORA","l10npy_rcsd_206"
"l10npy_rcsdc_3789","3789","ESTANCIA FLORIDA","l10npy_rcsd_206"
"l10npy_rcsdc_3790","3790","ESTRELLA","l10npy_rcsd_206"
"l10npy_rcsdc_3791","3791","FALCON","l10npy_rcsd_206"
"l10npy_rcsdc_3792","3792","FLORIDA","l10npy_rcsd_206"
"l10npy_rcsdc_3793","3793","GONDRA","l10npy_rcsd_206"
"l10npy_rcsdc_3794","3794","GONZALEZ","l10npy_rcsd_206"
"l10npy_rcsdc_3795","3795","GUAZU","l10npy_rcsd_206"
"l10npy_rcsdc_3796","3796","HAITI","l10npy_rcsd_206"
"l10npy_rcsdc_3797","3797","HOTEL PIRAHU","l10npy_rcsd_206"
"l10npy_rcsdc_3798","3798","INGLESA","l10npy_rcsd_206"
"l10npy_rcsdc_3799","3799","ISLA ALTA","l10npy_rcsd_206"
"l10npy_rcsdc_3800","3800","ISLA SOLA","l10npy_rcsd_206"
"l10npy_rcsdc_3801","3801","LA BLANCA NAVIDAD","l10npy_rcsd_206"
"l10npy_rcsdc_3802","3802","LA BONITA","l10npy_rcsd_206"
"l10npy_rcsdc_3803","3803","LA DELICIA","l10npy_rcsd_206"
"l10npy_rcsdc_3804","3804","LA NENA","l10npy_rcsd_206"
"l10npy_rcsdc_3805","3805","LA VICTORIA","l10npy_rcsd_206"
"l10npy_rcsdc_3806","3806","LA VISTA","l10npy_rcsd_206"
"l10npy_rcsdc_3807","3807","LAGUNA SOLA","l10npy_rcsd_206"
"l10npy_rcsdc_3808","3808","LAGUNA VERDE","l10npy_rcsd_206"
"l10npy_rcsdc_3809","3809","LAS PERLAS","l10npy_rcsd_206"
"l10npy_rcsdc_3810","3810","LOMA PYTA","l10npy_rcsd_206"
"l10npy_rcsdc_3811","3811","LOS LAPACHOS","l10npy_rcsd_206"
"l10npy_rcsdc_3812","3812","LOS MILAGROS","l10npy_rcsd_206"
"l10npy_rcsdc_3813","3813","MARLENE","l10npy_rcsd_206"
"l10npy_rcsdc_3814","3814","MCAL.F.S.LOPEZ","l10npy_rcsd_206"
"l10npy_rcsdc_3815","3815","MISION CHICA","l10npy_rcsd_206"
"l10npy_rcsdc_3816","3816","MONTE LINDO","l10npy_rcsd_206"
"l10npy_rcsdc_3817","3817","MORENO","l10npy_rcsd_206"
"l10npy_rcsdc_3818","3818","NUEVA ALEGRIA","l10npy_rcsd_206"
"l10npy_rcsdc_3819","3819","ORIHUELA","l10npy_rcsd_206"
"l10npy_rcsdc_3820","3820","PALERMO","l10npy_rcsd_206"
"l10npy_rcsdc_3821","3821","PARAISO","l10npy_rcsd_206"
"l10npy_rcsdc_3822","3822","PIRIZAL","l10npy_rcsd_206"
"l10npy_rcsdc_3823","3823","PONDEROSA","l10npy_rcsd_206"
"l10npy_rcsdc_3824","3824","PORONGO","l10npy_rcsd_206"
"l10npy_rcsdc_3825","3825","POZO BLANCO","l10npy_rcsd_206"
"l10npy_rcsdc_3826","3826","POZO COLORADO","l10npy_rcsd_206"
"l10npy_rcsdc_3827","3827","POZO INDIO","l10npy_rcsd_206"
"l10npy_rcsdc_3828","3828","POZO VERDE","l10npy_rcsd_206"
"l10npy_rcsdc_3829","3829","PRIMAVERA","l10npy_rcsd_206"
"l10npy_rcsdc_3830","3830","PTE.AYALA (EX NANAWA)","l10npy_rcsd_206"
"l10npy_rcsdc_3831","3831","PUESTO SAN MIGUEL","l10npy_rcsd_206"
"l10npy_rcsdc_3832","3832","LUCY","l10npy_rcsd_206"
"l10npy_rcsdc_3833","3833","QUEBRACHO","l10npy_rcsd_206"
"l10npy_rcsdc_3834","3834","RIACHITO","l10npy_rcsd_206"
"l10npy_rcsdc_3835","3835","RINCON CHARRUA","l10npy_rcsd_206"
"l10npy_rcsdc_3836","3836","RIO VERDE","l10npy_rcsd_206"
"l10npy_rcsdc_3837","3837","SALADO","l10npy_rcsd_206"
"l10npy_rcsdc_3838","3838","SAN CARLOS","l10npy_rcsd_206"
"l10npy_rcsdc_3839","3839","SAN FERNANDO","l10npy_rcsd_206"
"l10npy_rcsdc_3840","3840","SAN LORENZO","l10npy_rcsd_206"
"l10npy_rcsdc_3841","3841","SAN LUIS","l10npy_rcsd_206"
"l10npy_rcsdc_3842","3842","SAN MIGUEL","l10npy_rcsd_206"
"l10npy_rcsdc_3843","3843","SAN RAFAEL","l10npy_rcsd_206"
"l10npy_rcsdc_3844","3844","SAN RAMON","l10npy_rcsd_206"
"l10npy_rcsdc_3845","3845","SAN TIMOTEO","l10npy_rcsd_206"
"l10npy_rcsdc_3846","3846","STA.ANA","l10npy_rcsd_206"
"l10npy_rcsdc_3847","3847","STA.ASUNCION","l10npy_rcsd_206"
"l10npy_rcsdc_3848","3848","STA.CATALINA","l10npy_rcsd_206"
"l10npy_rcsdc_3849","3849","STA.GABRIELA","l10npy_rcsd_206"
"l10npy_rcsdc_3850","3850","STA.JUANITA","l10npy_rcsd_206"
"l10npy_rcsdc_3851","3851","STA.MARIA","l10npy_rcsd_206"
"l10npy_rcsdc_3852","3852","STO.DOMINGO","l10npy_rcsd_206"
"l10npy_rcsdc_3853","3853","TALAVERA","l10npy_rcsd_206"
"l10npy_rcsdc_3854","3854","TANCO","l10npy_rcsd_206"
"l10npy_rcsdc_3855","3855","TATARE","l10npy_rcsd_206"
"l10npy_rcsdc_3856","3856","TOTO BLANCO","l10npy_rcsd_206"
"l10npy_rcsdc_3857","3857","VALINOTTI CUE","l10npy_rcsd_206"
"l10npy_rcsdc_3858","3858","VICTORIA","l10npy_rcsd_206"
"l10npy_rcsdc_3859","3859","YASAWATHASLA","l10npy_rcsd_206"
"l10npy_rcsdc_3860","3860","YUI","l10npy_rcsd_206"
"l10npy_rcsdc_3861","3861","ZALAZAR","l10npy_rcsd_206"
"l10npy_rcsdc_3862","3862","ZENTENO","l10npy_rcsd_206"
"l10npy_rcsdc_3863","3863","ÑU PYAJHU","l10npy_rcsd_206"
"l10npy_rcsdc_5768","5768","ARMONIA","l10npy_rcsd_206"
"l10npy_rcsdc_5769","5769","CABAYU","l10npy_rcsd_206"
"l10npy_rcsdc_5770","5770","CENTRAL","l10npy_rcsd_206"
"l10npy_rcsdc_5771","5771","CUNU-U","l10npy_rcsd_206"
"l10npy_rcsdc_3864","3864","PTO.PINAZCO","l10npy_rcsd_190"
"l10npy_rcsdc_3865","3865","BELLA VISTA","l10npy_rcsd_190"
"l10npy_rcsdc_3866","3866","BRETONA","l10npy_rcsd_190"
"l10npy_rcsdc_3867","3867","ESPERANZA","l10npy_rcsd_190"
"l10npy_rcsdc_3868","3868","LA NOVIA","l10npy_rcsd_190"
"l10npy_rcsdc_3869","3869","LOS TAMARINDOS","l10npy_rcsd_190"
"l10npy_rcsdc_3870","3870","MAROMA","l10npy_rcsd_190"
"l10npy_rcsdc_3871","3871","PALO SANTO","l10npy_rcsd_190"
"l10npy_rcsdc_3872","3872","PTE.COLON","l10npy_rcsd_190"
"l10npy_rcsdc_5498","5498","PUERTO ALEGRE.","l10npy_rcsd_190"
"l10npy_rcsdc_5499","5499","PUERTO CARAYA VUELTA","l10npy_rcsd_190"
"l10npy_rcsdc_5500","5500","PUERTO COOPER","l10npy_rcsd_190"
"l10npy_rcsdc_5501","5501","PUERTO SAN JUAN","l10npy_rcsd_190"
"l10npy_rcsdc_5502","5502","SAN JOSE","l10npy_rcsd_190"
"l10npy_rcsdc_5503","5503","TOLDO","l10npy_rcsd_190"
"l10npy_rcsdc_5504","5504","VISTA ALEGRE","l10npy_rcsd_190"
"l10npy_rcsdc_4608","4608","JOSE FALCON","l10npy_rcsd_242"
"l10npy_rcsdc_5505","5505","NANAWA","l10npy_rcsd_191"
"l10npy_rcsdc_4611","4611","SGTO.1RO.FELIX ZARACHO","l10npy_rcsd_194"
"l10npy_rcsdc_4612","4612","STA.ROSA","l10npy_rcsd_194"
"l10npy_rcsdc_4613","4613","TRES POZOS","l10npy_rcsd_194"
"l10npy_rcsdc_4614","4614","TTE.1RO.ALFREDO STROESSNER","l10npy_rcsd_194"
"l10npy_rcsdc_4615","4615","TTE.1RO.ANSELMO ESCOBAR","l10npy_rcsd_194"
"l10npy_rcsdc_4616","4616","TTE.1RO.B.RUIZ","l10npy_rcsd_194"
"l10npy_rcsdc_4617","4617","TTE.1RO.M.CABELLO","l10npy_rcsd_194"
"l10npy_rcsdc_4618","4618","TTE.ACOSTA","l10npy_rcsd_194"
"l10npy_rcsdc_4619","4619","TTE.MONTIEL","l10npy_rcsd_194"
"l10npy_rcsdc_4620","4620","VICTORIA","l10npy_rcsd_194"
"l10npy_rcsdc_4621","4621","VILLANUEVA","l10npy_rcsd_194"
"l10npy_rcsdc_4622","4622","YAGUARETE","l10npy_rcsd_194"
"l10npy_rcsdc_4623","4623","YTORORO","l10npy_rcsd_194"
"l10npy_rcsdc_5534","5534","3 REYES","l10npy_rcsd_194"
"l10npy_rcsdc_5535","5535","ALURRALDE","l10npy_rcsd_194"
"l10npy_rcsdc_5536","5536","AMARILLO PERICOTE","l10npy_rcsd_194"
"l10npy_rcsdc_5537","5537","ATAJADO","l10npy_rcsd_194"
"l10npy_rcsdc_5538","5538","BUENOS AIRES","l10npy_rcsd_194"
"l10npy_rcsdc_5539","5539","CAMPO AZUL","l10npy_rcsd_194"
"l10npy_rcsdc_5540","5540","CAMPO LIMA","l10npy_rcsd_194"
"l10npy_rcsdc_5541","5541","CAP.ESCOBAR","l10npy_rcsd_194"
"l10npy_rcsdc_5542","5542","CAP.O.R.ORTELLADO","l10npy_rcsd_194"
"l10npy_rcsdc_5543","5543","CAP.TORIBIO CASTRO","l10npy_rcsd_194"
"l10npy_rcsdc_5544","5544","CASUARINA","l10npy_rcsd_194"
"l10npy_rcsdc_5545","5545","CATAN","l10npy_rcsd_194"
"l10npy_rcsdc_5546","5546","CODO CONONI","l10npy_rcsd_194"
"l10npy_rcsdc_5547","5547","DOS TUCAS","l10npy_rcsd_194"
"l10npy_rcsdc_5548","5548","EL QUEBRACHAL","l10npy_rcsd_194"
"l10npy_rcsdc_5549","5549","EL RASTRO","l10npy_rcsd_194"
"l10npy_rcsdc_5550","5550","ESTABLECIMIENTO MIL","l10npy_rcsd_194"
"l10npy_rcsdc_5551","5551","FLORENTIN CUE","l10npy_rcsd_194"
"l10npy_rcsdc_5552","5552","GANADERA PILCOMAYO","l10npy_rcsd_194"
"l10npy_rcsdc_5553","5553","INFANTE RIVAROLA","l10npy_rcsd_194"
"l10npy_rcsdc_5554","5554","KILOMETRO 20","l10npy_rcsd_194"
"l10npy_rcsdc_5555","5555","LA CHAQUEÑA","l10npy_rcsd_194"
"l10npy_rcsdc_5556","5556","LA DORADA","l10npy_rcsd_194"
"l10npy_rcsdc_5557","5557","LAGUNA","l10npy_rcsd_194"
"l10npy_rcsdc_5558","5558","LAS SEÑORAS","l10npy_rcsd_194"
"l10npy_rcsdc_5559","5559","LEONARDO BRITOS","l10npy_rcsd_194"
"l10npy_rcsdc_5560","5560","LEONIDA ESCOBAR","l10npy_rcsd_194"
"l10npy_rcsdc_5561","5561","LOMA","l10npy_rcsd_194"
"l10npy_rcsdc_5562","5562","LOS NARANJOS","l10npy_rcsd_194"
"l10npy_rcsdc_5563","5563","LOS POZOS","l10npy_rcsd_194"
"l10npy_rcsdc_5564","5564","LOS SAUCES","l10npy_rcsd_194"
"l10npy_rcsdc_5565","5565","MARTA LIDIA","l10npy_rcsd_194"
"l10npy_rcsdc_5566","5566","MAYOR RODRIGUEZ","l10npy_rcsd_194"
"l10npy_rcsdc_5567","5567","MISTOLAR","l10npy_rcsd_194"
"l10npy_rcsdc_5568","5568","PALMAR","l10npy_rcsd_194"
"l10npy_rcsdc_5569","5569","PAMPA GRANDE","l10npy_rcsd_194"
"l10npy_rcsdc_5570","5570","PICADA 14 DE MAYO","l10npy_rcsd_194"
"l10npy_rcsdc_5571","5571","PIRIZAL","l10npy_rcsd_194"
"l10npy_rcsdc_5572","5572","POZO ANTA","l10npy_rcsd_194"
"l10npy_rcsdc_5573","5573","POZO BRILLANTE","l10npy_rcsd_194"
"l10npy_rcsdc_5574","5574","POZO LEON","l10npy_rcsd_194"
"l10npy_rcsdc_5575","5575","PRATTS GILL (BASE AEREA)","l10npy_rcsd_194"
"l10npy_rcsdc_5576","5576","PUESTO POZO HONDO","l10npy_rcsd_194"
"l10npy_rcsdc_5577","5577","RIVERA PORVENIR","l10npy_rcsd_194"
"l10npy_rcsdc_5578","5578","SAFARI","l10npy_rcsd_194"
"l10npy_rcsdc_5579","5579","SAN ANTONIO","l10npy_rcsd_194"
"l10npy_rcsdc_5580","5580","SAN JOSE ESTERO","l10npy_rcsd_194"
"l10npy_rcsdc_5880","5880","PEDRO P.PEÑA","l10npy_rcsd_194"
"l10npy_rcsdc_5881","5881","BELLA VISTA","l10npy_rcsd_194"
"l10npy_rcsdc_5882","5882","CAP.MAZZEI","l10npy_rcsd_194"
"l10npy_rcsdc_5883","5883","CELINA","l10npy_rcsd_194"
"l10npy_rcsdc_5884","5884","ESPERANZA","l10npy_rcsd_194"
"l10npy_rcsdc_5885","5885","JABALI","l10npy_rcsd_194"
"l10npy_rcsdc_5886","5886","LA LECHIGUANA","l10npy_rcsd_194"
"l10npy_rcsdc_5887","5887","LINARES VIEJO","l10npy_rcsd_194"
"l10npy_rcsdc_5888","5888","MAYOR A.GARDEL","l10npy_rcsd_194"
"l10npy_rcsdc_5889","5889","PASO DE LOS TOBAS","l10npy_rcsd_194"
"l10npy_rcsdc_5890","5890","POZO MILICO","l10npy_rcsd_194"
"l10npy_rcsdc_5506","5506","MCAL.ESTIGARRIBIA","l10npy_rcsd_192"
"l10npy_rcsdc_5507","5507","AYURA","l10npy_rcsd_192"
"l10npy_rcsdc_5508","5508","BOQUERON","l10npy_rcsd_192"
"l10npy_rcsdc_5509","5509","CAMPO AROMA","l10npy_rcsd_192"
"l10npy_rcsdc_5510","5510","CAMPO LOA","l10npy_rcsd_192"
"l10npy_rcsdc_5511","5511","CAP.DEMATTEI","l10npy_rcsd_192"
"l10npy_rcsdc_5512","5512","CAP.O.SEREBRIAKOF","l10npy_rcsd_192"
"l10npy_rcsdc_5513","5513","CAÑADA CALAIS","l10npy_rcsd_192"
"l10npy_rcsdc_5514","5514","CAÑADA ELISA","l10npy_rcsd_192"
"l10npy_rcsdc_5515","5515","CNEL.HERMOSA (CARAYA)","l10npy_rcsd_192"
"l10npy_rcsdc_5516","5516","COL.FERNHEIN","l10npy_rcsd_192"
"l10npy_rcsdc_5517","5517","COL.MENNO","l10npy_rcsd_192"
"l10npy_rcsdc_5518","5518","COL.NEULAND","l10npy_rcsd_192"
"l10npy_rcsdc_5519","5519","CORRALES","l10npy_rcsd_192"
"l10npy_rcsdc_5520","5520","DOS BANDERAS","l10npy_rcsd_192"
"l10npy_rcsdc_5521","5521","FILADELFIA","l10npy_rcsd_192"
"l10npy_rcsdc_5522","5522","JARA TROCHE","l10npy_rcsd_192"
"l10npy_rcsdc_5523","5523","LOMA PLATA","l10npy_rcsd_192"
"l10npy_rcsdc_5524","5524","POTRERO PALMAS","l10npy_rcsd_192"
"l10npy_rcsdc_5525","5525","POZO GRANDE","l10npy_rcsd_192"
"l10npy_rcsdc_5526","5526","STA.TERESA","l10npy_rcsd_192"
"l10npy_rcsdc_5527","5527","STO.DOMINGO","l10npy_rcsd_192"
"l10npy_rcsdc_5528","5528","TOLEDO","l10npy_rcsd_192"
"l10npy_rcsdc_5529","5529","TTE.C.A.RIVAROLA","l10npy_rcsd_192"
"l10npy_rcsdc_5530","5530","TTE.DENIS ROA","l10npy_rcsd_192"
"l10npy_rcsdc_5531","5531","TTE.F.DELGADO","l10npy_rcsd_192"
"l10npy_rcsdc_5532","5532","YALVE SANGA","l10npy_rcsd_192"
"l10npy_rcsdc_5879","5879","TTE.A.ESPINOLA","l10npy_rcsd_192"
"l10npy_rcsdc_5533","5533","BOQUERON","l10npy_rcsd_193"
"l10npy_rcsdc_5663","5663","GRAL.EUGENIO A.GARAY.........","l10npy_rcsd_234"
"l10npy_rcsdc_5664","5664","10 DE OCTUBRE","l10npy_rcsd_234"
"l10npy_rcsdc_5665","5665","AURORA","l10npy_rcsd_234"
"l10npy_rcsdc_5666","5666","B.AEREA NVA.ASUNCION (PICUIBA)","l10npy_rcsd_234"
"l10npy_rcsdc_5667","5667","CARLOS A.LOPEZ (PITIANTUTA)","l10npy_rcsd_234"
"l10npy_rcsdc_5668","5668","COL.PYAJHU","l10npy_rcsd_234"
"l10npy_rcsdc_5669","5669","CURUPAYTY","l10npy_rcsd_234"
"l10npy_rcsdc_5670","5670","DORADO","l10npy_rcsd_234"
"l10npy_rcsdc_5671","5671","ESTRELLAS","l10npy_rcsd_234"
"l10npy_rcsdc_5672","5672","FARO MORO","l10npy_rcsd_234"
"l10npy_rcsdc_5673","5673","GUARANI","l10npy_rcsd_234"
"l10npy_rcsdc_5674","5674","HERNANDARIAS","l10npy_rcsd_234"
"l10npy_rcsdc_5675","5675","INDEPENDENCIA","l10npy_rcsd_234"
"l10npy_rcsdc_5676","5676","LA FAYE","l10npy_rcsd_234"
"l10npy_rcsdc_5677","5677","MISTER LONG","l10npy_rcsd_234"
"l10npy_rcsdc_5678","5678","NUEVA ASUNCION","l10npy_rcsd_234"
"l10npy_rcsdc_5679","5679","PARQUE CUE","l10npy_rcsd_234"
"l10npy_rcsdc_5680","5680","PASO 15 DE ABRIL","l10npy_rcsd_234"
"l10npy_rcsdc_5681","5681","SGTO.B.FIGUEREDO","l10npy_rcsd_234"
"l10npy_rcsdc_5682","5682","SGTO.RODRIGUEZ","l10npy_rcsd_234"
"l10npy_rcsdc_5683","5683","TTE.1RO.RAMIRO ESPINOLA","l10npy_rcsd_234"
"l10npy_rcsdc_5684","5684","TTE.AGRIPINO ENCISO","l10npy_rcsd_234"
"l10npy_rcsdc_5685","5685","TTE.E.OCHOA","l10npy_rcsd_234"
"l10npy_rcsdc_5686","5686","TTE.G.TROVATTO","l10npy_rcsd_234"
"l10npy_rcsdc_5687","5687","TTE.JUAN E.LOPEZ","l10npy_rcsd_234"
"l10npy_rcsdc_5688","5688","TTE.MONTANIA (KM.220)","l10npy_rcsd_234"
"l10npy_rcsdc_5689","5689","TTE.R.RUEDA","l10npy_rcsd_234"
"l10npy_rcsdc_5690","5690","VALINOTTI","l10npy_rcsd_234"
"l10npy_rcsdc_5691","5691","YATEBU-I","l10npy_rcsd_234"
"l10npy_rcsdc_6413","6413","COL.FERNHEIN","l10npy_rcsd_259"
"l10npy_rcsdc_6430","6430","LOMA PLATA","l10npy_rcsd_260"
"l10npy_rcsdc_4598","4598","PTO.GUARANI","l10npy_rcsd_223"
"l10npy_rcsdc_4624","4624","FUERTE OLIMPO","l10npy_rcsd_195"
"l10npy_rcsdc_4625","4625","14 DE MAYO","l10npy_rcsd_195"
"l10npy_rcsdc_4626","4626","3 TORITOS","l10npy_rcsd_195"
"l10npy_rcsdc_4627","4627","ALGARROBAL","l10npy_rcsd_195"
"l10npy_rcsdc_4628","4628","BARRERO","l10npy_rcsd_195"
"l10npy_rcsdc_4629","4629","BARRERO GRANDE","l10npy_rcsd_195"
"l10npy_rcsdc_4630","4630","CAMPAMENTO","l10npy_rcsd_195"
"l10npy_rcsdc_4631","4631","CAMPICHUELO","l10npy_rcsd_195"
"l10npy_rcsdc_4632","4632","CAMPO TORO","l10npy_rcsd_195"
"l10npy_rcsdc_4633","4633","CAP.BADO","l10npy_rcsd_195"
"l10npy_rcsdc_4634","4634","CAÑADITA","l10npy_rcsd_195"
"l10npy_rcsdc_4635","4635","COL.CARMELO","l10npy_rcsd_195"
"l10npy_rcsdc_4636","4636","COL.MARIA AUXILIADORA","l10npy_rcsd_195"
"l10npy_rcsdc_4637","4637","CORRALON","l10npy_rcsd_195"
"l10npy_rcsdc_4638","4638","CUARENTA","l10npy_rcsd_195"
"l10npy_rcsdc_4639","4639","CUÑATAI","l10npy_rcsd_195"
"l10npy_rcsdc_4640","4640","DON FELIPE FELTES","l10npy_rcsd_195"
"l10npy_rcsdc_4641","4641","EL TRIUNFO","l10npy_rcsd_195"
"l10npy_rcsdc_4642","4642","ESPERANZA","l10npy_rcsd_195"
"l10npy_rcsdc_4643","4643","ESTRELLA","l10npy_rcsd_195"
"l10npy_rcsdc_4644","4644","GRAL.DIAZ","l10npy_rcsd_195"
"l10npy_rcsdc_4645","4645","GOMEZ","l10npy_rcsd_195"
"l10npy_rcsdc_4646","4646","IMAKATA","l10npy_rcsd_195"
"l10npy_rcsdc_4647","4647","ISLA CACA","l10npy_rcsd_195"
"l10npy_rcsdc_4648","4648","ISLA MARGARITA","l10npy_rcsd_195"
"l10npy_rcsdc_4649","4649","JOSE ZAVAN","l10npy_rcsd_195"
"l10npy_rcsdc_4650","4650","LA AMERICANA","l10npy_rcsd_195"
"l10npy_rcsdc_4651","4651","LAGUNA BLANCA","l10npy_rcsd_195"
"l10npy_rcsdc_4652","4652","M.PIRU","l10npy_rcsd_195"
"l10npy_rcsdc_4653","4653","MANDUVIRA","l10npy_rcsd_195"
"l10npy_rcsdc_4654","4654","MEDANO","l10npy_rcsd_195"
"l10npy_rcsdc_4655","4655","MOREL CUE","l10npy_rcsd_195"
"l10npy_rcsdc_4656","4656","NECESIDAD","l10npy_rcsd_195"
"l10npy_rcsdc_4657","4657","PERALTA","l10npy_rcsd_195"
"l10npy_rcsdc_4658","4658","PORVENIR","l10npy_rcsd_195"
"l10npy_rcsdc_4659","4659","POTRILLO","l10npy_rcsd_195"
"l10npy_rcsdc_4660","4660","PRIMAVERA","l10npy_rcsd_195"
"l10npy_rcsdc_4661","4661","PUERTO ESTHER","l10npy_rcsd_195"
"l10npy_rcsdc_4662","4662","PUERTO GUARANI","l10npy_rcsd_195"
"l10npy_rcsdc_4663","4663","PUERTO LEDA","l10npy_rcsd_195"
"l10npy_rcsdc_4664","4664","PUERTO LIDIA","l10npy_rcsd_195"
"l10npy_rcsdc_4665","4665","PUERTO MARIA AUXILIADORA","l10npy_rcsd_195"
"l10npy_rcsdc_4666","4666","PUERTO NUEVO","l10npy_rcsd_195"
"l10npy_rcsdc_4667","4667","PUERTO ROA","l10npy_rcsd_195"
"l10npy_rcsdc_4668","4668","PUERTO TRES PALMAS","l10npy_rcsd_195"
"l10npy_rcsdc_4669","4669","PUERTO VOLUNTAD","l10npy_rcsd_195"
"l10npy_rcsdc_4670","4670","PUERTO YBAPOBO","l10npy_rcsd_195"
"l10npy_rcsdc_4671","4671","PUESTO LATA","l10npy_rcsd_195"
"l10npy_rcsdc_4672","4672","QUEBRACHOS","l10npy_rcsd_195"
"l10npy_rcsdc_4673","4673","RANCHO QUEMADO","l10npy_rcsd_195"
"l10npy_rcsdc_4674","4674","RETIRO CERRITO","l10npy_rcsd_195"
"l10npy_rcsdc_4675","4675","RETIRO GAZURIAGA","l10npy_rcsd_195"
"l10npy_rcsdc_4676","4676","RETIRO KM.8","l10npy_rcsd_195"
"l10npy_rcsdc_4677","4677","RETIRO MARIA","l10npy_rcsd_195"
"l10npy_rcsdc_4678","4678","RETIRO PANTANAL","l10npy_rcsd_195"
"l10npy_rcsdc_4679","4679","RETIRO SAN MIGUEL","l10npy_rcsd_195"
"l10npy_rcsdc_4680","4680","RETIRO YBYCUI","l10npy_rcsd_195"
"l10npy_rcsdc_4681","4681","RIVAROLA CUE","l10npy_rcsd_195"
"l10npy_rcsdc_4682","4682","SAN ANTONIO","l10npy_rcsd_195"
"l10npy_rcsdc_4683","4683","SAN CARLOS","l10npy_rcsd_195"
"l10npy_rcsdc_4684","4684","SAN FRANCISCO","l10npy_rcsd_195"
"l10npy_rcsdc_4685","4685","SAN JORGE","l10npy_rcsd_195"
"l10npy_rcsdc_4686","4686","SAN JOSE","l10npy_rcsd_195"
"l10npy_rcsdc_4687","4687","SAN JUAN","l10npy_rcsd_195"
"l10npy_rcsdc_4688","4688","SAN MARCO","l10npy_rcsd_195"
"l10npy_rcsdc_4689","4689","SAN SALVADOR","l10npy_rcsd_195"
"l10npy_rcsdc_4690","4690","SOL.NACIENTE","l10npy_rcsd_195"
"l10npy_rcsdc_4691","4691","STA.EULALIA","l10npy_rcsd_195"
"l10npy_rcsdc_4692","4692","STA.GABRIELA","l10npy_rcsd_195"
"l10npy_rcsdc_4693","4693","STA.ISABEL","l10npy_rcsd_195"
"l10npy_rcsdc_4694","4694","STA.RUFINA","l10npy_rcsd_195"
"l10npy_rcsdc_4695","4695","TAYI COTY","l10npy_rcsd_195"
"l10npy_rcsdc_4696","4696","TIMBO","l10npy_rcsd_195"
"l10npy_rcsdc_4697","4697","TOROVAL","l10npy_rcsd_195"
"l10npy_rcsdc_4698","4698","TORRES","l10npy_rcsd_195"
"l10npy_rcsdc_4699","4699","BAHIA NEGRA","l10npy_rcsd_196"
"l10npy_rcsdc_4700","4700","14 DE MAYO","l10npy_rcsd_196"
"l10npy_rcsdc_4701","4701","BLANQUITA","l10npy_rcsd_196"
"l10npy_rcsdc_4702","4702","BUENA VISTA","l10npy_rcsd_196"
"l10npy_rcsdc_4703","4703","CAACUPE","l10npy_rcsd_196"
"l10npy_rcsdc_4704","4704","CABARA-I","l10npy_rcsd_196"
"l10npy_rcsdc_4705","4705","CAP.CARMELO PERALTA","l10npy_rcsd_196"
"l10npy_rcsdc_4706","4706","CAVICHUI","l10npy_rcsd_196"
"l10npy_rcsdc_4707","4707","CERRITO JARA","l10npy_rcsd_196"
"l10npy_rcsdc_4708","4708","CERRITOS","l10npy_rcsd_196"
"l10npy_rcsdc_4709","4709","CERRO CORA","l10npy_rcsd_196"
"l10npy_rcsdc_4710","4710","CURUPAYTY","l10npy_rcsd_196"
"l10npy_rcsdc_4711","4711","GALPON","l10npy_rcsd_196"
"l10npy_rcsdc_4712","4712","ISIRIA","l10npy_rcsd_196"
"l10npy_rcsdc_4713","4713","LECHUZA","l10npy_rcsd_196"
"l10npy_rcsdc_4714","4714","PALOMAR","l10npy_rcsd_196"
"l10npy_rcsdc_4715","4715","PATRIA (EX. EN.)","l10npy_rcsd_196"
"l10npy_rcsdc_4716","4716","PATRIA I","l10npy_rcsd_196"
"l10npy_rcsdc_4717","4717","PORFIRIA","l10npy_rcsd_196"
"l10npy_rcsdc_4718","4718","POZO AZUL","l10npy_rcsd_196"
"l10npy_rcsdc_4719","4719","PUERTO 14 DE MAYO","l10npy_rcsd_196"
"l10npy_rcsdc_4720","4720","PUERTO ALVARENGA","l10npy_rcsd_196"
"l10npy_rcsdc_4721","4721","PUERTO CABALLO","l10npy_rcsd_196"
"l10npy_rcsdc_4722","4722","PUERTO ESPERANZA","l10npy_rcsd_196"
"l10npy_rcsdc_4723","4723","PUERTO MERCEDES","l10npy_rcsd_196"
"l10npy_rcsdc_4724","4724","PUERTO RAMOS","l10npy_rcsd_196"
"l10npy_rcsdc_4725","4725","RANCHO PALOMA","l10npy_rcsd_196"
"l10npy_rcsdc_4726","4726","SAMUHU Y CABANILLAS","l10npy_rcsd_196"
"l10npy_rcsdc_4727","4727","SAN LUIS","l10npy_rcsd_196"
"l10npy_rcsdc_4728","4728","SAN PABLO","l10npy_rcsd_196"
"l10npy_rcsdc_4729","4729","SAN SILVANO","l10npy_rcsd_196"
"l10npy_rcsdc_4730","4730","STA.CATALINA","l10npy_rcsd_196"
"l10npy_rcsdc_4731","4731","YUQUERI","l10npy_rcsd_196"
"l10npy_rcsdc_5822","5822","MALDONADO","l10npy_rcsd_196"
"l10npy_rcsdc_5823","5823","POTRERITO","l10npy_rcsd_196"
"l10npy_rcsdc_5824","5824","PUERTO DIANA","l10npy_rcsd_196"
"l10npy_rcsdc_5825","5825","RIACHO ALEGRE","l10npy_rcsd_196"
"l10npy_rcsdc_5826","5826","STA.ANA","l10npy_rcsd_196"
"l10npy_rcsdc_4732","4732","CAMPAMENTO","l10npy_rcsd_218"
"l10npy_rcsdc_4733","4733","CAMPO SASTRE-PTO.SASTRE","l10npy_rcsd_218"
"l10npy_rcsdc_4734","4734","JUAN CUE","l10npy_rcsd_218"
"l10npy_rcsdc_4735","4735","MINAS CUE","l10npy_rcsd_218"
"l10npy_rcsdc_4736","4736","PUERTO CASADO","l10npy_rcsd_218"
"l10npy_rcsdc_4737","4737","PUERTO PAGANI CUE","l10npy_rcsd_218"
"l10npy_rcsdc_5827","5827","CASILLA","l10npy_rcsd_218"
"l10npy_rcsdc_5828","5828","STO.DOMINGO","l10npy_rcsd_218"
"l10npy_rcsdc_5638","5638","MAYOR PABLO LAGERENZA","l10npy_rcsd_233"
"l10npy_rcsdc_5639","5639","ALAMBIQUE","l10npy_rcsd_233"
"l10npy_rcsdc_5640","5640","BAPTISTA","l10npy_rcsd_233"
"l10npy_rcsdc_5641","5641","BARBARO","l10npy_rcsd_233"
"l10npy_rcsdc_5642","5642","CABO GIMENEZ","l10npy_rcsd_233"
"l10npy_rcsdc_5643","5643","CHOVORECA (BASE AEREA)","l10npy_rcsd_233"
"l10npy_rcsdc_5644","5644","CNEL.BOGADO","l10npy_rcsd_233"
"l10npy_rcsdc_5645","5645","CNEL.SANCHEZ","l10npy_rcsd_233"
"l10npy_rcsdc_5646","5646","FLORIDA","l10npy_rcsd_233"
"l10npy_rcsdc_5647","5647","JOSE M.LOPEZ","l10npy_rcsd_233"
"l10npy_rcsdc_5648","5648","LAGERENZA-I","l10npy_rcsd_233"
"l10npy_rcsdc_5649","5649","MADREJON","l10npy_rcsd_233"
"l10npy_rcsdc_5650","5650","MADREJONCITO","l10npy_rcsd_233"
"l10npy_rcsdc_5651","5651","MAYOR R.SANTACRUZ","l10npy_rcsd_233"
"l10npy_rcsdc_5652","5652","NUEVA TRIBU","l10npy_rcsd_233"
"l10npy_rcsdc_5653","5653","PALMAR DE LAS ISLAS","l10npy_rcsd_233"
"l10npy_rcsdc_5654","5654","PIKYRENDA","l10npy_rcsd_233"
"l10npy_rcsdc_5655","5655","SAN JOSE","l10npy_rcsd_233"
"l10npy_rcsdc_5656","5656","TAPACARE","l10npy_rcsd_233"
"l10npy_rcsdc_5657","5657","TRES LAGUNAS","l10npy_rcsd_233"
"l10npy_rcsdc_5658","5658","TTE.1RO. H.MENDOZA","l10npy_rcsd_233"
"l10npy_rcsdc_5659","5659","TTE.AMERICO PICCO","l10npy_rcsd_233"
"l10npy_rcsdc_5660","5660","TTE.GABINO MENDOZA","l10npy_rcsd_233"
"l10npy_rcsdc_5661","5661","TTE.MARTINEZ","l10npy_rcsd_233"
"l10npy_rcsdc_5662","5662","TTE. R.COCO RIVEROS","l10npy_rcsd_233"
"l10npy_rcsdc_4599","4599","KATUETE","l10npy_rcsd_236"
"l10npy_rcsdc_4602","4602","LA PALOMA","l10npy_rcsd_235"
"l10npy_rcsdc_4607","4607","YASY KAÑY","l10npy_rcsd_241"
"l10npy_rcsdc_4738","4738","SALTO DEL GUAIRA","l10npy_rcsd_207"
"l10npy_rcsdc_4739","4739","22 MBARACAYU","l10npy_rcsd_207"
"l10npy_rcsdc_4740","4740","6 DE ENERO","l10npy_rcsd_207"
"l10npy_rcsdc_4741","4741","ALICA-I","l10npy_rcsd_207"
"l10npy_rcsdc_4742","4742","ARROYO GUAZU","l10npy_rcsd_207"
"l10npy_rcsdc_4743","4743","ARROYO GUAZU 2DO.","l10npy_rcsd_207"
"l10npy_rcsdc_4744","4744","ARROYO ITAMBEY I","l10npy_rcsd_207"
"l10npy_rcsdc_4745","4745","ARROYO ITA BLANCA CUE","l10npy_rcsd_207"
"l10npy_rcsdc_4746","4746","ARROYO PERO","l10npy_rcsd_207"
"l10npy_rcsdc_4747","4747","ARROYO SAN FRANCISCO","l10npy_rcsd_207"
"l10npy_rcsdc_4748","4748","ARROYO YUQUERI","l10npy_rcsd_207"
"l10npy_rcsdc_4749","4749","ASERRADERO ANGELITO","l10npy_rcsd_207"
"l10npy_rcsdc_4750","4750","AUDIBER CUE","l10npy_rcsd_207"
"l10npy_rcsdc_4751","4751","BAJADA GUAZU","l10npy_rcsd_207"
"l10npy_rcsdc_4752","4752","BUEN DESTINO","l10npy_rcsd_207"
"l10npy_rcsdc_4753","4753","CAMPAMENTO IBEL","l10npy_rcsd_207"
"l10npy_rcsdc_4754","4754","CANINDEYU","l10npy_rcsd_207"
"l10npy_rcsdc_4755","4755","CARAPA COLONIA GUARANI","l10npy_rcsd_207"
"l10npy_rcsdc_4756","4756","CARAPA KM.3 MBARACAYU","l10npy_rcsd_207"
"l10npy_rcsdc_4757","4757","CARAPA PARANA","l10npy_rcsd_207"
"l10npy_rcsdc_4758","4758","CAÑADA SAN VICENTE","l10npy_rcsd_207"
"l10npy_rcsdc_4759","4759","COL.GUARANI 4 Y 6","l10npy_rcsd_207"
"l10npy_rcsdc_4760","4760","COL.MARANGATU","l10npy_rcsd_207"
"l10npy_rcsdc_4761","4761","COL.MBARACAYU GUARANI","l10npy_rcsd_207"
"l10npy_rcsdc_4762","4762","COL.SALTOS DEL GUAIRA (MUNIC)","l10npy_rcsd_207"
"l10npy_rcsdc_4763","4763","COL.SAN LUIS BORBA","l10npy_rcsd_207"
"l10npy_rcsdc_4764","4764","CRUCE PUENTE KYJHA","l10npy_rcsd_207"
"l10npy_rcsdc_4765","4765","CRUCE PUENTE KYJHA 2A.LINEA","l10npy_rcsd_207"
"l10npy_rcsdc_4766","4766","EL HUASIPONGO","l10npy_rcsd_207"
"l10npy_rcsdc_4767","4767","ESTANCIA ALTO PARANA","l10npy_rcsd_207"
"l10npy_rcsdc_4768","4768","ESTANCIA ITA BLANCA","l10npy_rcsd_207"
"l10npy_rcsdc_4769","4769","ESTANCIA MALDONADO","l10npy_rcsd_207"
"l10npy_rcsdc_4770","4770","ESTANCIA MACAEMBU KM.29","l10npy_rcsd_207"
"l10npy_rcsdc_4771","4771","ESTANCIA SAN BERNARDO","l10npy_rcsd_207"
"l10npy_rcsdc_4772","4772","ESTANCIA SAN LUIS","l10npy_rcsd_207"
"l10npy_rcsdc_4773","4773","ESTANCIA SANTA TERESA","l10npy_rcsd_207"
"l10npy_rcsdc_4774","4774","FAZENDA 47","l10npy_rcsd_207"
"l10npy_rcsdc_4775","4775","FAZENDA 5 DE SETIEMBRE","l10npy_rcsd_207"
"l10npy_rcsdc_4776","4776","FAZENDA ALBORADA","l10npy_rcsd_207"
"l10npy_rcsdc_4777","4777","FAZENDA BEATRIZ LOPEZ","l10npy_rcsd_207"
"l10npy_rcsdc_4778","4778","FAZENDA BELLA FLOR","l10npy_rcsd_207"
"l10npy_rcsdc_4779","4779","FAZENDA EBRAIN","l10npy_rcsd_207"
"l10npy_rcsdc_4780","4780","FAZENDA FIDELINO ROSA","l10npy_rcsd_207"
"l10npy_rcsdc_4781","4781","FAZENDA GARCIA","l10npy_rcsd_207"
"l10npy_rcsdc_4782","4782","FAZENDA GENTIL MACHADO","l10npy_rcsd_207"
"l10npy_rcsdc_4783","4783","FAZENDA GUAVIRA POTY","l10npy_rcsd_207"
"l10npy_rcsdc_4784","4784","FAZENDA JOSE","l10npy_rcsd_207"
"l10npy_rcsdc_4785","4785","FAZENDA MALDONADO (HACIENDA)","l10npy_rcsd_207"
"l10npy_rcsdc_4786","4786","FAZENDA MINEROS","l10npy_rcsd_207"
"l10npy_rcsdc_4787","4787","FAZENDA MOISES BERNARDO","l10npy_rcsd_207"
"l10npy_rcsdc_4788","4788","FAZENDA NANAWA","l10npy_rcsd_207"
"l10npy_rcsdc_4789","4789","FAZENDA SERRATI","l10npy_rcsd_207"
"l10npy_rcsdc_4790","4790","FAZENDA TACUARA","l10npy_rcsd_207"
"l10npy_rcsdc_4791","4791","FAZENDA TACUARA 2A.","l10npy_rcsd_207"
"l10npy_rcsdc_4792","4792","FAZENDA VILINA KELVIN","l10npy_rcsd_207"
"l10npy_rcsdc_4793","4793","GAZOTY 2A.","l10npy_rcsd_207"
"l10npy_rcsdc_4794","4794","GRANJA SERRATI","l10npy_rcsd_207"
"l10npy_rcsdc_4795","4795","GUATA PORA (KM.39)","l10npy_rcsd_207"
"l10npy_rcsdc_4796","4796","GUAVIRA","l10npy_rcsd_207"
"l10npy_rcsdc_4797","4797","GUAVIRA 2A.(GUAVIRA-I)","l10npy_rcsd_207"
"l10npy_rcsdc_4798","4798","GUAZURY KM.16","l10npy_rcsd_207"
"l10npy_rcsdc_4799","4799","GUAZURY PARANA","l10npy_rcsd_207"
"l10npy_rcsdc_4800","4800","GUAZU YCUA","l10npy_rcsd_207"
"l10npy_rcsdc_4801","4801","ITABO-MI","l10npy_rcsd_207"
"l10npy_rcsdc_4802","4802","ITABO TACUARA","l10npy_rcsd_207"
"l10npy_rcsdc_4803","4803","ITACURUBI","l10npy_rcsd_207"
"l10npy_rcsdc_4804","4804","KILOMETRO 10 GUARANI","l10npy_rcsd_207"
"l10npy_rcsdc_4805","4805","KILOMETRO 14 MBARACAYU","l10npy_rcsd_207"
"l10npy_rcsdc_4806","4806","KILOMETRO 23 PRADO","l10npy_rcsd_207"
"l10npy_rcsdc_4807","4807","KILOMETRO 24 MBARACAYU","l10npy_rcsd_207"
"l10npy_rcsdc_4808","4808","KILOMETRO 29 MBARACAYU","l10npy_rcsd_207"
"l10npy_rcsdc_4809","4809","KILOMETRO 30","l10npy_rcsd_207"
"l10npy_rcsdc_4810","4810","KILOMETRO 4 CARAPA","l10npy_rcsd_207"
"l10npy_rcsdc_4811","4811","KILOMETRO 4 MBARACAYU","l10npy_rcsd_207"
"l10npy_rcsdc_4812","4812","KILOMETRO 40","l10npy_rcsd_207"
"l10npy_rcsdc_4813","4813","KILOMETRO 40 GUARANI","l10npy_rcsd_207"
"l10npy_rcsdc_4814","4814","KILOMETRO 40 MBARACAYU","l10npy_rcsd_207"
"l10npy_rcsdc_4815","4815","KILOMETRO 41 BORBA","l10npy_rcsd_207"
"l10npy_rcsdc_4816","4816","KILOMETRO 42 BORBA","l10npy_rcsd_207"
"l10npy_rcsdc_4817","4817","KILOMETRO 47 BORBA","l10npy_rcsd_207"
"l10npy_rcsdc_4818","4818","KILOMETRO 5 MBARACAYU","l10npy_rcsd_207"
"l10npy_rcsdc_4819","4819","KILOMETRO 53 Y PATRIMONIO PORA","l10npy_rcsd_207"
"l10npy_rcsdc_4820","4820","KILOMETRO 6","l10npy_rcsd_207"
"l10npy_rcsdc_4821","4821","KILOMETRO 8","l10npy_rcsd_207"
"l10npy_rcsdc_4822","4822","LA REINA","l10npy_rcsd_207"
"l10npy_rcsdc_4823","4823","LA REINA 2A.","l10npy_rcsd_207"
"l10npy_rcsdc_4824","4824","LA REINA 3A.","l10npy_rcsd_207"
"l10npy_rcsdc_4825","4825","MAINUMBY","l10npy_rcsd_207"
"l10npy_rcsdc_4826","4826","NUESTRA SRA.APARECIDA","l10npy_rcsd_207"
"l10npy_rcsdc_4827","4827","ORO VERDE","l10npy_rcsd_207"
"l10npy_rcsdc_4828","4828","PALMITAL M.AMORE","l10npy_rcsd_207"
"l10npy_rcsdc_4829","4829","PALMITAL SAN MIGUEL","l10npy_rcsd_207"
"l10npy_rcsdc_4830","4830","PANAMBI VERA KM.34 GUARANI","l10npy_rcsd_207"
"l10npy_rcsdc_4831","4831","PATRIMONIO YACY PORA","l10npy_rcsd_207"
"l10npy_rcsdc_4832","4832","PATRIMONIO YBY PORA","l10npy_rcsd_207"
"l10npy_rcsdc_4833","4833","PORTON NRO.4","l10npy_rcsd_207"
"l10npy_rcsdc_4834","4834","PORTON NRO.5","l10npy_rcsd_207"
"l10npy_rcsdc_4835","4835","POSUELO","l10npy_rcsd_207"
"l10npy_rcsdc_4836","4836","PUENTE CARAPA","l10npy_rcsd_207"
"l10npy_rcsdc_4837","4837","PUENTE KYJHA","l10npy_rcsd_207"
"l10npy_rcsdc_4838","4838","PUENTE KYJHA 2A.","l10npy_rcsd_207"
"l10npy_rcsdc_4839","4839","PUERTO ADELA","l10npy_rcsd_207"
"l10npy_rcsdc_4840","4840","PUERTO MARANGATU","l10npy_rcsd_207"
"l10npy_rcsdc_4841","4841","PUERTO TEMBEY","l10npy_rcsd_207"
"l10npy_rcsdc_4842","4842","RANCHO ALEGRE","l10npy_rcsd_207"
"l10npy_rcsdc_4843","4843","RANCHO CORONEL","l10npy_rcsd_207"
"l10npy_rcsdc_4844","4844","RANCHO MARTINEZ KM.30","l10npy_rcsd_207"
"l10npy_rcsdc_4845","4845","RANCHO PALMITO","l10npy_rcsd_207"
"l10npy_rcsdc_4846","4846","RANCHO SANTA ISABEL","l10npy_rcsd_207"
"l10npy_rcsdc_4847","4847","REINA BETTI","l10npy_rcsd_207"
"l10npy_rcsdc_4848","4848","RESERVADO 29","l10npy_rcsd_207"
"l10npy_rcsdc_4849","4849","RIVEROS PARANA","l10npy_rcsd_207"
"l10npy_rcsdc_4850","4850","ROSENDO PALMITAL","l10npy_rcsd_207"
"l10npy_rcsdc_4851","4851","SALTOS DEL GUAIRA","l10npy_rcsd_207"
"l10npy_rcsdc_4852","4852","SAN JUAN","l10npy_rcsd_207"
"l10npy_rcsdc_4853","4853","SANTO DOMINGO","l10npy_rcsd_207"
"l10npy_rcsdc_4854","4854","SITIO SANTANA","l10npy_rcsd_207"
"l10npy_rcsdc_4855","4855","SITIO YBY CATU","l10npy_rcsd_207"
"l10npy_rcsdc_4856","4856","TACUARA","l10npy_rcsd_207"
"l10npy_rcsdc_4857","4857","TUNA","l10npy_rcsd_207"
"l10npy_rcsdc_4858","4858","YAJHAPE SANTA CRUZ","l10npy_rcsd_207"
"l10npy_rcsdc_4859","4859","YUKYRYBIY","l10npy_rcsd_207"
"l10npy_rcsdc_5829","5829","ARROYO BLANCO","l10npy_rcsd_207"
"l10npy_rcsdc_5830","5830","ARROYO LA REINA","l10npy_rcsd_207"
"l10npy_rcsdc_5831","5831","AZUCA","l10npy_rcsd_207"
"l10npy_rcsdc_5832","5832","CAMPAMENTO ZATO","l10npy_rcsd_207"
"l10npy_rcsdc_5833","5833","CERRO VERA","l10npy_rcsd_207"
"l10npy_rcsdc_4860","4860","SAN ISIDRO DEL CURUGUATY","l10npy_rcsd_197"
"l10npy_rcsdc_4861","4861","5A.REGION MILITAR","l10npy_rcsd_197"
"l10npy_rcsdc_4862","4862","8 DE DICIMBRE","l10npy_rcsd_197"
"l10npy_rcsdc_4863","4863","AGUAHE","l10npy_rcsd_197"
"l10npy_rcsdc_4864","4864","AGUARA","l10npy_rcsd_197"
"l10npy_rcsdc_4865","4865","ALCARAZ CUE","l10npy_rcsd_197"
"l10npy_rcsdc_4866","4866","ARROYO CAA-Y","l10npy_rcsd_197"
"l10npy_rcsdc_4867","4867","ARROYO CHAPI","l10npy_rcsd_197"
"l10npy_rcsdc_4868","4868","ARROYO GUAZU","l10npy_rcsd_197"
"l10npy_rcsdc_4869","4869","ARROYO ITA","l10npy_rcsd_197"
"l10npy_rcsdc_4870","4870","ARROYO PINDO","l10npy_rcsd_197"
"l10npy_rcsdc_4871","4871","ARROYO YBYCUI","l10npy_rcsd_197"
"l10npy_rcsdc_4872","4872","ARROYO YBYRA PYTA","l10npy_rcsd_197"
"l10npy_rcsdc_4873","4873","ASUNCION PAIVA","l10npy_rcsd_197"
"l10npy_rcsdc_4874","4874","AVIACION","l10npy_rcsd_197"
"l10npy_rcsdc_4875","4875","BARRERO VILLAR (BARRERO)","l10npy_rcsd_197"
"l10npy_rcsdc_4876","4876","CAMBA","l10npy_rcsd_197"
"l10npy_rcsdc_4877","4877","CAMPAMENTO","l10npy_rcsd_197"
"l10npy_rcsdc_4878","4878","CAÑADITA","l10npy_rcsd_197"
"l10npy_rcsdc_4879","4879","CERRITO","l10npy_rcsd_197"
"l10npy_rcsdc_4880","4880","COL.FORTUNA","l10npy_rcsd_197"
"l10npy_rcsdc_4881","4881","CURUGUATY (MUNICIPIO)","l10npy_rcsd_197"
"l10npy_rcsdc_4882","4882","DANIEL MARTINEZ","l10npy_rcsd_197"
"l10npy_rcsdc_4883","4883","DESTACAMENTO PUNTO 4A.NA.1","l10npy_rcsd_197"
"l10npy_rcsdc_4884","4884","ESTANCIA GOLONDRINA","l10npy_rcsd_197"
"l10npy_rcsdc_4885","4885","ESTANCIA SAN BLAS","l10npy_rcsd_197"
"l10npy_rcsdc_4886","4886","FORTUNA","l10npy_rcsd_197"
"l10npy_rcsdc_4887","4887","GUAYAKI","l10npy_rcsd_197"
"l10npy_rcsdc_4888","4888","GUAI-GUE PARAMI","l10npy_rcsd_197"
"l10npy_rcsdc_4889","4889","JHUGUA GUAZU","l10npy_rcsd_197"
"l10npy_rcsdc_4890","4890","KARUPERA","l10npy_rcsd_197"
"l10npy_rcsdc_4891","4891","LAGUNITA","l10npy_rcsd_197"
"l10npy_rcsdc_4892","4892","SAN JUAN MI","l10npy_rcsd_197"
"l10npy_rcsdc_4893","4893","SANTO DOMINGO","l10npy_rcsd_197"
"l10npy_rcsdc_4894","4894","TROCHE CUE","l10npy_rcsd_197"
"l10npy_rcsdc_4895","4895","YATAITY","l10npy_rcsd_197"
"l10npy_rcsdc_4896","4896","YBYCUI","l10npy_rcsd_197"
"l10npy_rcsdc_4897","4897","YCUA PORA","l10npy_rcsd_197"
"l10npy_rcsdc_4898","4898","YERUTI","l10npy_rcsd_197"
"l10npy_rcsdc_4899","4899","YUQUERI","l10npy_rcsd_197"
"l10npy_rcsdc_5834","5834","CAPII-TINDY","l10npy_rcsd_197"
"l10npy_rcsdc_5835","5835","CURE CUA","l10npy_rcsd_197"
"l10npy_rcsdc_5836","5836","ESTANCIA SAN ERNESTO","l10npy_rcsd_197"
"l10npy_rcsdc_5837","5837","SAN JUAN","l10npy_rcsd_197"
"l10npy_rcsdc_5838","5838","VARELA CAFETAL","l10npy_rcsd_197"
"l10npy_rcsdc_4900","4900","ARROYO MOROTI","l10npy_rcsd_198"
"l10npy_rcsdc_4901","4901","CAPIITINDY","l10npy_rcsd_198"
"l10npy_rcsdc_4902","4902","CERRO GUACUE","l10npy_rcsd_198"
"l10npy_rcsdc_4903","4903","CRUCE YBYRAROBANA","l10npy_rcsd_198"
"l10npy_rcsdc_4904","4904","HORQUETA MI","l10npy_rcsd_198"
"l10npy_rcsdc_4905","4905","ITACURUBI","l10npy_rcsd_198"
"l10npy_rcsdc_4906","4906","ITANARA","l10npy_rcsd_198"
"l10npy_rcsdc_4907","4907","ITANARA MI","l10npy_rcsd_198"
"l10npy_rcsdc_4908","4908","KARUPERAMI","l10npy_rcsd_198"
"l10npy_rcsdc_4909","4909","KILOMETRO 15 (CMIA)","l10npy_rcsd_198"
"l10npy_rcsdc_4910","4910","LAGUNA PACOBA","l10npy_rcsd_198"
"l10npy_rcsdc_4911","4911","LAGUNA PACOBA 2A.LINEA","l10npy_rcsd_198"
"l10npy_rcsdc_4912","4912","LAGUNA VERA","l10npy_rcsd_198"
"l10npy_rcsdc_4913","4913","LAGUNA YERE","l10npy_rcsd_198"
"l10npy_rcsdc_4914","4914","LEON CUE","l10npy_rcsd_198"
"l10npy_rcsdc_4915","4915","LOMADA","l10npy_rcsd_198"
"l10npy_rcsdc_4916","4916","LUCIO CUE","l10npy_rcsd_198"
"l10npy_rcsdc_4917","4917","MBOI YAGUA","l10npy_rcsd_198"
"l10npy_rcsdc_4918","4918","MBUYTY","l10npy_rcsd_198"
"l10npy_rcsdc_4919","4919","MONTE SINAI","l10npy_rcsd_198"
"l10npy_rcsdc_4920","4920","NACIENTE","l10npy_rcsd_198"
"l10npy_rcsdc_4921","4921","NARANJITO","l10npy_rcsd_198"
"l10npy_rcsdc_4922","4922","OBRAJE 7 MONTES","l10npy_rcsd_198"
"l10npy_rcsdc_4923","4923","OBRAJE ARROYO GUAZU","l10npy_rcsd_198"
"l10npy_rcsdc_4924","4924","OBRAJE ARROYO MOCOI","l10npy_rcsd_198"
"l10npy_rcsdc_4925","4925","OBRAJE CANELA","l10npy_rcsd_198"
"l10npy_rcsdc_4926","4926","OBRAJE PAR-Y","l10npy_rcsd_198"
"l10npy_rcsdc_4927","4927","OBRAJE PINDOTY","l10npy_rcsd_198"
"l10npy_rcsdc_4928","4928","OBRAJE SAN ANTONIO","l10npy_rcsd_198"
"l10npy_rcsdc_4929","4929","OBRAJE SOLAECHE","l10npy_rcsd_198"
"l10npy_rcsdc_4930","4930","OBRAJE TACUAPI","l10npy_rcsd_198"
"l10npy_rcsdc_4931","4931","OBRAJE URBINA","l10npy_rcsd_198"
"l10npy_rcsdc_4932","4932","OBRAJE YBYRA PYTA","l10npy_rcsd_198"
"l10npy_rcsdc_4933","4933","OBRAJE YUKERI","l10npy_rcsd_198"
"l10npy_rcsdc_4934","4934","PARAJE LUISA","l10npy_rcsd_198"
"l10npy_rcsdc_4935","4935","PASITO","l10npy_rcsd_198"
"l10npy_rcsdc_4936","4936","PASO ITA","l10npy_rcsd_198"
"l10npy_rcsdc_4937","4937","PASO PARODI","l10npy_rcsd_198"
"l10npy_rcsdc_4938","4938","PASO REAL","l10npy_rcsd_198"
"l10npy_rcsdc_4939","4939","PASO ROMERO","l10npy_rcsd_198"
"l10npy_rcsdc_4940","4940","PIRACAI","l10npy_rcsd_198"
"l10npy_rcsdc_4941","4941","POTRERITO","l10npy_rcsd_198"
"l10npy_rcsdc_4942","4942","POTRERO BAEZ","l10npy_rcsd_198"
"l10npy_rcsdc_4943","4943","POTRERO TACUARA","l10npy_rcsd_198"
"l10npy_rcsdc_4944","4944","POTRERO VAI","l10npy_rcsd_198"
"l10npy_rcsdc_4945","4945","PRIMAVERA","l10npy_rcsd_198"
"l10npy_rcsdc_4946","4946","PUENTE CAVETI","l10npy_rcsd_198"
"l10npy_rcsdc_4947","4947","PUERTO JHU","l10npy_rcsd_198"
"l10npy_rcsdc_4948","4948","PUERTO MOROMBI","l10npy_rcsd_198"
"l10npy_rcsdc_4949","4949","PUESTO ACARAY-MI","l10npy_rcsd_198"
"l10npy_rcsdc_4950","4950","PUESTO SANDOVAL","l10npy_rcsd_198"
"l10npy_rcsdc_4951","4951","PUESTO YSAU","l10npy_rcsd_198"
"l10npy_rcsdc_4952","4952","QUEREU","l10npy_rcsd_198"
"l10npy_rcsdc_4953","4953","RIO CORRIENTES","l10npy_rcsd_198"
"l10npy_rcsdc_4954","4954","RIO VERDE","l10npy_rcsd_198"
"l10npy_rcsdc_4955","4955","SAN ANTONIO","l10npy_rcsd_198"
"l10npy_rcsdc_4956","4956","SAN JUAN","l10npy_rcsd_198"
"l10npy_rcsdc_4957","4957","SAN RAFAEL","l10npy_rcsd_198"
"l10npy_rcsdc_4958","4958","TACUARA TY","l10npy_rcsd_198"
"l10npy_rcsdc_4959","4959","TACUAREMBOY","l10npy_rcsd_198"
"l10npy_rcsdc_4960","4960","TENDAL","l10npy_rcsd_198"
"l10npy_rcsdc_4961","4961","VILLA YGATIMI (MUNICIPIO)","l10npy_rcsd_198"
"l10npy_rcsdc_4962","4962","YBYBUCUA","l10npy_rcsd_198"
"l10npy_rcsdc_4963","4963","YBYRAROBANA","l10npy_rcsd_198"
"l10npy_rcsdc_4964","4964","YBU 1A.","l10npy_rcsd_198"
"l10npy_rcsdc_4965","4965","YBU 2A.","l10npy_rcsd_198"
"l10npy_rcsdc_4966","4966","YUICAI","l10npy_rcsd_198"
"l10npy_rcsdc_4967","4967","ÑAMBY","l10npy_rcsd_198"
"l10npy_rcsdc_4968","4968","ÑANDUROCAI","l10npy_rcsd_198"
"l10npy_rcsdc_5839","5839","VILLA YGATIMI","l10npy_rcsd_198"
"l10npy_rcsdc_5840","5840","ESCALERA","l10npy_rcsd_198"
"l10npy_rcsdc_5841","5841","JEJUI-MI","l10npy_rcsd_198"
"l10npy_rcsdc_5842","5842","LAGUNA PACOBA 3A.LINEA","l10npy_rcsd_198"
"l10npy_rcsdc_5843","5843","MBARIGUIY","l10npy_rcsd_198"
"l10npy_rcsdc_4969","4969","YPEJHU","l10npy_rcsd_199"
"l10npy_rcsdc_4970","4970","AGUARA YARTHE","l10npy_rcsd_199"
"l10npy_rcsdc_4971","4971","CAAGUY PORA","l10npy_rcsd_199"
"l10npy_rcsdc_4972","4972","CALI-CUE","l10npy_rcsd_199"
"l10npy_rcsdc_4973","4973","CARAPA-I","l10npy_rcsd_199"
"l10npy_rcsdc_4974","4974","CARAPE","l10npy_rcsd_199"
"l10npy_rcsdc_4975","4975","COFISA","l10npy_rcsd_199"
"l10npy_rcsdc_4976","4976","COL.INDIGENA CAZAL","l10npy_rcsd_199"
"l10npy_rcsdc_4977","4977","COL.INDIGENA PARIRI","l10npy_rcsd_199"
"l10npy_rcsdc_4978","4978","CURUZU","l10npy_rcsd_199"
"l10npy_rcsdc_4979","4979","GUAYAIBI","l10npy_rcsd_199"
"l10npy_rcsdc_4980","4980","ITANARA","l10npy_rcsd_199"
"l10npy_rcsdc_4981","4981","LAGUNITA","l10npy_rcsd_199"
"l10npy_rcsdc_4982","4982","LOPEZ CUE","l10npy_rcsd_199"
"l10npy_rcsdc_4983","4983","MENCHACA CUE","l10npy_rcsd_199"
"l10npy_rcsdc_4984","4984","MOJON","l10npy_rcsd_199"
"l10npy_rcsdc_4985","4985","0BRAJE PINDOTY","l10npy_rcsd_199"
"l10npy_rcsdc_4986","4986","OBRAJE ROTELA","l10npy_rcsd_199"
"l10npy_rcsdc_4987","4987","PASO JHU","l10npy_rcsd_199"
"l10npy_rcsdc_4988","4988","PASTAJE CERRO","l10npy_rcsd_199"
"l10npy_rcsdc_4989","4989","SAN ROQUE","l10npy_rcsd_199"
"l10npy_rcsdc_4990","4990","TACUARA","l10npy_rcsd_199"
"l10npy_rcsdc_4991","4991","TACUARATY","l10npy_rcsd_199"
"l10npy_rcsdc_4992","4992","YBYCUI","l10npy_rcsd_199"
"l10npy_rcsdc_4993","4993","YBU","l10npy_rcsd_199"
"l10npy_rcsdc_4994","4994","YPAU","l10npy_rcsd_199"
"l10npy_rcsdc_4995","4995","YPEJHU (MUNICIPIO)","l10npy_rcsd_199"
"l10npy_rcsdc_4996","4996","ÑUA-I","l10npy_rcsd_199"
"l10npy_rcsdc_4997","4997","CORPUS CHRISTI","l10npy_rcsd_200"
"l10npy_rcsdc_4998","4998","11 DE SETIEMBRE","l10npy_rcsd_200"
"l10npy_rcsdc_4999","4999","3 NACIENTES","l10npy_rcsd_200"
"l10npy_rcsdc_5000","5000","ADMINISTRACION CUE","l10npy_rcsd_200"
"l10npy_rcsdc_5001","5001","AMERICANA CARAPE","l10npy_rcsd_200"
"l10npy_rcsdc_5002","5002","ARROYO ITA","l10npy_rcsd_200"
"l10npy_rcsdc_5003","5003","ARROYO PALOMBO","l10npy_rcsd_200"
"l10npy_rcsdc_5004","5004","ARROYO PORA","l10npy_rcsd_200"
"l10npy_rcsdc_5005","5005","ARROYO ROYSA","l10npy_rcsd_200"
"l10npy_rcsdc_5006","5006","BUEN VIAJE","l10npy_rcsd_200"
"l10npy_rcsdc_5007","5007","CADETE CUE","l10npy_rcsd_200"
"l10npy_rcsdc_5008","5008","CALLE CERRO PORTEÑO","l10npy_rcsd_200"
"l10npy_rcsdc_5009","5009","CANEAN","l10npy_rcsd_200"
"l10npy_rcsdc_5010","5010","CARAPA","l10npy_rcsd_200"
"l10npy_rcsdc_5011","5011","CAYE CUE (ÑUMI)","l10npy_rcsd_200"
"l10npy_rcsdc_5012","5012","CERRO PYTA","l10npy_rcsd_200"
"l10npy_rcsdc_5013","5013","CERRO DE ORO","l10npy_rcsd_200"
"l10npy_rcsdc_5014","5014","CHACRA SAN LUIS","l10npy_rcsd_200"
"l10npy_rcsdc_5015","5015","CHACRA DOMINGO","l10npy_rcsd_200"
"l10npy_rcsdc_5016","5016","CLEVAS CARAPA","l10npy_rcsd_200"
"l10npy_rcsdc_5017","5017","CLEVAS CATUETE","l10npy_rcsd_200"
"l10npy_rcsdc_5018","5018","CLEVAS GUARANI","l10npy_rcsd_200"
"l10npy_rcsdc_5019","5019","CLEVAS OLIMPIA","l10npy_rcsd_200"
"l10npy_rcsdc_5020","5020","CLEVAS SAN FRANCISCO","l10npy_rcsd_200"
"l10npy_rcsdc_5021","5021","CLEVAS SAN JUAN","l10npy_rcsd_200"
"l10npy_rcsdc_5022","5022","CORPUS CRISTI (RURAL)","l10npy_rcsd_200"
"l10npy_rcsdc_5023","5023","CORPUS CHRISTI (MUNICIPIO)","l10npy_rcsd_200"
"l10npy_rcsdc_5024","5024","DESTACAMENTO MILITAR","l10npy_rcsd_200"
"l10npy_rcsdc_5025","5025","DISTRITO MILITAR","l10npy_rcsd_200"
"l10npy_rcsdc_5026","5026","DON PEDRO","l10npy_rcsd_200"
"l10npy_rcsdc_5027","5027","ESPADIN YAJHE-O","l10npy_rcsd_200"
"l10npy_rcsdc_5028","5028","FAZENDA 22 DE SETIEMBRE","l10npy_rcsd_200"
"l10npy_rcsdc_5029","5029","FAZENDA BACHIRAS","l10npy_rcsd_200"
"l10npy_rcsdc_5030","5030","FAZENDA BUENA ESPERANZA","l10npy_rcsd_200"
"l10npy_rcsdc_5031","5031","FAZENDA DON RAUL","l10npy_rcsd_200"
"l10npy_rcsdc_5032","5032","FAZENDA ESPAÑA","l10npy_rcsd_200"
"l10npy_rcsdc_5033","5033","FAZENDA ESPAÑA 2A.","l10npy_rcsd_200"
"l10npy_rcsdc_5034","5034","FAZENDA NTRA.SRA.ASUNCION","l10npy_rcsd_200"
"l10npy_rcsdc_5035","5035","FAZENDA SAN JOSE","l10npy_rcsd_200"
"l10npy_rcsdc_5036","5036","FELICIDAD LA FUENTE","l10npy_rcsd_200"
"l10npy_rcsdc_5037","5037","FRANCISCO PALOMBO","l10npy_rcsd_200"
"l10npy_rcsdc_5038","5038","FRANCISCO PALOMBO 2A.","l10npy_rcsd_200"
"l10npy_rcsdc_5039","5039","GORRA PYTA","l10npy_rcsd_200"
"l10npy_rcsdc_5040","5040","GUARANI AMERICANA","l10npy_rcsd_200"
"l10npy_rcsdc_5041","5041","GUEMBE VERA","l10npy_rcsd_200"
"l10npy_rcsdc_5042","5042","HITO 86","l10npy_rcsd_200"
"l10npy_rcsdc_5043","5043","INFIERNO CUE","l10npy_rcsd_200"
"l10npy_rcsdc_5581","5581","ITABO CUBAS","l10npy_rcsd_200"
"l10npy_rcsdc_5582","5582","KILOMETRO 41","l10npy_rcsd_200"
"l10npy_rcsdc_5583","5583","LALI CUE","l10npy_rcsd_200"
"l10npy_rcsdc_5584","5584","MIMBY CUE","l10npy_rcsd_200"
"l10npy_rcsdc_5585","5585","NUEVA ASUNCION 1A.","l10npy_rcsd_200"
"l10npy_rcsdc_5586","5586","NUEVA ASUNCION 2A.","l10npy_rcsd_200"
"l10npy_rcsdc_5587","5587","OBRAJE AMERICANO","l10npy_rcsd_200"
"l10npy_rcsdc_5588","5588","OBRAJE GUERRILLERO","l10npy_rcsd_200"
"l10npy_rcsdc_5589","5589","OBRAJE ITABO","l10npy_rcsd_200"
"l10npy_rcsdc_5590","5590","OBRAJE SANTA CLARA","l10npy_rcsd_200"
"l10npy_rcsdc_5591","5591","PACOBA","l10npy_rcsd_200"
"l10npy_rcsdc_5592","5592","PACOBA 1A.","l10npy_rcsd_200"
"l10npy_rcsdc_5593","5593","PACOBA 27","l10npy_rcsd_200"
"l10npy_rcsdc_5594","5594","PACOBA 2A.","l10npy_rcsd_200"
"l10npy_rcsdc_5595","5595","PALMITAL","l10npy_rcsd_200"
"l10npy_rcsdc_5596","5596","PALMITAL CARAPA","l10npy_rcsd_200"
"l10npy_rcsdc_5597","5597","PALMITAL IBEL","l10npy_rcsd_200"
"l10npy_rcsdc_5598","5598","PALMITAL SAN ONOFRE","l10npy_rcsd_200"
"l10npy_rcsdc_5599","5599","PALMITAL YAJHAPE","l10npy_rcsd_200"
"l10npy_rcsdc_5600","5600","PIQUIÑO CUE","l10npy_rcsd_200"
"l10npy_rcsdc_5601","5601","PLANCHADA LA NOVIA","l10npy_rcsd_200"
"l10npy_rcsdc_5602","5602","PORTON NRO.1","l10npy_rcsd_200"
"l10npy_rcsdc_5603","5603","PORTON NRO.2","l10npy_rcsd_200"
"l10npy_rcsdc_5604","5604","PORTON NRO.3","l10npy_rcsd_200"
"l10npy_rcsdc_5605","5605","PUENTE GUAYAKI","l10npy_rcsd_200"
"l10npy_rcsdc_5606","5606","PUENTE ONOFRE","l10npy_rcsd_200"
"l10npy_rcsdc_5607","5607","PUENTE PERO","l10npy_rcsd_200"
"l10npy_rcsdc_5608","5608","RAMONITA","l10npy_rcsd_200"
"l10npy_rcsdc_5609","5609","RANCHO DOS HERMANAS","l10npy_rcsd_200"
"l10npy_rcsdc_5610","5610","RANCHO MARIA","l10npy_rcsd_200"
"l10npy_rcsdc_5611","5611","RANCHO TUYU","l10npy_rcsd_200"
"l10npy_rcsdc_5612","5612","SAN ALCIDES","l10npy_rcsd_200"
"l10npy_rcsdc_5613","5613","SAN LUIS","l10npy_rcsd_200"
"l10npy_rcsdc_5614","5614","SITIO 4 HERMANOS","l10npy_rcsd_200"
"l10npy_rcsdc_5615","5615","VILLA IBEL","l10npy_rcsd_200"
"l10npy_rcsdc_5616","5616","Y-JHOVY","l10npy_rcsd_200"
"l10npy_rcsdc_5617","5617","YNAMBU Y-GUA","l10npy_rcsd_200"
"l10npy_rcsdc_5618","5618","YUQUERI","l10npy_rcsd_200"
"l10npy_rcsdc_5619","5619","YUQUERI 2A.","l10npy_rcsd_200"
"l10npy_rcsdc_5620","5620","ZANJA PYTA","l10npy_rcsd_200"
"l10npy_rcsdc_5621","5621","ÑASAINDY","l10npy_rcsd_200"
"l10npy_rcsdc_5844","5844","FAZENDA PROGRESO","l10npy_rcsd_200"
"l10npy_rcsdc_5845","5845","GUARANI AMERICANA 2A.","l10npy_rcsd_200"
"l10npy_rcsdc_5622","5622","ITANARA","l10npy_rcsd_201"
"l10npy_rcsdc_5623","5623","CAZAL CUE","l10npy_rcsd_201"
"l10npy_rcsdc_5624","5624","COL.ITANARA","l10npy_rcsd_201"
"l10npy_rcsdc_5625","5625","PARIRI","l10npy_rcsd_201"
"l10npy_rcsdc_5626","5626","FRANCISCO CABALLERO ALVAREZ","l10npy_rcsd_202"
"l10npy_rcsdc_5627","5627","6 DE ENERO","l10npy_rcsd_202"
"l10npy_rcsdc_5628","5628","CRUCE PUENTE","l10npy_rcsd_202"
"l10npy_rcsdc_5629","5629","ESTANCIA ITAKYRY","l10npy_rcsd_202"
"l10npy_rcsdc_5630","5630","GUALIPANGO","l10npy_rcsd_202"
"l10npy_rcsdc_5631","5631","KATUETE","l10npy_rcsd_202"
"l10npy_rcsdc_5632","5632","LA PALOMA","l10npy_rcsd_202"
"l10npy_rcsdc_5633","5633","MBARACAYU","l10npy_rcsd_202"
"l10npy_rcsdc_5634","5634","PUENTE KYJHA","l10npy_rcsd_202"
"l10npy_rcsdc_5635","5635","SAN FELIPE","l10npy_rcsd_202"
"l10npy_rcsdc_5636","5636","SANTA CLARA","l10npy_rcsd_202"
"l10npy_rcsdc_5637","5637","SANTA MARIA","l10npy_rcsd_202"
"l10npy_rcsdc_6424","6424","YBYRAROBANA","l10npy_rcsd_271"
"l10npy_rcsdc_6426","6426","YBY PYTA (MUNICIPIO)","l10npy_rcsd_274"
"l10npy_rcsdc_3","3","CONCEPCION (MUNICIPIO)","l10npy_rcsd_2"
"l10npy_rcsdc_4","4","ABASTO CUE","l10npy_rcsd_2"
"l10npy_rcsdc_5","5","AGUA FRIA","l10npy_rcsd_2"
"l10npy_rcsdc_6","6","AGUARA","l10npy_rcsd_2"
"l10npy_rcsdc_7","7","AGUERO CUE","l10npy_rcsd_2"
"l10npy_rcsdc_8","8","ALBASTI","l10npy_rcsd_2"
"l10npy_rcsdc_9","9","ALBERTO CUE","l10npy_rcsd_2"
"l10npy_rcsdc_10","10","ANEGADIZO","l10npy_rcsd_2"
"l10npy_rcsdc_11","11","AQUIDABAN","l10npy_rcsd_2"
"l10npy_rcsdc_12","12","AQUINO CUE","l10npy_rcsd_2"
"l10npy_rcsdc_13","13","ARCE CUE","l10npy_rcsd_2"
"l10npy_rcsdc_14","14","ARMANDIA","l10npy_rcsd_2"
"l10npy_rcsdc_15","15","ARRECIFE","l10npy_rcsd_2"
"l10npy_rcsdc_16","16","ARROYITO","l10npy_rcsd_2"
"l10npy_rcsdc_17","17","BARRERO CUA","l10npy_rcsd_2"
"l10npy_rcsdc_18","18","BARRERO SAY-YU","l10npy_rcsd_2"
"l10npy_rcsdc_19","19","BARRIO INMACULADA","l10npy_rcsd_2"
"l10npy_rcsdc_20","20","BARRIO NORTE","l10npy_rcsd_2"
"l10npy_rcsdc_21","21","BARRIO SAN ANTONIO","l10npy_rcsd_2"
"l10npy_rcsdc_22","22","BELLA LOMA","l10npy_rcsd_2"
"l10npy_rcsdc_23","23","BELEN","l10npy_rcsd_2"
"l10npy_rcsdc_24","24","BLAS CUE","l10npy_rcsd_2"
"l10npy_rcsdc_25","25","BOGADO CUE","l10npy_rcsd_2"
"l10npy_rcsdc_26","26","BOQUERON","l10npy_rcsd_2"
"l10npy_rcsdc_27","27","C.EPOPEYA NACIONAL","l10npy_rcsd_2"
"l10npy_rcsdc_28","28","C.EMIL. ROMERO PEREIRA","l10npy_rcsd_2"
"l10npy_rcsdc_29","29","C. JORGE MIRANDA","l10npy_rcsd_2"
"l10npy_rcsdc_30","30","C.RECONSTRUCCION","l10npy_rcsd_2"
"l10npy_rcsdc_31","31","C.N.GONZALEZ","l10npy_rcsd_2"
"l10npy_rcsdc_32","32","CABO CUE","l10npy_rcsd_2"
"l10npy_rcsdc_33","33","CAMBA CUA","l10npy_rcsd_2"
"l10npy_rcsdc_34","34","CAMPO HERMOSO","l10npy_rcsd_2"
"l10npy_rcsdc_35","35","CAMPOS RAFAEL","l10npy_rcsd_2"
"l10npy_rcsdc_36","36","CANCHA CUE","l10npy_rcsd_2"
"l10npy_rcsdc_37","37","CAPILLA","l10npy_rcsd_2"
"l10npy_rcsdc_38","38","CAPILLA LORETO","l10npy_rcsd_2"
"l10npy_rcsdc_39","39","CARRETA PASO","l10npy_rcsd_2"
"l10npy_rcsdc_40","40","CAZAL BOQUERON","l10npy_rcsd_2"
"l10npy_rcsdc_41","41","CAZAL CUE","l10npy_rcsd_2"
"l10npy_rcsdc_42","42","CAÑETE CUE","l10npy_rcsd_2"
"l10npy_rcsdc_43","43","COL.CNEL MONGELOS","l10npy_rcsd_2"
"l10npy_rcsdc_44","44","COL.COE PORA","l10npy_rcsd_2"
"l10npy_rcsdc_45","45","COL.E.R. PEREIRA","l10npy_rcsd_2"
"l10npy_rcsdc_46","46","COL.EXCOMBATIENTES","l10npy_rcsd_2"
"l10npy_rcsdc_47","47","COL.F.C.C. NORTE","l10npy_rcsd_2"
"l10npy_rcsdc_48","48","COL.FERNANDO DE LA MORA","l10npy_rcsd_2"
"l10npy_rcsdc_49","49","COL. GRAL.DIAZ","l10npy_rcsd_2"
"l10npy_rcsdc_50","50","COL. HERNANDARIAS","l10npy_rcsd_2"
"l10npy_rcsdc_51","51","COL. JUGADILLA","l10npy_rcsd_2"
"l10npy_rcsdc_52","52","COL. MARIA AUXILIADORA","l10npy_rcsd_2"
"l10npy_rcsdc_53","53","COL. PORA","l10npy_rcsd_2"
"l10npy_rcsdc_54","54","COL. SAN CARLOS","l10npy_rcsd_2"
"l10npy_rcsdc_55","55","COL. SARGENTO","l10npy_rcsd_2"
"l10npy_rcsdc_56","56","COL. YBAGOTY","l10npy_rcsd_2"
"l10npy_rcsdc_57","57","COL. ZONA OLEROS","l10npy_rcsd_2"
"l10npy_rcsdc_58","58","COSTA DE SEDA","l10npy_rcsd_2"
"l10npy_rcsdc_59","59","COE PORA","l10npy_rcsd_2"
"l10npy_rcsdc_60","60","CUENCA CUE","l10npy_rcsd_2"
"l10npy_rcsdc_61","61","CUETO POTRERO","l10npy_rcsd_2"
"l10npy_rcsdc_62","62","CURUZU ÑU","l10npy_rcsd_2"
"l10npy_rcsdc_63","63","CURUÑI","l10npy_rcsd_2"
"l10npy_rcsdc_64","64","CANDIDO SILVA","l10npy_rcsd_2"
"l10npy_rcsdc_65","65","DIEGO CUE","l10npy_rcsd_2"
"l10npy_rcsdc_66","66","DUARTE CUE","l10npy_rcsd_2"
"l10npy_rcsdc_67","67","ECHAGUE CUE","l10npy_rcsd_2"
"l10npy_rcsdc_68","68","ESTABLECIMIENTO","l10npy_rcsd_2"
"l10npy_rcsdc_69","69","ESTRIBO DE PALTA","l10npy_rcsd_2"
"l10npy_rcsdc_70","70","F. DE PINEDO","l10npy_rcsd_2"
"l10npy_rcsdc_71","71","FERROCARRIL C. NORTE","l10npy_rcsd_2"
"l10npy_rcsdc_72","72","FUERTE RISSO","l10npy_rcsd_2"
"l10npy_rcsdc_73","73","GAONA CUE","l10npy_rcsd_2"
"l10npy_rcsdc_74","74","GARAY CUE","l10npy_rcsd_2"
"l10npy_rcsdc_75","75","GRAL. DIAZ","l10npy_rcsd_2"
"l10npy_rcsdc_76","76","HEROES DEL CHACO","l10npy_rcsd_2"
"l10npy_rcsdc_77","77","INMACULADA","l10npy_rcsd_2"
"l10npy_rcsdc_78","78","ISLA NOVILLO","l10npy_rcsd_2"
"l10npy_rcsdc_79","79","ISLA R.","l10npy_rcsd_2"
"l10npy_rcsdc_80","80","ISLA REAL","l10npy_rcsd_2"
"l10npy_rcsdc_81","81","ISLA VALDEZ","l10npy_rcsd_2"
"l10npy_rcsdc_82","82","ISLA YBATE","l10npy_rcsd_2"
"l10npy_rcsdc_83","83","ITA PUCU MI","l10npy_rcsd_2"
"l10npy_rcsdc_84","84","ITACURUBI","l10npy_rcsd_2"
"l10npy_rcsdc_85","85","JARDIN EUROPA","l10npy_rcsd_2"
"l10npy_rcsdc_86","86","JHUGUA CANTERO","l10npy_rcsd_2"
"l10npy_rcsdc_87","87","JHUGUA CHOJA","l10npy_rcsd_2"
"l10npy_rcsdc_88","88","JHUGUA CUE","l10npy_rcsd_2"
"l10npy_rcsdc_89","89","JHUGUA GUAZU","l10npy_rcsd_2"
"l10npy_rcsdc_90","90","JHUGUA RIVAS","l10npy_rcsd_2"
"l10npy_rcsdc_91","91","JHUGUA TIMBO","l10npy_rcsd_2"
"l10npy_rcsdc_92","92","JHUGUA TORALES","l10npy_rcsd_2"
"l10npy_rcsdc_93","93","LA CANELA","l10npy_rcsd_2"
"l10npy_rcsdc_94","94","LA CONCHA","l10npy_rcsd_2"
"l10npy_rcsdc_95","95","LABITA","l10npy_rcsd_2"
"l10npy_rcsdc_96","96","LAGUNA","l10npy_rcsd_2"
"l10npy_rcsdc_97","97","LAGUNA ÑARO","l10npy_rcsd_2"
"l10npy_rcsdc_98","98","LLANO","l10npy_rcsd_2"
"l10npy_rcsdc_99","99","LOMA","l10npy_rcsd_2"
"l10npy_rcsdc_100","100","LOMA PYTA","l10npy_rcsd_2"
"l10npy_rcsdc_101","101","MALDONADO","l10npy_rcsd_2"
"l10npy_rcsdc_102","102","MANCUELLO CUE","l10npy_rcsd_2"
"l10npy_rcsdc_103","103","MBATOVI","l10npy_rcsd_2"
"l10npy_rcsdc_104","104","MBOCAYATY","l10npy_rcsd_2"
"l10npy_rcsdc_105","105","MBOREBI YCUA","l10npy_rcsd_2"
"l10npy_rcsdc_106","106","MONTAÑAS","l10npy_rcsd_2"
"l10npy_rcsdc_107","107","OCAMPOS","l10npy_rcsd_2"
"l10npy_rcsdc_108","108","OJEDA CUE","l10npy_rcsd_2"
"l10npy_rcsdc_109","109","PASO BARRETO","l10npy_rcsd_2"
"l10npy_rcsdc_110","110","PASO URUNDEY","l10npy_rcsd_2"
"l10npy_rcsdc_111","111","PASO ITA","l10npy_rcsd_2"
"l10npy_rcsdc_112","112","PEGUAJHO","l10npy_rcsd_2"
"l10npy_rcsdc_113","113","PEGUAJHO MI","l10npy_rcsd_2"
"l10npy_rcsdc_114","114","PEROY","l10npy_rcsd_2"
"l10npy_rcsdc_115","115","PICADA GUY","l10npy_rcsd_2"
"l10npy_rcsdc_116","116","PLANAS","l10npy_rcsd_2"
"l10npy_rcsdc_117","117","POTRERITO","l10npy_rcsd_2"
"l10npy_rcsdc_118","118","POTRERO ESTRELLA","l10npy_rcsd_2"
"l10npy_rcsdc_119","119","POTRERO ROMERO","l10npy_rcsd_2"
"l10npy_rcsdc_120","120","PROSPERIDAD","l10npy_rcsd_2"
"l10npy_rcsdc_121","121","PUENTE CAÑON","l10npy_rcsd_2"
"l10npy_rcsdc_122","122","PUERTO ABENTE","l10npy_rcsd_2"
"l10npy_rcsdc_123","123","PUERTO DOS","l10npy_rcsd_2"
"l10npy_rcsdc_124","124","QUINTA ALICELICA","l10npy_rcsd_2"
"l10npy_rcsdc_125","125","REQUEJO","l10npy_rcsd_2"
"l10npy_rcsdc_126","126","RINCON","l10npy_rcsd_2"
"l10npy_rcsdc_127","127","RINCON CIERVO","l10npy_rcsd_2"
"l10npy_rcsdc_128","128","RINCON CUE","l10npy_rcsd_2"
"l10npy_rcsdc_129","129","RINCON ZARZA","l10npy_rcsd_2"
"l10npy_rcsdc_130","130","RINCON DE LUNA","l10npy_rcsd_2"
"l10npy_rcsdc_131","131","RIVAS CUE","l10npy_rcsd_2"
"l10npy_rcsdc_132","132","ROJAS MI","l10npy_rcsd_2"
"l10npy_rcsdc_133","133","ROSALIA","l10npy_rcsd_2"
"l10npy_rcsdc_134","134","RURAL","l10npy_rcsd_2"
"l10npy_rcsdc_135","135","S. ISABEL","l10npy_rcsd_2"
"l10npy_rcsdc_136","136","SAGRADA FAMILIA","l10npy_rcsd_2"
"l10npy_rcsdc_137","137","SALADERO RISSO","l10npy_rcsd_2"
"l10npy_rcsdc_138","138","SALEITA","l10npy_rcsd_2"
"l10npy_rcsdc_139","139","SALINARES","l10npy_rcsd_2"
"l10npy_rcsdc_140","140","SALINARES CUE","l10npy_rcsd_2"
"l10npy_rcsdc_141","141","SAN ANTONIO","l10npy_rcsd_2"
"l10npy_rcsdc_142","142","SAN LORENZO","l10npy_rcsd_2"
"l10npy_rcsdc_143","143","SAN MIGUEL","l10npy_rcsd_2"
"l10npy_rcsdc_144","144","SAN NICOLAS","l10npy_rcsd_2"
"l10npy_rcsdc_145","145","SAN RAFAEL","l10npy_rcsd_2"
"l10npy_rcsdc_146","146","SAN SALVADOR","l10npy_rcsd_2"
"l10npy_rcsdc_147","147","SANCHEZ CUE","l10npy_rcsd_2"
"l10npy_rcsdc_148","148","SANTA CUE","l10npy_rcsd_2"
"l10npy_rcsdc_149","149","SANTA MARIA DE LA S.","l10npy_rcsd_2"
"l10npy_rcsdc_150","150","SIERVO POTRERO","l10npy_rcsd_2"
"l10npy_rcsdc_934","934","SOLALINDE","l10npy_rcsd_2"
"l10npy_rcsdc_935","935","STA. TOMASA","l10npy_rcsd_2"
"l10npy_rcsdc_936","936","BUBURBANA","l10npy_rcsd_2"
"l10npy_rcsdc_937","937","TABATINGA","l10npy_rcsd_2"
"l10npy_rcsdc_938","938","TACUATI","l10npy_rcsd_2"
"l10npy_rcsdc_939","939","TAGATIVO MI","l10npy_rcsd_2"
"l10npy_rcsdc_940","940","TATAYYUA","l10npy_rcsd_2"
"l10npy_rcsdc_941","941","TAYATY MI","l10npy_rcsd_2"
"l10npy_rcsdc_942","942","TEODORO CUE","l10npy_rcsd_2"
"l10npy_rcsdc_943","943","TOLDO CUE","l10npy_rcsd_2"
"l10npy_rcsdc_944","944","TOLEDO CUE","l10npy_rcsd_2"
"l10npy_rcsdc_945","945","TORALES","l10npy_rcsd_2"
"l10npy_rcsdc_946","946","TRANQUERA","l10npy_rcsd_2"
"l10npy_rcsdc_947","947","TRES ALTAS","l10npy_rcsd_2"
"l10npy_rcsdc_948","948","VILLA ARMANDO","l10npy_rcsd_2"
"l10npy_rcsdc_949","949","VILLA FERNANDO","l10npy_rcsd_2"
"l10npy_rcsdc_950","950","VILLA LOMA","l10npy_rcsd_2"
"l10npy_rcsdc_951","951","VILLA NUEVA","l10npy_rcsd_2"
"l10npy_rcsdc_952","952","YAGUARETE POTRERO","l10npy_rcsd_2"
"l10npy_rcsdc_953","953","YAPEPO","l10npy_rcsd_2"
"l10npy_rcsdc_954","954","YBACUMI","l10npy_rcsd_2"
"l10npy_rcsdc_955","955","IBAÑEZ ÑU","l10npy_rcsd_2"
"l10npy_rcsdc_956","956","YBYRATY","l10npy_rcsd_2"
"l10npy_rcsdc_957","957","YCUA CARANDA","l10npy_rcsd_2"
"l10npy_rcsdc_958","958","YCUA GUAZU","l10npy_rcsd_2"
"l10npy_rcsdc_959","959","YCUA PORA","l10npy_rcsd_2"
"l10npy_rcsdc_960","960","YPANE","l10npy_rcsd_2"
"l10npy_rcsdc_961","961","YPANE CUE","l10npy_rcsd_2"
"l10npy_rcsdc_962","962","YPANE JHU","l10npy_rcsd_2"
"l10npy_rcsdc_963","963","YUIY","l10npy_rcsd_2"
"l10npy_rcsdc_964","964","YUTY","l10npy_rcsd_2"
"l10npy_rcsdc_965","965","ZANJA CUE","l10npy_rcsd_2"
"l10npy_rcsdc_966","966","ZAPATERO CUE","l10npy_rcsd_2"
"l10npy_rcsdc_967","967","ÑU APUA","l10npy_rcsd_2"
"l10npy_rcsdc_968","968","ÑUMI","l10npy_rcsd_2"
"l10npy_rcsdc_6154","6154","PINDURA","l10npy_rcsd_2"
"l10npy_rcsdc_6155","6155","POTRERO FRENTE Y OTRO","l10npy_rcsd_2"
"l10npy_rcsdc_6156","6156","RECALDE CUE","l10npy_rcsd_2"
"l10npy_rcsdc_6157","6157","RINCON LOMA","l10npy_rcsd_2"
"l10npy_rcsdc_6158","6158","ROMERO PATIÑO","l10npy_rcsd_2"
"l10npy_rcsdc_6159","6159","SALADILLO","l10npy_rcsd_2"
"l10npy_rcsdc_6160","6160","SAN ANTONIO DE LA SIERRA","l10npy_rcsd_2"
"l10npy_rcsdc_6161","6161","SANJITA","l10npy_rcsd_2"
"l10npy_rcsdc_6216","6216","VILLA SANA","l10npy_rcsd_2"
"l10npy_rcsdc_6217","6217","YBYRAIPETY","l10npy_rcsd_2"
"l10npy_rcsdc_6218","6218","YGATIGO","l10npy_rcsd_2"
"l10npy_rcsdc_6219","6219","YUQUERI","l10npy_rcsd_2"
"l10npy_rcsdc_6220","6220","ÑA VENTURA CUE","l10npy_rcsd_2"
"l10npy_rcsdc_969","969","SAN LAZARO","l10npy_rcsd_3"
"l10npy_rcsdc_970","970","COL. SAN LAZARO","l10npy_rcsd_3"
"l10npy_rcsdc_971","971","CONFLUENCIA","l10npy_rcsd_3"
"l10npy_rcsdc_972","972","PUERTO RISSO","l10npy_rcsd_3"
"l10npy_rcsdc_973","973","SALADERO R.","l10npy_rcsd_3"
"l10npy_rcsdc_974","974","VALLE MI","l10npy_rcsd_3"
"l10npy_rcsdc_6221","6221","LOMA SAN MIGUEL","l10npy_rcsd_3"
"l10npy_rcsdc_975","975","SAN CARLOS","l10npy_rcsd_4"
"l10npy_rcsdc_976","976","ARRECIFE","l10npy_rcsd_4"
"l10npy_rcsdc_977","977","CERRO PAIVA","l10npy_rcsd_4"
"l10npy_rcsdc_978","978","CONCEPCION","l10npy_rcsd_4"
"l10npy_rcsdc_979","979","GAONA CUE","l10npy_rcsd_4"
"l10npy_rcsdc_980","980","INVERNADA VIEJO","l10npy_rcsd_4"
"l10npy_rcsdc_981","981","OJEDA CUE","l10npy_rcsd_4"
"l10npy_rcsdc_982","982","PONCIERRE","l10npy_rcsd_4"
"l10npy_rcsdc_983","983","POTRERO","l10npy_rcsd_4"
"l10npy_rcsdc_984","984","POTRERO ESTRELLA","l10npy_rcsd_4"
"l10npy_rcsdc_985","985","PUERTO MAX Y OTRO","l10npy_rcsd_4"
"l10npy_rcsdc_986","986","RECALDE CUE","l10npy_rcsd_4"
"l10npy_rcsdc_987","987","SAN BLAS","l10npy_rcsd_4"
"l10npy_rcsdc_988","988","SAN CARLOS","l10npy_rcsd_4"
"l10npy_rcsdc_989","989","SAN FERNANDO","l10npy_rcsd_4"
"l10npy_rcsdc_990","990","SANTA ROSA","l10npy_rcsd_4"
"l10npy_rcsdc_991","991","VILLAMAYOR CUE","l10npy_rcsd_4"
"l10npy_rcsdc_992","992","UGARTE CUE","l10npy_rcsd_4"
"l10npy_rcsdc_993","993","URAN CUE Y OTRO","l10npy_rcsd_4"
"l10npy_rcsdc_6222","6222","CABALLERO CUE","l10npy_rcsd_4"
"l10npy_rcsdc_6223","6223","LOMA PORA","l10npy_rcsd_4"
"l10npy_rcsdc_6224","6224","POTRERO MBAREGUI","l10npy_rcsd_4"
"l10npy_rcsdc_6225","6225","SAN RAFAEL","l10npy_rcsd_4"
"l10npy_rcsdc_6226","6226","ÑU PYHAJHU","l10npy_rcsd_4"
"l10npy_rcsdc_994","994","BELEN","l10npy_rcsd_5"
"l10npy_rcsdc_995","995","BELEN COSTA","l10npy_rcsd_5"
"l10npy_rcsdc_996","996","COL.E.R.GONZALEZ","l10npy_rcsd_5"
"l10npy_rcsdc_997","997","E.R.PEREIRA","l10npy_rcsd_5"
"l10npy_rcsdc_998","998","COL.GRAL.DIAZ","l10npy_rcsd_5"
"l10npy_rcsdc_999","999","CULI LOMA","l10npy_rcsd_5"
"l10npy_rcsdc_1000","1000","FDO.DE LA MORA","l10npy_rcsd_5"
"l10npy_rcsdc_1001","1001","FERROCARRIL NORTE","l10npy_rcsd_5"
"l10npy_rcsdc_1002","1002","ITA CORA","l10npy_rcsd_5"
"l10npy_rcsdc_1003","1003","LEMO","l10npy_rcsd_5"
"l10npy_rcsdc_1004","1004","LOMA PYTA","l10npy_rcsd_5"
"l10npy_rcsdc_1005","1005","PASO URUNDEY","l10npy_rcsd_5"
"l10npy_rcsdc_1006","1006","PEGUAJHO LOMA","l10npy_rcsd_5"
"l10npy_rcsdc_1007","1007","PEGUAJHO MI","l10npy_rcsd_5"
"l10npy_rcsdc_1008","1008","REQUEJO","l10npy_rcsd_5"
"l10npy_rcsdc_1009","1009","TORALES CUE","l10npy_rcsd_5"
"l10npy_rcsdc_1010","1010","TORRES CUE","l10npy_rcsd_5"
"l10npy_rcsdc_1011","1011","TORIN CUE","l10npy_rcsd_5"
"l10npy_rcsdc_1012","1012","URUNDEY","l10npy_rcsd_5"
"l10npy_rcsdc_1013","1013","YBYRA PETEI","l10npy_rcsd_5"
"l10npy_rcsdc_6227","6227","COL.F.DE LA MORA","l10npy_rcsd_5"
"l10npy_rcsdc_1014","1014","LORETO","l10npy_rcsd_6"
"l10npy_rcsdc_1015","1015","AQUIDABAN","l10npy_rcsd_6"
"l10npy_rcsdc_1016","1016","C. MARIA AUXILIADORA","l10npy_rcsd_6"
"l10npy_rcsdc_1017","1017","C.SAN ALFREDO","l10npy_rcsd_6"
"l10npy_rcsdc_1018","1018","CAÑADA","l10npy_rcsd_6"
"l10npy_rcsdc_1019","1019","CNEL.EDUARDO SANCHEZ","l10npy_rcsd_6"
"l10npy_rcsdc_1020","1020","COL.CNEL.MARTINEZ","l10npy_rcsd_6"
"l10npy_rcsdc_1021","1021","COL.COE PORA","l10npy_rcsd_6"
"l10npy_rcsdc_1022","1022","COL.GRAL.DIAZ","l10npy_rcsd_6"
"l10npy_rcsdc_1023","1023","COL.R.L.PETTIT","l10npy_rcsd_6"
"l10npy_rcsdc_1024","1024","COL.RECONSTRUCCION","l10npy_rcsd_6"
"l10npy_rcsdc_1025","1025","COE PORA","l10npy_rcsd_6"
"l10npy_rcsdc_1026","1026","DOMINGO NIGO","l10npy_rcsd_6"
"l10npy_rcsdc_1027","1027","DOMINGO VIEJO","l10npy_rcsd_6"
"l10npy_rcsdc_1028","1028","DOMINGUEZ","l10npy_rcsd_6"
"l10npy_rcsdc_1029","1029","ESTANCIA AGUAI","l10npy_rcsd_6"
"l10npy_rcsdc_1030","1030","FDO.DE LA MORA","l10npy_rcsd_6"
"l10npy_rcsdc_1031","1031","GRAL.DIAZ","l10npy_rcsd_6"
"l10npy_rcsdc_1032","1032","ISLERIA","l10npy_rcsd_6"
"l10npy_rcsdc_1033","1033","JHUGUA BARRETO","l10npy_rcsd_6"
"l10npy_rcsdc_1034","1034","JHUGUA MARIN","l10npy_rcsd_6"
"l10npy_rcsdc_1035","1035","JHUGUA RIVAS","l10npy_rcsd_6"
"l10npy_rcsdc_1036","1036","JHUGUA TORALES","l10npy_rcsd_6"
"l10npy_rcsdc_1037","1037","JOSE BERGES","l10npy_rcsd_6"
"l10npy_rcsdc_1038","1038","LAGUNA","l10npy_rcsd_6"
"l10npy_rcsdc_1039","1039","PASO VEGA","l10npy_rcsd_6"
"l10npy_rcsdc_1040","1040","POTRERO LAGUNA","l10npy_rcsd_6"
"l10npy_rcsdc_1041","1041","SAN ALFONSO","l10npy_rcsd_6"
"l10npy_rcsdc_1042","1042","TACUARITA","l10npy_rcsd_6"
"l10npy_rcsdc_1043","1043","UGARTE CUE","l10npy_rcsd_6"
"l10npy_rcsdc_1044","1044","YCUA PORA","l10npy_rcsd_6"
"l10npy_rcsdc_1045","1045","YCUA SARA","l10npy_rcsd_6"
"l10npy_rcsdc_1046","1046","HORQUETA","l10npy_rcsd_7"
"l10npy_rcsdc_1047","1047","AGA GUYJHO","l10npy_rcsd_7"
"l10npy_rcsdc_1048","1048","AGAGUIGO","l10npy_rcsd_7"
"l10npy_rcsdc_1049","1049","AGUARA","l10npy_rcsd_7"
"l10npy_rcsdc_1050","1050","AGUSTIN DE PINEDO","l10npy_rcsd_7"
"l10npy_rcsdc_1051","1051","AGUERITO","l10npy_rcsd_7"
"l10npy_rcsdc_1052","1052","ALAZAN","l10npy_rcsd_7"
"l10npy_rcsdc_1053","1053","ANGELITO","l10npy_rcsd_7"
"l10npy_rcsdc_1054","1054","ANGUA RUGUA","l10npy_rcsd_7"
"l10npy_rcsdc_1055","1055","ARROYITO","l10npy_rcsd_7"
"l10npy_rcsdc_1056","1056","ARROYO BLANCO","l10npy_rcsd_7"
"l10npy_rcsdc_1057","1057","ARROYO CALE","l10npy_rcsd_7"
"l10npy_rcsdc_1058","1058","ARROYO PRIMOR","l10npy_rcsd_7"
"l10npy_rcsdc_1059","1059","ARROYO DE ORO","l10npy_rcsd_7"
"l10npy_rcsdc_1060","1060","AZOTEY","l10npy_rcsd_7"
"l10npy_rcsdc_1061","1061","BALAS CUE","l10npy_rcsd_7"
"l10npy_rcsdc_1062","1062","BARRERITO","l10npy_rcsd_7"
"l10npy_rcsdc_1063","1063","BELEN CUE","l10npy_rcsd_7"
"l10npy_rcsdc_1064","1064","BONETE VILLALBA CUE","l10npy_rcsd_7"
"l10npy_rcsdc_1065","1065","BONITA","l10npy_rcsd_7"
"l10npy_rcsdc_1066","1066","BUENA VISTA","l10npy_rcsd_7"
"l10npy_rcsdc_1067","1067","C.EXCOMBATIENTES","l10npy_rcsd_7"
"l10npy_rcsdc_1068","1068","CAAGATA","l10npy_rcsd_7"
"l10npy_rcsdc_1069","1069","CAPIIBARY","l10npy_rcsd_7"
"l10npy_rcsdc_1070","1070","CAPUSY SARY","l10npy_rcsd_7"
"l10npy_rcsdc_1071","1071","CARAGUATAY","l10npy_rcsd_7"
"l10npy_rcsdc_1072","1072","CAROLINA","l10npy_rcsd_7"
"l10npy_rcsdc_1073","1073","CAROVENI VIEJO","l10npy_rcsd_7"
"l10npy_rcsdc_1074","1074","CAA YATA","l10npy_rcsd_7"
"l10npy_rcsdc_1075","1075","CAÑADA","l10npy_rcsd_7"
"l10npy_rcsdc_1076","1076","CERRITO","l10npy_rcsd_7"
"l10npy_rcsdc_1077","1077","CERRO MEMBY","l10npy_rcsd_7"
"l10npy_rcsdc_1078","1078","CERRO SARAMBY","l10npy_rcsd_7"
"l10npy_rcsdc_1079","1079","COL.CUARTELERO","l10npy_rcsd_7"
"l10npy_rcsdc_1080","1080","COL.H.MENDOZA","l10npy_rcsd_7"
"l10npy_rcsdc_1081","1081","COL.J. M. FRUTOS","l10npy_rcsd_7"
"l10npy_rcsdc_1082","1082","COL. JOSE BERGES","l10npy_rcsd_7"
"l10npy_rcsdc_1083","1083","COMPAÑIA AGAGUIGO","l10npy_rcsd_7"
"l10npy_rcsdc_1084","1084","COSTA CLAVEL","l10npy_rcsd_7"
"l10npy_rcsdc_1085","1085","CUERO FRESCO","l10npy_rcsd_7"
"l10npy_rcsdc_1086","1086","CURUZU","l10npy_rcsd_7"
"l10npy_rcsdc_1087","1087","DOMINGO NIGO","l10npy_rcsd_7"
"l10npy_rcsdc_1088","1088","ESTERO COSTA","l10npy_rcsd_7"
"l10npy_rcsdc_1089","1089","FRACCION SIETE","l10npy_rcsd_7"
"l10npy_rcsdc_1090","1090","FRACCION STEFANO","l10npy_rcsd_7"
"l10npy_rcsdc_1091","1091","JHUGUA CARE","l10npy_rcsd_7"
"l10npy_rcsdc_1092","1092","JHUGUA ÑU","l10npy_rcsd_7"
"l10npy_rcsdc_1093","1093","JHUGUA KYA","l10npy_rcsd_7"
"l10npy_rcsdc_1094","1094","JHYATY","l10npy_rcsd_7"
"l10npy_rcsdc_1095","1095","JOSE BERGES","l10npy_rcsd_7"
"l10npy_rcsdc_1096","1096","LAGUNA JHETA","l10npy_rcsd_7"
"l10npy_rcsdc_1097","1097","LAGUNA PERE","l10npy_rcsd_7"
"l10npy_rcsdc_1098","1098","LIMEÑO CUE","l10npy_rcsd_7"
"l10npy_rcsdc_1099","1099","LOPE CUE Y OTRO","l10npy_rcsd_7"
"l10npy_rcsdc_1100","1100","LUCERO CUE","l10npy_rcsd_7"
"l10npy_rcsdc_1101","1101","MANZANILLA","l10npy_rcsd_7"
"l10npy_rcsdc_1102","1102","MBUTU ÑU","l10npy_rcsd_7"
"l10npy_rcsdc_1103","1103","MBY JHOBY","l10npy_rcsd_7"
"l10npy_rcsdc_1104","1104","MOJON VUELTA","l10npy_rcsd_7"
"l10npy_rcsdc_1105","1105","NARANJA TY","l10npy_rcsd_7"
"l10npy_rcsdc_1106","1106","PALACIOS CUE","l10npy_rcsd_7"
"l10npy_rcsdc_1107","1107","PASO CORA","l10npy_rcsd_7"
"l10npy_rcsdc_1108","1108","PASO PYKY","l10npy_rcsd_7"
"l10npy_rcsdc_1109","1109","PASO TITY","l10npy_rcsd_7"
"l10npy_rcsdc_1110","1110","PASO TRANQUERA","l10npy_rcsd_7"
"l10npy_rcsdc_1111","1111","PASO TYPY","l10npy_rcsd_7"
"l10npy_rcsdc_1112","1112","PEGUAJHO TY","l10npy_rcsd_7"
"l10npy_rcsdc_1113","1113","PEGUAJHO TYPY","l10npy_rcsd_7"
"l10npy_rcsdc_1114","1114","PLANCHADA OCHO","l10npy_rcsd_7"
"l10npy_rcsdc_1115","1115","PRIMAVERA","l10npy_rcsd_7"
"l10npy_rcsdc_1116","1116","PUERTO TACUARA","l10npy_rcsd_7"
"l10npy_rcsdc_1117","1117","PUNTA","l10npy_rcsd_7"
"l10npy_rcsdc_1118","1118","RECALDE CUE","l10npy_rcsd_7"
"l10npy_rcsdc_1119","1119","SOCIO CUE","l10npy_rcsd_7"
"l10npy_rcsdc_1120","1120","T. GUAZU","l10npy_rcsd_7"
"l10npy_rcsdc_1121","1121","TABACUE","l10npy_rcsd_7"
"l10npy_rcsdc_1122","1122","TACUATI LOMA","l10npy_rcsd_7"
"l10npy_rcsdc_1123","1123","TAPY TAGUA","l10npy_rcsd_7"
"l10npy_rcsdc_1124","1124","TARUMA","l10npy_rcsd_7"
"l10npy_rcsdc_1125","1125","TAVY LOMA","l10npy_rcsd_7"
"l10npy_rcsdc_1126","1126","TUCURU","l10npy_rcsd_7"
"l10npy_rcsdc_1127","1127","TOTORA","l10npy_rcsd_7"
"l10npy_rcsdc_1128","1128","YACARE","l10npy_rcsd_7"
"l10npy_rcsdc_1129","1129","YAGUARETE CUA","l10npy_rcsd_7"
"l10npy_rcsdc_1130","1130","YBYCUI ÑU","l10npy_rcsd_7"
"l10npy_rcsdc_1131","1131","YERBAL GUARAYABY","l10npy_rcsd_7"
"l10npy_rcsdc_1132","1132","YPUCU","l10npy_rcsd_7"
"l10npy_rcsdc_1133","1133","ZANGUINA CUE","l10npy_rcsd_7"
"l10npy_rcsdc_1134","1134","ZONA A.","l10npy_rcsd_7"
"l10npy_rcsdc_6228","6228","SALINAS","l10npy_rcsd_7"
"l10npy_rcsdc_6229","6229","TAJHYI","l10npy_rcsd_7"
"l10npy_rcsdc_6230","6230","TOPYTANGUA","l10npy_rcsd_7"
"l10npy_rcsdc_6231","6231","YBY YAU","l10npy_rcsd_7"
"l10npy_rcsdc_6232","6232","ZANJA CUE","l10npy_rcsd_7"
"l10npy_rcsdc_1135","1135","SAN SALVADOR","l10npy_rcsd_8"
"l10npy_rcsdc_2662","2662","SAN SALVADOR","l10npy_rcsd_8"
"l10npy_rcsdc_2663","2663","ESTACION LOS PINOS","l10npy_rcsd_8"
"l10npy_rcsdc_2664","2664","ESTACION VERTOLO","l10npy_rcsd_8"
"l10npy_rcsdc_2665","2665","ISLA VALLE","l10npy_rcsd_8"
"l10npy_rcsdc_2666","2666","ITACURUBI","l10npy_rcsd_8"
"l10npy_rcsdc_2667","2667","LOMA GUAZU","l10npy_rcsd_8"
"l10npy_rcsdc_2668","2668","POTRERO ROBLEDO","l10npy_rcsd_8"
"l10npy_rcsdc_2669","2669","SAN RAFAEL","l10npy_rcsd_8"
"l10npy_rcsdc_2670","2670","SAN SALVADOR","l10npy_rcsd_8"
"l10npy_rcsdc_2671","2671","TRANQUERA CUE","l10npy_rcsd_8"
"l10npy_rcsdc_2672","2672","YHACA MI","l10npy_rcsd_8"
"l10npy_rcsdc_2673","2673","YUQUERY","l10npy_rcsd_8"
"l10npy_rcsdc_1136","1136","YBY YA'U","l10npy_rcsd_9"
"l10npy_rcsdc_1137","1137","ANGELITO","l10npy_rcsd_9"
"l10npy_rcsdc_1138","1138","ARROYO 7","l10npy_rcsd_9"
"l10npy_rcsdc_1139","1139","BONETE","l10npy_rcsd_9"
"l10npy_rcsdc_1140","1140","RETIRO ZELEY","l10npy_rcsd_9"
"l10npy_rcsdc_1141","1141","CAAGATA","l10npy_rcsd_9"
"l10npy_rcsdc_1142","1142","CAROLINA","l10npy_rcsd_9"
"l10npy_rcsdc_1143","1143","CERRO ANGELITO","l10npy_rcsd_9"
"l10npy_rcsdc_1144","1144","COL. EPOE. NAL.","l10npy_rcsd_9"
"l10npy_rcsdc_1145","1145","ESTACION SAN ANTONIO","l10npy_rcsd_9"
"l10npy_rcsdc_1146","1146","JHYATY","l10npy_rcsd_9"
"l10npy_rcsdc_1147","1147","LAGUNA JHU","l10npy_rcsd_9"
"l10npy_rcsdc_1148","1148","MBOCAYA","l10npy_rcsd_9"
"l10npy_rcsdc_1149","1149","POCITO CUE","l10npy_rcsd_9"
"l10npy_rcsdc_1150","1150","PRIMAVERA","l10npy_rcsd_9"
"l10npy_rcsdc_1151","1151","RETIRO SANJITA","l10npy_rcsd_9"
"l10npy_rcsdc_1152","1152","RETIRO TAPYTA GUA","l10npy_rcsd_9"
"l10npy_rcsdc_1153","1153","RETIRO ZELEY","l10npy_rcsd_9"
"l10npy_rcsdc_1154","1154","RETIRO ÑANDUCUA","l10npy_rcsd_9"
"l10npy_rcsdc_1155","1155","SAN PEDRO","l10npy_rcsd_9"
"l10npy_rcsdc_1156","1156","SANZA RECADO","l10npy_rcsd_9"
"l10npy_rcsdc_6233","6233","ALAMBRE GUAJHA","l10npy_rcsd_9"
"l10npy_rcsdc_6234","6234","CAMPANARIO","l10npy_rcsd_9"
"l10npy_rcsdc_6235","6235","ESTACION SANGUINA","l10npy_rcsd_9"
"l10npy_rcsdc_6236","6236","RAYA VAI","l10npy_rcsd_9"
"l10npy_rcsdc_6237","6237","RUBIO CUE","l10npy_rcsd_9"
"l10npy_rcsdc_6423","6423","SARGENTO JOSE FELIX LOPEZ","l10npy_rcsd_270"
"l10npy_rcsdc_151","151","TACURUTY","l10npy_rcsd_10"
"l10npy_rcsdc_152","152","TAPE CAAGUY","l10npy_rcsd_10"
"l10npy_rcsdc_153","153","TAYI CARE","l10npy_rcsd_10"
"l10npy_rcsdc_154","154","TORO PASO","l10npy_rcsd_10"
"l10npy_rcsdc_155","155","TUPI JHU","l10npy_rcsd_10"
"l10npy_rcsdc_156","156","TUYU JHU","l10npy_rcsd_10"
"l10npy_rcsdc_157","157","VALIENTE - CUE","l10npy_rcsd_10"
"l10npy_rcsdc_158","158","VALLE - I","l10npy_rcsd_10"
"l10npy_rcsdc_159","159","YACARE - ÑU","l10npy_rcsd_10"
"l10npy_rcsdc_160","160","YACARE - E","l10npy_rcsd_10"
"l10npy_rcsdc_161","161","YAPEPO","l10npy_rcsd_10"
"l10npy_rcsdc_162","162","YCUA - PORA","l10npy_rcsd_10"
"l10npy_rcsdc_163","163","YCUA CURUZU","l10npy_rcsd_10"
"l10npy_rcsdc_164","164","YGATYMI","l10npy_rcsd_10"
"l10npy_rcsdc_165","165","YPANE","l10npy_rcsd_10"
"l10npy_rcsdc_166","166","YPAYERE","l10npy_rcsd_10"
"l10npy_rcsdc_167","167","YUQUYTY","l10npy_rcsd_10"
"l10npy_rcsdc_168","168","YUQUYRY GUAZU","l10npy_rcsd_10"
"l10npy_rcsdc_169","169","ZANJITA","l10npy_rcsd_10"
"l10npy_rcsdc_170","170","ZOLABARRIENTA","l10npy_rcsd_10"
"l10npy_rcsdc_171","171","ÑANDUCUA","l10npy_rcsd_10"
"l10npy_rcsdc_172","172","ÑANDUROCAY","l10npy_rcsd_10"
"l10npy_rcsdc_173","173","ÑU - PORA","l10npy_rcsd_10"
"l10npy_rcsdc_1157","1157","SAN PEDRO DE YCUAMANDYYU","l10npy_rcsd_10"
"l10npy_rcsdc_1158","1158","AGUARAY - MI","l10npy_rcsd_10"
"l10npy_rcsdc_1159","1159","ARAZA","l10npy_rcsd_10"
"l10npy_rcsdc_1160","1160","ARROYO BLANCO","l10npy_rcsd_10"
"l10npy_rcsdc_1161","1161","BARRANQUERITA","l10npy_rcsd_10"
"l10npy_rcsdc_1162","1162","BUENA QUEMADA","l10npy_rcsd_10"
"l10npy_rcsdc_1163","1163","CACHITO - CUE","l10npy_rcsd_10"
"l10npy_rcsdc_1164","1164","CAMPO GRANDE","l10npy_rcsd_10"
"l10npy_rcsdc_1165","1165","CARANDAYTY","l10npy_rcsd_10"
"l10npy_rcsdc_1166","1166","CARRETILLA","l10npy_rcsd_10"
"l10npy_rcsdc_1167","1167","CAYE LOMA","l10npy_rcsd_10"
"l10npy_rcsdc_1168","1168","CAÑADA","l10npy_rcsd_10"
"l10npy_rcsdc_1169","1169","CENIZAL","l10npy_rcsd_10"
"l10npy_rcsdc_1170","1170","CERRITO","l10npy_rcsd_10"
"l10npy_rcsdc_1171","1171","CHACO - I","l10npy_rcsd_10"
"l10npy_rcsdc_1172","1172","CHALO - CUE","l10npy_rcsd_10"
"l10npy_rcsdc_1173","1173","CHAURIA","l10npy_rcsd_10"
"l10npy_rcsdc_1174","1174","CIERVO BARRERO","l10npy_rcsd_10"
"l10npy_rcsdc_1175","1175","COL. SAN BLAS","l10npy_rcsd_10"
"l10npy_rcsdc_1176","1176","COL. SAN PABLO","l10npy_rcsd_10"
"l10npy_rcsdc_1177","1177","COL. SUSANA","l10npy_rcsd_10"
"l10npy_rcsdc_1178","1178","CORREA RUGUA","l10npy_rcsd_10"
"l10npy_rcsdc_1179","1179","COSTA PUCU","l10npy_rcsd_10"
"l10npy_rcsdc_1180","1180","CURUPAYTY","l10npy_rcsd_10"
"l10npy_rcsdc_1181","1181","CABAYU CARUJHA","l10npy_rcsd_10"
"l10npy_rcsdc_1182","1182","DIEGO LOMA","l10npy_rcsd_10"
"l10npy_rcsdc_1183","1183","DOME - CUE","l10npy_rcsd_10"
"l10npy_rcsdc_1184","1184","DOMINGUEZ - CUE","l10npy_rcsd_10"
"l10npy_rcsdc_1185","1185","ESTACION ITACURUBI","l10npy_rcsd_10"
"l10npy_rcsdc_1186","1186","GIMENEZ - CUE","l10npy_rcsd_10"
"l10npy_rcsdc_1187","1187","ISLA ALTA","l10npy_rcsd_10"
"l10npy_rcsdc_1188","1188","ISLA CUBA Y OTRO","l10npy_rcsd_10"
"l10npy_rcsdc_1189","1189","ISLA CUÑA","l10npy_rcsd_10"
"l10npy_rcsdc_1190","1190","ITACURU","l10npy_rcsd_10"
"l10npy_rcsdc_1191","1191","JEJUI","l10npy_rcsd_10"
"l10npy_rcsdc_1192","1192","JHUGUA I","l10npy_rcsd_10"
"l10npy_rcsdc_1193","1193","JHUGUA - GUAZU","l10npy_rcsd_10"
"l10npy_rcsdc_1194","1194","JHUGUA COSTA","l10npy_rcsd_10"
"l10npy_rcsdc_1195","1195","LA NIÑA","l10npy_rcsd_10"
"l10npy_rcsdc_1196","1196","LAGUNA VERA","l10npy_rcsd_10"
"l10npy_rcsdc_1197","1197","LOMA TACUARA","l10npy_rcsd_10"
"l10npy_rcsdc_1198","1198","MBOIY","l10npy_rcsd_10"
"l10npy_rcsdc_1199","1199","MBOPICUA","l10npy_rcsd_10"
"l10npy_rcsdc_1200","1200","MBOREBI COSTA","l10npy_rcsd_10"
"l10npy_rcsdc_1201","1201","MERCADO LOMA","l10npy_rcsd_10"
"l10npy_rcsdc_1202","1202","MONTANIA RUGUA","l10npy_rcsd_10"
"l10npy_rcsdc_1203","1203","MONTE CAAGUY","l10npy_rcsd_10"
"l10npy_rcsdc_1204","1204","MONTE GRANDE","l10npy_rcsd_10"
"l10npy_rcsdc_1205","1205","MONTIEL LOMA","l10npy_rcsd_10"
"l10npy_rcsdc_1206","1206","MONTIEL - CUE","l10npy_rcsd_10"
"l10npy_rcsdc_1207","1207","MORALES - CUE","l10npy_rcsd_10"
"l10npy_rcsdc_1208","1208","NARANJA TY","l10npy_rcsd_10"
"l10npy_rcsdc_1209","1209","PAVON - CUE","l10npy_rcsd_10"
"l10npy_rcsdc_1210","1210","PETRONITA","l10npy_rcsd_10"
"l10npy_rcsdc_1211","1211","PINOZA","l10npy_rcsd_10"
"l10npy_rcsdc_1212","1212","PIRIPUCU","l10npy_rcsd_10"
"l10npy_rcsdc_1213","1213","POTRERO NOVILLO","l10npy_rcsd_10"
"l10npy_rcsdc_1214","1214","POTRERO PORA","l10npy_rcsd_10"
"l10npy_rcsdc_1215","1215","POTRERO PUCU","l10npy_rcsd_10"
"l10npy_rcsdc_1216","1216","POTRERO PY","l10npy_rcsd_10"
"l10npy_rcsdc_1217","1217","PUERTO CAAGUY","l10npy_rcsd_10"
"l10npy_rcsdc_1218","1218","PUERTO JEJUI","l10npy_rcsd_10"
"l10npy_rcsdc_1219","1219","PUERTO MI","l10npy_rcsd_10"
"l10npy_rcsdc_1220","1220","PUERTO YBAPOBO","l10npy_rcsd_10"
"l10npy_rcsdc_1221","1221","QUIÑONEZ - CUE","l10npy_rcsd_10"
"l10npy_rcsdc_1222","1222","ROSARIO LOMA","l10npy_rcsd_10"
"l10npy_rcsdc_1223","1223","RUGUA","l10npy_rcsd_10"
"l10npy_rcsdc_1224","1224","SAN ANTONIO","l10npy_rcsd_10"
"l10npy_rcsdc_1225","1225","SAN DIEGO LOMA","l10npy_rcsd_10"
"l10npy_rcsdc_1226","1226","SAN MIGUEL","l10npy_rcsd_10"
"l10npy_rcsdc_1227","1227","SANTA ROSA","l10npy_rcsd_10"
"l10npy_rcsdc_6162","6162","SARGENTO LOMA","l10npy_rcsd_10"
"l10npy_rcsdc_6163","6163","TUPI PYTA","l10npy_rcsd_10"
"l10npy_rcsdc_6164","6164","YACARE ÑEE","l10npy_rcsd_10"
"l10npy_rcsdc_6165","6165","YCUA MANDIYU","l10npy_rcsd_10"
"l10npy_rcsdc_6166","6166","YVAJHAI","l10npy_rcsd_10"
"l10npy_rcsdc_6238","6238","AGUARAY SECO","l10npy_rcsd_10"
"l10npy_rcsdc_6239","6239","CAAPUCU - MI","l10npy_rcsd_10"
"l10npy_rcsdc_6240","6240","CASTILLO - CUE","l10npy_rcsd_10"
"l10npy_rcsdc_174","174","ANTEQUERA","l10npy_rcsd_11"
"l10npy_rcsdc_175","175","COL. ANTEQUERA","l10npy_rcsd_11"
"l10npy_rcsdc_176","176","PINOZA","l10npy_rcsd_11"
"l10npy_rcsdc_177","177","GRAL. E.AQUINO","l10npy_rcsd_12"
"l10npy_rcsdc_178","178","1RO. DE MARZO","l10npy_rcsd_12"
"l10npy_rcsdc_179","179","AGUILERA CUE","l10npy_rcsd_12"
"l10npy_rcsdc_180","180","ARAZA","l10npy_rcsd_12"
"l10npy_rcsdc_181","181","ARAZAPETY","l10npy_rcsd_12"
"l10npy_rcsdc_182","182","CHAMORRO CUE","l10npy_rcsd_12"
"l10npy_rcsdc_183","183","COL. GRAL. AQUINO","l10npy_rcsd_12"
"l10npy_rcsdc_184","184","COL. MBATETE","l10npy_rcsd_12"
"l10npy_rcsdc_185","185","COL. SAN JOSE","l10npy_rcsd_12"
"l10npy_rcsdc_186","186","COL. TRANQUERA","l10npy_rcsd_12"
"l10npy_rcsdc_187","187","COL. TRINAQUIA","l10npy_rcsd_12"
"l10npy_rcsdc_188","188","COL. YURUHEI","l10npy_rcsd_12"
"l10npy_rcsdc_189","189","JHUGUA POI","l10npy_rcsd_12"
"l10npy_rcsdc_190","190","MANDIYUTY CUE","l10npy_rcsd_12"
"l10npy_rcsdc_191","191","MUNICIPIO","l10npy_rcsd_12"
"l10npy_rcsdc_192","192","OCIOSO","l10npy_rcsd_12"
"l10npy_rcsdc_193","193","PARAY","l10npy_rcsd_12"
"l10npy_rcsdc_194","194","PINDOTY","l10npy_rcsd_12"
"l10npy_rcsdc_195","195","POLENTO CUE","l10npy_rcsd_12"
"l10npy_rcsdc_196","196","POTRERO - CUE","l10npy_rcsd_12"
"l10npy_rcsdc_197","197","REDONDO","l10npy_rcsd_12"
"l10npy_rcsdc_198","198","SAN FRANCISCO","l10npy_rcsd_12"
"l10npy_rcsdc_199","199","SAN PEDRO","l10npy_rcsd_12"
"l10npy_rcsdc_200","200","SANTA CLARA","l10npy_rcsd_12"
"l10npy_rcsdc_201","201","VALLE - MI","l10npy_rcsd_12"
"l10npy_rcsdc_202","202","YCUA PINDO","l10npy_rcsd_12"
"l10npy_rcsdc_203","203","YURUJHEI","l10npy_rcsd_12"
"l10npy_rcsdc_204","204","ÑANDEYARA","l10npy_rcsd_12"
"l10npy_rcsdc_205","205","ÑANDUEVA - I","l10npy_rcsd_12"
"l10npy_rcsdc_206","206","ITACURUBI DEL ROSARIO","l10npy_rcsd_13"
"l10npy_rcsdc_207","207","AGUAPEY","l10npy_rcsd_13"
"l10npy_rcsdc_208","208","AGUAY - CUE","l10npy_rcsd_13"
"l10npy_rcsdc_209","209","AMANECER","l10npy_rcsd_13"
"l10npy_rcsdc_210","210","AZCURRA","l10npy_rcsd_13"
"l10npy_rcsdc_211","211","BARRERO","l10npy_rcsd_13"
"l10npy_rcsdc_212","212","BOLAS - CUA","l10npy_rcsd_13"
"l10npy_rcsdc_213","213","BOQUERON","l10npy_rcsd_13"
"l10npy_rcsdc_214","214","CABAYU RAY CARAJHU","l10npy_rcsd_13"
"l10npy_rcsdc_215","215","CABAYU ROY","l10npy_rcsd_13"
"l10npy_rcsdc_216","216","CAPILLA JHUGUA","l10npy_rcsd_13"
"l10npy_rcsdc_217","217","CAPILLA LOMA","l10npy_rcsd_13"
"l10npy_rcsdc_218","218","CAPILLA RUGUA","l10npy_rcsd_13"
"l10npy_rcsdc_219","219","CARIY","l10npy_rcsd_13"
"l10npy_rcsdc_220","220","CAROLINA","l10npy_rcsd_13"
"l10npy_rcsdc_221","221","COL. A. CATIGLIONI","l10npy_rcsd_13"
"l10npy_rcsdc_222","222","COL. CHORE","l10npy_rcsd_13"
"l10npy_rcsdc_223","223","COL. COSTA GALVAN","l10npy_rcsd_13"
"l10npy_rcsdc_224","224","COL. FRIESLAND","l10npy_rcsd_13"
"l10npy_rcsdc_225","225","COL. GUERRA DEL CHACO","l10npy_rcsd_13"
"l10npy_rcsdc_226","226","COL. JHUGUA","l10npy_rcsd_13"
"l10npy_rcsdc_227","227","COL. LIBERACION","l10npy_rcsd_13"
"l10npy_rcsdc_228","228","COL. SAN ROQUE","l10npy_rcsd_13"
"l10npy_rcsdc_229","229","COL. TUYANGO","l10npy_rcsd_13"
"l10npy_rcsdc_230","230","COL. VALLEMI","l10npy_rcsd_13"
"l10npy_rcsdc_231","231","CORRALES","l10npy_rcsd_13"
"l10npy_rcsdc_232","232","CURUZU - ÑU","l10npy_rcsd_13"
"l10npy_rcsdc_233","233","FRANCO - CUE","l10npy_rcsd_13"
"l10npy_rcsdc_234","234","GUARIA RUGUA","l10npy_rcsd_13"
"l10npy_rcsdc_235","235","GUYRATY","l10npy_rcsd_13"
"l10npy_rcsdc_236","236","ISLA CARAYA","l10npy_rcsd_13"
"l10npy_rcsdc_237","237","ISLA CURUZU","l10npy_rcsd_13"
"l10npy_rcsdc_238","238","ISLA GUAZU","l10npy_rcsd_13"
"l10npy_rcsdc_239","239","ISLERIAS","l10npy_rcsd_13"
"l10npy_rcsdc_240","240","ITA PORA","l10npy_rcsd_13"
"l10npy_rcsdc_241","241","JHUGUA REY","l10npy_rcsd_13"
"l10npy_rcsdc_242","242","LAGUNA MOJON","l10npy_rcsd_13"
"l10npy_rcsdc_243","243","LAS DOS MARIAS","l10npy_rcsd_13"
"l10npy_rcsdc_244","244","MARTINEZ - CUE","l10npy_rcsd_13"
"l10npy_rcsdc_245","245","MBARETE","l10npy_rcsd_13"
"l10npy_rcsdc_246","246","MBOCAYATY","l10npy_rcsd_13"
"l10npy_rcsdc_247","247","MBOCAYA","l10npy_rcsd_13"
"l10npy_rcsdc_248","248","NAVIDAD","l10npy_rcsd_13"
"l10npy_rcsdc_249","249","NEGRO - CUE","l10npy_rcsd_13"
"l10npy_rcsdc_250","250","OCIOSO","l10npy_rcsd_13"
"l10npy_rcsdc_251","251","OVECHA RETA","l10npy_rcsd_13"
"l10npy_rcsdc_252","252","PEGUAJHO","l10npy_rcsd_13"
"l10npy_rcsdc_253","253","PICADA","l10npy_rcsd_13"
"l10npy_rcsdc_254","254","PICADA DEL PUEBLO","l10npy_rcsd_13"
"l10npy_rcsdc_255","255","PIRAY","l10npy_rcsd_13"
"l10npy_rcsdc_256","256","PIRAYUI","l10npy_rcsd_13"
"l10npy_rcsdc_257","257","PLATERO - CUE","l10npy_rcsd_13"
"l10npy_rcsdc_258","258","QUIRAITY","l10npy_rcsd_13"
"l10npy_rcsdc_259","259","QUIRATY Y OTROS","l10npy_rcsd_13"
"l10npy_rcsdc_260","260","RIO RUGUA","l10npy_rcsd_13"
"l10npy_rcsdc_261","261","RIVEROS - CUE","l10npy_rcsd_13"
"l10npy_rcsdc_262","262","RODEO TAYI","l10npy_rcsd_13"
"l10npy_rcsdc_263","263","SAN PEDRO","l10npy_rcsd_13"
"l10npy_rcsdc_264","264","SANTA LUCIA","l10npy_rcsd_13"
"l10npy_rcsdc_265","265","TAPARI","l10npy_rcsd_13"
"l10npy_rcsdc_266","266","TAPIRACUAI","l10npy_rcsd_13"
"l10npy_rcsdc_267","267","VACA JHU","l10npy_rcsd_13"
"l10npy_rcsdc_2149","2149","VENTURA - CUE","l10npy_rcsd_13"
"l10npy_rcsdc_2150","2150","YURUJHEI","l10npy_rcsd_13"
"l10npy_rcsdc_6307","6307","YTATY","l10npy_rcsd_13"
"l10npy_rcsdc_334","334","ARROYO SAN JOSE","l10npy_rcsd_14"
"l10npy_rcsdc_335","335","BARRIENTOS - CUE","l10npy_rcsd_14"
"l10npy_rcsdc_336","336","BOGADO - CUE","l10npy_rcsd_14"
"l10npy_rcsdc_337","337","CABEZADA","l10npy_rcsd_14"
"l10npy_rcsdc_338","338","CAIVO","l10npy_rcsd_14"
"l10npy_rcsdc_339","339","CAMPO DE ITAPEY","l10npy_rcsd_14"
"l10npy_rcsdc_340","340","CANGUERY","l10npy_rcsd_14"
"l10npy_rcsdc_341","341","CAPIIBARY","l10npy_rcsd_14"
"l10npy_rcsdc_342","342","CARABIY","l10npy_rcsd_14"
"l10npy_rcsdc_343","343","CARANDY POTRERO","l10npy_rcsd_14"
"l10npy_rcsdc_344","344","CARAPICUA","l10npy_rcsd_14"
"l10npy_rcsdc_345","345","CAÑADA DE LOURDES","l10npy_rcsd_14"
"l10npy_rcsdc_346","346","CENIZAL","l10npy_rcsd_14"
"l10npy_rcsdc_347","347","CERRITO","l10npy_rcsd_14"
"l10npy_rcsdc_348","348","CERRITO APEPU","l10npy_rcsd_14"
"l10npy_rcsdc_349","349","PERRO PAU","l10npy_rcsd_14"
"l10npy_rcsdc_350","350","COE POTI","l10npy_rcsd_14"
"l10npy_rcsdc_351","351","COE PYTA","l10npy_rcsd_14"
"l10npy_rcsdc_352","352","COL. CARPA - CUE","l10npy_rcsd_14"
"l10npy_rcsdc_353","353","COL. DEFENSORES DEL CHACO","l10npy_rcsd_14"
"l10npy_rcsdc_354","354","COL. J.R. CHAVEZ","l10npy_rcsd_14"
"l10npy_rcsdc_355","355","COL. NATIVIDAD","l10npy_rcsd_14"
"l10npy_rcsdc_356","356","COL. REP. DEL NORTE","l10npy_rcsd_14"
"l10npy_rcsdc_357","357","COL. REPATRIADOS","l10npy_rcsd_14"
"l10npy_rcsdc_358","358","COL. COE POTY","l10npy_rcsd_14"
"l10npy_rcsdc_359","359","COSTA PUCU","l10npy_rcsd_14"
"l10npy_rcsdc_360","360","CUPI - I","l10npy_rcsd_14"
"l10npy_rcsdc_361","361","CARDENAS","l10npy_rcsd_14"
"l10npy_rcsdc_362","362","ESCALERA - CUE","l10npy_rcsd_14"
"l10npy_rcsdc_363","363","ESTERO PEGUAJHO","l10npy_rcsd_14"
"l10npy_rcsdc_364","364","GIMENEZ","l10npy_rcsd_14"
"l10npy_rcsdc_365","365","GUAICA","l10npy_rcsd_14"
"l10npy_rcsdc_366","366","GUAY CURUGUA","l10npy_rcsd_14"
"l10npy_rcsdc_367","367","GUAZURETA","l10npy_rcsd_14"
"l10npy_rcsdc_368","368","GUAZU RETA","l10npy_rcsd_14"
"l10npy_rcsdc_369","369","HACHITA","l10npy_rcsd_14"
"l10npy_rcsdc_370","370","INDALECIO - CUE","l10npy_rcsd_14"
"l10npy_rcsdc_371","371","INDUSTRIAL - CUE","l10npy_rcsd_14"
"l10npy_rcsdc_372","372","ISLA GUAZU","l10npy_rcsd_14"
"l10npy_rcsdc_373","373","ISLA YATEBU","l10npy_rcsd_14"
"l10npy_rcsdc_374","374","ITA BEBU","l10npy_rcsd_14"
"l10npy_rcsdc_375","375","ITAPEY","l10npy_rcsd_14"
"l10npy_rcsdc_376","376","ITAY","l10npy_rcsd_14"
"l10npy_rcsdc_377","377","JARDIN","l10npy_rcsd_14"
"l10npy_rcsdc_378","378","JHU","l10npy_rcsd_14"
"l10npy_rcsdc_379","379","JUSTO - CUE","l10npy_rcsd_14"
"l10npy_rcsdc_380","380","LAGUNA PYTA","l10npy_rcsd_14"
"l10npy_rcsdc_381","381","LOMA FLORIDA","l10npy_rcsd_14"
"l10npy_rcsdc_382","382","MARTINEZ - CUE","l10npy_rcsd_14"
"l10npy_rcsdc_383","383","MBARIGUI","l10npy_rcsd_14"
"l10npy_rcsdc_384","384","MBOY","l10npy_rcsd_14"
"l10npy_rcsdc_385","385","MBURICA POTRERO","l10npy_rcsd_14"
"l10npy_rcsdc_386","386","MBUTUY","l10npy_rcsd_14"
"l10npy_rcsdc_387","387","MOIY LOMA","l10npy_rcsd_14"
"l10npy_rcsdc_388","388","MOJON","l10npy_rcsd_14"
"l10npy_rcsdc_389","389","MONTE","l10npy_rcsd_14"
"l10npy_rcsdc_390","390","MONTE ALTO","l10npy_rcsd_14"
"l10npy_rcsdc_391","391","MOVIRE TOQUE","l10npy_rcsd_14"
"l10npy_rcsdc_392","392","MUNICIPIO","l10npy_rcsd_14"
"l10npy_rcsdc_393","393","NARANJATY APUA","l10npy_rcsd_14"
"l10npy_rcsdc_394","394","NAVIDAD","l10npy_rcsd_14"
"l10npy_rcsdc_395","395","NOGUEIRE - CUE","l10npy_rcsd_14"
"l10npy_rcsdc_396","396","NOVIRETA - CUE","l10npy_rcsd_14"
"l10npy_rcsdc_397","397","NOVIRETA","l10npy_rcsd_14"
"l10npy_rcsdc_398","398","OCULTO","l10npy_rcsd_14"
"l10npy_rcsdc_399","399","ORTELLADO - CUE","l10npy_rcsd_14"
"l10npy_rcsdc_400","400","ORUE - CUE","l10npy_rcsd_14"
"l10npy_rcsdc_401","401","OVANDO - CUE","l10npy_rcsd_14"
"l10npy_rcsdc_402","402","PANAMBI","l10npy_rcsd_14"
"l10npy_rcsdc_403","403","PARAJE CARABY","l10npy_rcsd_14"
"l10npy_rcsdc_404","404","PARAJE GUAICA","l10npy_rcsd_14"
"l10npy_rcsdc_405","405","PARAJE YBU","l10npy_rcsd_14"
"l10npy_rcsdc_406","406","PEREZ - CUE","l10npy_rcsd_14"
"l10npy_rcsdc_407","407","PETY DY","l10npy_rcsd_14"
"l10npy_rcsdc_408","408","PINDOSA","l10npy_rcsd_14"
"l10npy_rcsdc_409","409","PINDOTI","l10npy_rcsd_14"
"l10npy_rcsdc_410","410","PINDURA","l10npy_rcsd_14"
"l10npy_rcsdc_411","411","POTRERO","l10npy_rcsd_14"
"l10npy_rcsdc_412","412","POTRERO OSUNA","l10npy_rcsd_14"
"l10npy_rcsdc_413","413","POTRERO POI","l10npy_rcsd_14"
"l10npy_rcsdc_414","414","POTRERO YBATE","l10npy_rcsd_14"
"l10npy_rcsdc_415","415","PUESTO LAUREL","l10npy_rcsd_14"
"l10npy_rcsdc_416","416","QUIÑONEZ - CUE","l10npy_rcsd_14"
"l10npy_rcsdc_417","417","RIO CORRIENTES","l10npy_rcsd_14"
"l10npy_rcsdc_418","418","RUA","l10npy_rcsd_14"
"l10npy_rcsdc_419","419","SAMUHU","l10npy_rcsd_14"
"l10npy_rcsdc_420","420","SAN ANTONIO","l10npy_rcsd_14"
"l10npy_rcsdc_421","421","SAN CARLOS","l10npy_rcsd_14"
"l10npy_rcsdc_422","422","SAN ISIDRO","l10npy_rcsd_14"
"l10npy_rcsdc_423","423","SAN JOAQUIN","l10npy_rcsd_14"
"l10npy_rcsdc_424","424","SAN JUAN","l10npy_rcsd_14"
"l10npy_rcsdc_425","425","SAN RAFAEL","l10npy_rcsd_14"
"l10npy_rcsdc_426","426","SANTA ANA","l10npy_rcsd_14"
"l10npy_rcsdc_427","427","SANTA BARBARA","l10npy_rcsd_14"
"l10npy_rcsdc_428","428","SANTA ROSA","l10npy_rcsd_14"
"l10npy_rcsdc_429","429","SANTA TERESA","l10npy_rcsd_14"
"l10npy_rcsdc_430","430","SIRA TY","l10npy_rcsd_14"
"l10npy_rcsdc_431","431","SOMURIO","l10npy_rcsd_14"
"l10npy_rcsdc_432","432","SYRATY","l10npy_rcsd_14"
"l10npy_rcsdc_433","433","TABAI","l10npy_rcsd_14"
"l10npy_rcsdc_434","434","TACUAPI-I","l10npy_rcsd_14"
"l10npy_rcsdc_435","435","TACUARAS","l10npy_rcsd_14"
"l10npy_rcsdc_436","436","TACURUTY","l10npy_rcsd_14"
"l10npy_rcsdc_437","437","TANARA","l10npy_rcsd_14"
"l10npy_rcsdc_438","438","TOBAY","l10npy_rcsd_14"
"l10npy_rcsdc_439","439","TORIN - CUE","l10npy_rcsd_14"
"l10npy_rcsdc_440","440","TORO PIRU","l10npy_rcsd_14"
"l10npy_rcsdc_441","441","VACA JHU","l10npy_rcsd_14"
"l10npy_rcsdc_442","442","VACA RETA","l10npy_rcsd_14"
"l10npy_rcsdc_443","443","VILLAR - CUE","l10npy_rcsd_14"
"l10npy_rcsdc_444","444","YACAREY","l10npy_rcsd_14"
"l10npy_rcsdc_445","445","YAGUARETA","l10npy_rcsd_14"
"l10npy_rcsdc_446","446","YATAITY","l10npy_rcsd_14"
"l10npy_rcsdc_447","447","YBAREG","l10npy_rcsd_14"
"l10npy_rcsdc_448","448","YBARUNDY","l10npy_rcsd_14"
"l10npy_rcsdc_449","449","YBYRAYU","l10npy_rcsd_14"
"l10npy_rcsdc_450","450","YBYRA","l10npy_rcsd_14"
"l10npy_rcsdc_451","451","YBU","l10npy_rcsd_14"
"l10npy_rcsdc_452","452","YCUA RUGUA","l10npy_rcsd_14"
"l10npy_rcsdc_453","453","YERBAL","l10npy_rcsd_14"
"l10npy_rcsdc_454","454","YERBAL LAUREL","l10npy_rcsd_14"
"l10npy_rcsdc_455","455","YERBAL PINDO","l10npy_rcsd_14"
"l10npy_rcsdc_456","456","YERBAL POTRERITO","l10npy_rcsd_14"
"l10npy_rcsdc_457","457","YSATY TUYA","l10npy_rcsd_14"
"l10npy_rcsdc_458","458","YTAPEBY","l10npy_rcsd_14"
"l10npy_rcsdc_459","459","YTAPY","l10npy_rcsd_14"
"l10npy_rcsdc_460","460","ZANJA JHU","l10npy_rcsd_14"
"l10npy_rcsdc_461","461","ZONA A","l10npy_rcsd_14"
"l10npy_rcsdc_462","462","ZONA YACARE","l10npy_rcsd_14"
"l10npy_rcsdc_463","463","ÑANDY PA","l10npy_rcsd_14"
"l10npy_rcsdc_464","464","ÑATIURYMI","l10npy_rcsd_14"
"l10npy_rcsdc_465","465","ÑU PYHAJHU","l10npy_rcsd_14"
"l10npy_rcsdc_466","466","ÑUMI","l10npy_rcsd_14"
"l10npy_rcsdc_467","467","ÑU POI","l10npy_rcsd_14"
"l10npy_rcsdc_2151","2151","SAN ESTANISLAO","l10npy_rcsd_14"
"l10npy_rcsdc_2152","2152","12 DE DICIEMBRE","l10npy_rcsd_14"
"l10npy_rcsdc_2153","2153","APARAU","l10npy_rcsd_14"
"l10npy_rcsdc_6178","6178","YBYRABY","l10npy_rcsd_14"
"l10npy_rcsdc_6179","6179","YCYA POI","l10npy_rcsd_14"
"l10npy_rcsdc_6180","6180","YHU","l10npy_rcsd_14"
"l10npy_rcsdc_6181","6181","YURU CAI","l10npy_rcsd_14"
"l10npy_rcsdc_6182","6182","ZONA Y SAN JOSE","l10npy_rcsd_14"
"l10npy_rcsdc_468","468","AGUARAY GUAZU","l10npy_rcsd_15"
"l10npy_rcsdc_469","469","ASTIGARRAGA - CUE","l10npy_rcsd_15"
"l10npy_rcsdc_470","470","AÑARETA","l10npy_rcsd_15"
"l10npy_rcsdc_471","471","CAPIITINDY","l10npy_rcsd_15"
"l10npy_rcsdc_472","472","CARAI TUYA","l10npy_rcsd_15"
"l10npy_rcsdc_473","473","CEDRON - CUE","l10npy_rcsd_15"
"l10npy_rcsdc_474","474","COL. MAYOR HERMOSA","l10npy_rcsd_15"
"l10npy_rcsdc_475","475","COL. SUSANA","l10npy_rcsd_15"
"l10npy_rcsdc_476","476","COL. YBYPE","l10npy_rcsd_15"
"l10npy_rcsdc_477","477","COSTA PUCU","l10npy_rcsd_15"
"l10npy_rcsdc_478","478","ISLA SALE","l10npy_rcsd_15"
"l10npy_rcsdc_479","479","ITANARA","l10npy_rcsd_15"
"l10npy_rcsdc_480","480","LIMA - TUYA","l10npy_rcsd_15"
"l10npy_rcsdc_481","481","MARTINEZ - CUE","l10npy_rcsd_15"
"l10npy_rcsdc_482","482","MBOCAYATY","l10npy_rcsd_15"
"l10npy_rcsdc_483","483","ORQUETA","l10npy_rcsd_15"
"l10npy_rcsdc_484","484","REDUCCION - CUE","l10npy_rcsd_15"
"l10npy_rcsdc_485","485","RINCONADA","l10npy_rcsd_15"
"l10npy_rcsdc_486","486","ROSA DE AGUARA","l10npy_rcsd_15"
"l10npy_rcsdc_487","487","SAN JOSE","l10npy_rcsd_15"
"l10npy_rcsdc_488","488","SANTA MARIA","l10npy_rcsd_15"
"l10npy_rcsdc_489","489","SANTA ROSA","l10npy_rcsd_15"
"l10npy_rcsdc_490","490","SEP. CUAPE CUAPUCU","l10npy_rcsd_15"
"l10npy_rcsdc_491","491","SEPULTURA","l10npy_rcsd_15"
"l10npy_rcsdc_492","492","YUQUERY","l10npy_rcsd_15"
"l10npy_rcsdc_6183","6183","LIMA","l10npy_rcsd_15"
"l10npy_rcsdc_6184","6184","BOCA - CUE","l10npy_rcsd_15"
"l10npy_rcsdc_6185","6185","COL. NARANJITO","l10npy_rcsd_15"
"l10npy_rcsdc_6186","6186","LAGUNA - CUE","l10npy_rcsd_15"
"l10npy_rcsdc_6187","6187","PASO TUNA","l10npy_rcsd_15"
"l10npy_rcsdc_6188","6188","SAN RAMON Y OTROS","l10npy_rcsd_15"
"l10npy_rcsdc_6189","6189","ÑUAY","l10npy_rcsd_15"
"l10npy_rcsdc_493","493","NUEVA GERMANIA","l10npy_rcsd_16"
"l10npy_rcsdc_494","494","CHACO-I","l10npy_rcsd_16"
"l10npy_rcsdc_495","495","CHAMORRO CUE","l10npy_rcsd_16"
"l10npy_rcsdc_496","496","COL. NUEVA ITALIA","l10npy_rcsd_16"
"l10npy_rcsdc_497","497","COSTA NORTE","l10npy_rcsd_16"
"l10npy_rcsdc_498","498","LAGUNA BLANCA","l10npy_rcsd_16"
"l10npy_rcsdc_499","499","RINCON","l10npy_rcsd_16"
"l10npy_rcsdc_500","500","SANTA ROSA","l10npy_rcsd_16"
"l10npy_rcsdc_6190","6190","COL. NUEVA GERMANIA","l10npy_rcsd_16"
"l10npy_rcsdc_6191","6191","TACURUTY","l10npy_rcsd_16"
"l10npy_rcsdc_501","501","TACUATI","l10npy_rcsd_17"
"l10npy_rcsdc_502","502","8 DE DICIEMBRE","l10npy_rcsd_17"
"l10npy_rcsdc_503","503","ACA POI","l10npy_rcsd_17"
"l10npy_rcsdc_504","504","AGUARA RUGUAY","l10npy_rcsd_17"
"l10npy_rcsdc_505","505","AGUERITO","l10npy_rcsd_17"
"l10npy_rcsdc_506","506","APAREJO","l10npy_rcsd_17"
"l10npy_rcsdc_507","507","ARROYO ITA","l10npy_rcsd_17"
"l10npy_rcsdc_508","508","BARRERITO","l10npy_rcsd_17"
"l10npy_rcsdc_509","509","CACHITO - CUE","l10npy_rcsd_17"
"l10npy_rcsdc_510","510","CARAGUATAY","l10npy_rcsd_17"
"l10npy_rcsdc_511","511","CAÑADA","l10npy_rcsd_17"
"l10npy_rcsdc_512","512","CAÑADA APAREJO","l10npy_rcsd_17"
"l10npy_rcsdc_513","513","CAÑADA A. CORDRO","l10npy_rcsd_17"
"l10npy_rcsdc_514","514","COL. SAN JUAN","l10npy_rcsd_17"
"l10npy_rcsdc_515","515","CORORO","l10npy_rcsd_17"
"l10npy_rcsdc_516","516","COSTA POI","l10npy_rcsd_17"
"l10npy_rcsdc_517","517","DIANA","l10npy_rcsd_17"
"l10npy_rcsdc_518","518","JHUGERIYLOVY","l10npy_rcsd_17"
"l10npy_rcsdc_519","519","JHUGUA JHOBY","l10npy_rcsd_17"
"l10npy_rcsdc_520","520","JIMENEZ","l10npy_rcsd_17"
"l10npy_rcsdc_521","521","JUGUA FELIPE","l10npy_rcsd_17"
"l10npy_rcsdc_522","522","JUGUA SAN FELIPE","l10npy_rcsd_17"
"l10npy_rcsdc_523","523","LAGUNA SAN JOSE","l10npy_rcsd_17"
"l10npy_rcsdc_524","524","LOMA PYTA","l10npy_rcsd_17"
"l10npy_rcsdc_1228","1228","MARCIA CUE","l10npy_rcsd_17"
"l10npy_rcsdc_1229","1229","MINGUE VUELTA","l10npy_rcsd_17"
"l10npy_rcsdc_1230","1230","MUNICIPIO","l10npy_rcsd_17"
"l10npy_rcsdc_1231","1231","PASO ITA","l10npy_rcsd_17"
"l10npy_rcsdc_1232","1232","PATRIA - CUE","l10npy_rcsd_17"
"l10npy_rcsdc_1233","1233","PAVON CUE","l10npy_rcsd_17"
"l10npy_rcsdc_1234","1234","PIRIPUCU","l10npy_rcsd_17"
"l10npy_rcsdc_1235","1235","POSITOS","l10npy_rcsd_17"
"l10npy_rcsdc_1236","1236","POTRERO NARANJO","l10npy_rcsd_17"
"l10npy_rcsdc_1237","1237","PUNTA RIEL","l10npy_rcsd_17"
"l10npy_rcsdc_1238","1238","PYCUCU","l10npy_rcsd_17"
"l10npy_rcsdc_1239","1239","QUEVEDO - CUE","l10npy_rcsd_17"
"l10npy_rcsdc_1240","1240","RINCON CHAQUEÑO","l10npy_rcsd_17"
"l10npy_rcsdc_1241","1241","SAN ILDELFONSO","l10npy_rcsd_17"
"l10npy_rcsdc_1242","1242","SANTA ROSA DE AGUAIMI","l10npy_rcsd_17"
"l10npy_rcsdc_1243","1243","SANTA ROSA DEL AGUARAY","l10npy_rcsd_17"
"l10npy_rcsdc_1244","1244","TACUARA","l10npy_rcsd_17"
"l10npy_rcsdc_1245","1245","TACUARITA","l10npy_rcsd_17"
"l10npy_rcsdc_1246","1246","TAPIRACUAY","l10npy_rcsd_17"
"l10npy_rcsdc_1247","1247","TORO - ÑU","l10npy_rcsd_17"
"l10npy_rcsdc_1248","1248","YACARAY YERBAL","l10npy_rcsd_17"
"l10npy_rcsdc_1249","1249","YAGUARETE","l10npy_rcsd_17"
"l10npy_rcsdc_1250","1250","YAGUARETE JHU","l10npy_rcsd_17"
"l10npy_rcsdc_1251","1251","YAPEPO","l10npy_rcsd_17"
"l10npy_rcsdc_1252","1252","YBAPOBO","l10npy_rcsd_17"
"l10npy_rcsdc_1253","1253","YEGUA ÑU","l10npy_rcsd_17"
"l10npy_rcsdc_1254","1254","YERBAL CABEZADA","l10npy_rcsd_17"
"l10npy_rcsdc_1255","1255","YPANE","l10npy_rcsd_17"
"l10npy_rcsdc_6192","6192","AGUARA BEBE","l10npy_rcsd_17"
"l10npy_rcsdc_1256","1256","UNION","l10npy_rcsd_18"
"l10npy_rcsdc_1257","1257","BARRERO","l10npy_rcsd_18"
"l10npy_rcsdc_1258","1258","BUEN RODEO","l10npy_rcsd_18"
"l10npy_rcsdc_1259","1259","CAÑADA","l10npy_rcsd_18"
"l10npy_rcsdc_1260","1260","CHAVES - CUE","l10npy_rcsd_18"
"l10npy_rcsdc_1261","1261","CHUMI","l10npy_rcsd_18"
"l10npy_rcsdc_1262","1262","COL. 12 DE JUNIO","l10npy_rcsd_18"
"l10npy_rcsdc_1263","1263","COL. CORA - CUE","l10npy_rcsd_18"
"l10npy_rcsdc_1264","1264","COL. POTRERO JARDIN","l10npy_rcsd_18"
"l10npy_rcsdc_1265","1265","COL. SAN ANTONIO","l10npy_rcsd_18"
"l10npy_rcsdc_1266","1266","COL. SAN JORGE","l10npy_rcsd_18"
"l10npy_rcsdc_1267","1267","COL. SAN MIGUEL","l10npy_rcsd_18"
"l10npy_rcsdc_1268","1268","COL. STA. CATALINA","l10npy_rcsd_18"
"l10npy_rcsdc_1269","1269","EDGAR INSFRAN","l10npy_rcsd_18"
"l10npy_rcsdc_1270","1270","GUAVIRA","l10npy_rcsd_18"
"l10npy_rcsdc_1271","1271","ITACURUBI","l10npy_rcsd_18"
"l10npy_rcsdc_1272","1272","LAGUNA JHU","l10npy_rcsd_18"
"l10npy_rcsdc_1273","1273","MAYOR HERMOSA","l10npy_rcsd_18"
"l10npy_rcsdc_1274","1274","MUNICIPIO","l10npy_rcsd_18"
"l10npy_rcsdc_1275","1275","NARANJA JHAITY","l10npy_rcsd_18"
"l10npy_rcsdc_1276","1276","PASO NARANJO A","l10npy_rcsd_18"
"l10npy_rcsdc_1277","1277","POTRERITO","l10npy_rcsd_18"
"l10npy_rcsdc_1278","1278","PURGATORIO","l10npy_rcsd_18"
"l10npy_rcsdc_1279","1279","SAN MIGUEL","l10npy_rcsd_18"
"l10npy_rcsdc_1280","1280","SANTA MARIA","l10npy_rcsd_18"
"l10npy_rcsdc_1281","1281","SOTO - CUE","l10npy_rcsd_18"
"l10npy_rcsdc_1282","1282","TACUARY","l10npy_rcsd_18"
"l10npy_rcsdc_1283","1283","TOBA - CUE","l10npy_rcsd_18"
"l10npy_rcsdc_1284","1284","TOVAR - CUE","l10npy_rcsd_18"
"l10npy_rcsdc_1285","1285","URUNDEY","l10npy_rcsd_18"
"l10npy_rcsdc_1286","1286","YATAYTY","l10npy_rcsd_18"
"l10npy_rcsdc_6241","6241","ZONA A Y OTROS","l10npy_rcsd_18"
"l10npy_rcsdc_1287","1287","25 DE DICIEMBRE","l10npy_rcsd_19"
"l10npy_rcsdc_1288","1288","AZCURRIN","l10npy_rcsd_19"
"l10npy_rcsdc_1289","1289","CARABIY","l10npy_rcsd_19"
"l10npy_rcsdc_1290","1290","CAÑADA LOURDES","l10npy_rcsd_19"
"l10npy_rcsdc_1291","1291","CELADA - CUE","l10npy_rcsd_19"
"l10npy_rcsdc_1292","1292","CELADOS","l10npy_rcsd_19"
"l10npy_rcsdc_1293","1293","CIRATI","l10npy_rcsd_19"
"l10npy_rcsdc_1294","1294","COL. 25 DE DICIEMBRE","l10npy_rcsd_19"
"l10npy_rcsdc_1295","1295","COL. MADRINA DE GUERRA","l10npy_rcsd_19"
"l10npy_rcsdc_1296","1296","CURUZU","l10npy_rcsd_19"
"l10npy_rcsdc_1297","1297","ESTACION AEREA","l10npy_rcsd_19"
"l10npy_rcsdc_1298","1298","ESTANCIA CARMEN","l10npy_rcsd_19"
"l10npy_rcsdc_1299","1299","ITAPEBY","l10npy_rcsd_19"
"l10npy_rcsdc_1300","1300","MBOIY","l10npy_rcsd_19"
"l10npy_rcsdc_1301","1301","MBUTUY","l10npy_rcsd_19"
"l10npy_rcsdc_1302","1302","MOLAS - CUE","l10npy_rcsd_19"
"l10npy_rcsdc_1303","1303","MONTE ALTO","l10npy_rcsd_19"
"l10npy_rcsdc_1304","1304","PERU MARTIN CUE","l10npy_rcsd_19"
"l10npy_rcsdc_1305","1305","POTRERO YBATE","l10npy_rcsd_19"
"l10npy_rcsdc_1306","1306","SAN ISIDRO","l10npy_rcsd_19"
"l10npy_rcsdc_1307","1307","SAN JUAN BOSCO","l10npy_rcsd_19"
"l10npy_rcsdc_1308","1308","SANTA MARIA","l10npy_rcsd_19"
"l10npy_rcsdc_1309","1309","SANTA ROSA","l10npy_rcsd_19"
"l10npy_rcsdc_1310","1310","TAVAI - I","l10npy_rcsd_19"
"l10npy_rcsdc_1311","1311","VACA JHU","l10npy_rcsd_19"
"l10npy_rcsdc_6242","6242","CELADOR CUE","l10npy_rcsd_19"
"l10npy_rcsdc_6243","6243","COL. NAVIDAD","l10npy_rcsd_19"
"l10npy_rcsdc_6244","6244","LAGUNA","l10npy_rcsd_19"
"l10npy_rcsdc_6245","6245","PARAJE CARABIY","l10npy_rcsd_19"
"l10npy_rcsdc_6246","6246","SAN PEDRO","l10npy_rcsd_19"
"l10npy_rcsdc_6247","6247","YBYRAYU","l10npy_rcsd_19"
"l10npy_rcsdc_1312","1312","VILLA DEL ROSARIO","l10npy_rcsd_20"
"l10npy_rcsdc_1313","1313","2DA. RECONSTRUCCION","l10npy_rcsd_20"
"l10npy_rcsdc_1314","1314","ANDUCUA - I","l10npy_rcsd_20"
"l10npy_rcsdc_1315","1315","ANDU CRIA","l10npy_rcsd_20"
"l10npy_rcsdc_1316","1316","ARAZA PETY","l10npy_rcsd_20"
"l10npy_rcsdc_1317","1317","ARAZA TY","l10npy_rcsd_20"
"l10npy_rcsdc_1318","1318","BARRANQUERITA","l10npy_rcsd_20"
"l10npy_rcsdc_1319","1319","BURRO YGUA","l10npy_rcsd_20"
"l10npy_rcsdc_1320","1320","CABALLERO - CUE","l10npy_rcsd_20"
"l10npy_rcsdc_1321","1321","CACAO CUE","l10npy_rcsd_20"
"l10npy_rcsdc_1322","1322","CAMBA CORA","l10npy_rcsd_20"
"l10npy_rcsdc_1323","1323","CANANDAYTY","l10npy_rcsd_20"
"l10npy_rcsdc_1324","1324","CARANDAYTY","l10npy_rcsd_20"
"l10npy_rcsdc_1325","1325","CARRACELA - CUE","l10npy_rcsd_20"
"l10npy_rcsdc_1326","1326","CARRILLO","l10npy_rcsd_20"
"l10npy_rcsdc_1327","1327","CAZAL - CUE","l10npy_rcsd_20"
"l10npy_rcsdc_1328","1328","CHALO - CUE","l10npy_rcsd_20"
"l10npy_rcsdc_1329","1329","CHORE","l10npy_rcsd_20"
"l10npy_rcsdc_1330","1330","COL. COCUERE","l10npy_rcsd_20"
"l10npy_rcsdc_1331","1331","COL. GRAL. AQUINO","l10npy_rcsd_20"
"l10npy_rcsdc_1332","1332","COL. J. DEL ROSARIO","l10npy_rcsd_20"
"l10npy_rcsdc_1333","1333","COL. LIBERACION","l10npy_rcsd_20"
"l10npy_rcsdc_1334","1334","COL. LISIADOS DE GUERRA","l10npy_rcsd_20"
"l10npy_rcsdc_1335","1335","COL. PEGUAJHO","l10npy_rcsd_20"
"l10npy_rcsdc_1336","1336","COL. SAN PABLO","l10npy_rcsd_20"
"l10npy_rcsdc_1337","1337","COL. TRINAGUIA","l10npy_rcsd_20"
"l10npy_rcsdc_1338","1338","COL. YURUJHEY","l10npy_rcsd_20"
"l10npy_rcsdc_1339","1339","COL. JHUGUA GUAZU","l10npy_rcsd_20"
"l10npy_rcsdc_1340","1340","COSTA PIRU","l10npy_rcsd_20"
"l10npy_rcsdc_1341","1341","COSTA PUCU","l10npy_rcsd_20"
"l10npy_rcsdc_1342","1342","CURUGUATY","l10npy_rcsd_20"
"l10npy_rcsdc_1343","1343","ESTANCIA LOMAS","l10npy_rcsd_20"
"l10npy_rcsdc_1344","1344","ESTEFANA - CUE","l10npy_rcsd_20"
"l10npy_rcsdc_1345","1345","FELICIA - CUE","l10npy_rcsd_20"
"l10npy_rcsdc_1346","1346","FRANCO - CUE","l10npy_rcsd_20"
"l10npy_rcsdc_1347","1347","GARCIA","l10npy_rcsd_20"
"l10npy_rcsdc_1348","1348","GONZALES - CUE","l10npy_rcsd_20"
"l10npy_rcsdc_1349","1349","GUAPEPOTY","l10npy_rcsd_20"
"l10npy_rcsdc_1350","1350","HAEDO - CUE","l10npy_rcsd_20"
"l10npy_rcsdc_1351","1351","ICUA TIMBO","l10npy_rcsd_20"
"l10npy_rcsdc_1352","1352","ISLA SACA","l10npy_rcsd_20"
"l10npy_rcsdc_1353","1353","ISLA TIMBO","l10npy_rcsd_20"
"l10npy_rcsdc_1354","1354","JUGUA POI","l10npy_rcsd_20"
"l10npy_rcsdc_1355","1355","JURUJEY","l10npy_rcsd_20"
"l10npy_rcsdc_1356","1356","LA NIÑA","l10npy_rcsd_20"
"l10npy_rcsdc_1357","1357","LAGUNA MOJON","l10npy_rcsd_20"
"l10npy_rcsdc_1358","1358","LIOPICEMI","l10npy_rcsd_20"
"l10npy_rcsdc_1359","1359","MANDYYUTY - CUE","l10npy_rcsd_20"
"l10npy_rcsdc_1360","1360","MANDYYUTI","l10npy_rcsd_20"
"l10npy_rcsdc_1361","1361","MARTINEZ - CUE","l10npy_rcsd_20"
"l10npy_rcsdc_1362","1362","MBOCAYA","l10npy_rcsd_20"
"l10npy_rcsdc_1363","1363","MBOPICUA","l10npy_rcsd_20"
"l10npy_rcsdc_1364","1364","MENDIETA - CUE","l10npy_rcsd_20"
"l10npy_rcsdc_1365","1365","MEREQUI - CUE","l10npy_rcsd_20"
"l10npy_rcsdc_1366","1366","MESA","l10npy_rcsd_20"
"l10npy_rcsdc_1367","1367","MEZA - CUE","l10npy_rcsd_20"
"l10npy_rcsdc_1368","1368","MOÑAI CUARE","l10npy_rcsd_20"
"l10npy_rcsdc_1643","1643","MUNICIPIO","l10npy_rcsd_20"
"l10npy_rcsdc_1644","1644","MUÑAG - CUA","l10npy_rcsd_20"
"l10npy_rcsdc_1645","1645","PASO RIVEROS","l10npy_rcsd_20"
"l10npy_rcsdc_1646","1646","PIRAY","l10npy_rcsd_20"
"l10npy_rcsdc_1647","1647","PIRITI - CUE","l10npy_rcsd_20"
"l10npy_rcsdc_1648","1648","POTRERO - PUCU","l10npy_rcsd_20"
"l10npy_rcsdc_1649","1649","POTRERO CAAPIIPOBO","l10npy_rcsd_20"
"l10npy_rcsdc_1650","1650","POTRERO CARRILLO","l10npy_rcsd_20"
"l10npy_rcsdc_1651","1651","POTRERO CAZAL","l10npy_rcsd_20"
"l10npy_rcsdc_1652","1652","PUERTO - MI","l10npy_rcsd_20"
"l10npy_rcsdc_1653","1653","PUERTO CUE","l10npy_rcsd_20"
"l10npy_rcsdc_1654","1654","PUERTO ROSARIO","l10npy_rcsd_20"
"l10npy_rcsdc_1655","1655","STA. CATALINA","l10npy_rcsd_20"
"l10npy_rcsdc_1656","1656","TACURU","l10npy_rcsd_20"
"l10npy_rcsdc_1657","1657","TAPERE","l10npy_rcsd_20"
"l10npy_rcsdc_1658","1658","TAYI CARE","l10npy_rcsd_20"
"l10npy_rcsdc_1659","1659","URUCUY","l10npy_rcsd_20"
"l10npy_rcsdc_1660","1660","VALLE MI","l10npy_rcsd_20"
"l10npy_rcsdc_1661","1661","VOLENDAM","l10npy_rcsd_20"
"l10npy_rcsdc_1662","1662","YCUA PORA","l10npy_rcsd_20"
"l10npy_rcsdc_1663","1663","YCUA RETA","l10npy_rcsd_20"
"l10npy_rcsdc_1664","1664","YECOREY","l10npy_rcsd_20"
"l10npy_rcsdc_1665","1665","YETYTY","l10npy_rcsd_20"
"l10npy_rcsdc_1666","1666","YAHACA GUAZU","l10npy_rcsd_20"
"l10npy_rcsdc_1667","1667","YRUCUY","l10npy_rcsd_20"
"l10npy_rcsdc_1668","1668","ÑAMBUE","l10npy_rcsd_20"
"l10npy_rcsdc_1669","1669","ÑANDEYARA","l10npy_rcsd_20"
"l10npy_rcsdc_1670","1670","ÑANDUA -CUA","l10npy_rcsd_20"
"l10npy_rcsdc_1671","1671","ÑANDUCUAI","l10npy_rcsd_20"
"l10npy_rcsdc_1672","1672","ÑEEMBUCU","l10npy_rcsd_20"
"l10npy_rcsdc_1673","1673","ÑUAMBUA","l10npy_rcsd_20"
"l10npy_rcsdc_6248","6248","ARAZA","l10npy_rcsd_20"
"l10npy_rcsdc_6249","6249","BARRIOS CUE","l10npy_rcsd_20"
"l10npy_rcsdc_6250","6250","CAMPO CIERVO","l10npy_rcsd_20"
"l10npy_rcsdc_6251","6251","CAÑADA AREVALOS","l10npy_rcsd_20"
"l10npy_rcsdc_6252","6252","COL. INDEPENDENCIA","l10npy_rcsd_20"
"l10npy_rcsdc_6270","6270","MOÑO MI CUE","l10npy_rcsd_20"
"l10npy_rcsdc_6271","6271","PIRAYU - CUE","l10npy_rcsd_20"
"l10npy_rcsdc_6272","6272","PUERTO","l10npy_rcsd_20"
"l10npy_rcsdc_6273","6273","REDONDO Y ÑANDUA","l10npy_rcsd_20"
"l10npy_rcsdc_6274","6274","URUNDEY","l10npy_rcsd_20"
"l10npy_rcsdc_1674","1674","YATAITY DEL NORTE","l10npy_rcsd_21"
"l10npy_rcsdc_1675","1675","CALLE SAN ANTONIO","l10npy_rcsd_21"
"l10npy_rcsdc_1676","1676","CALLE SAN FELIPE","l10npy_rcsd_21"
"l10npy_rcsdc_1677","1677","COL. YATAYTY","l10npy_rcsd_21"
"l10npy_rcsdc_1678","1678","COLONIA","l10npy_rcsd_21"
"l10npy_rcsdc_1679","1679","F. MATIAUDA","l10npy_rcsd_21"
"l10npy_rcsdc_1680","1680","GUAVIRA","l10npy_rcsd_21"
"l10npy_rcsdc_1681","1681","GUAZU RETA","l10npy_rcsd_21"
"l10npy_rcsdc_1682","1682","YATAYTY CORA","l10npy_rcsd_21"
"l10npy_rcsdc_1683","1683","ZONA A","l10npy_rcsd_21"
"l10npy_rcsdc_1684","1684","ISIDORO RESQUIN","l10npy_rcsd_22"
"l10npy_rcsdc_1685","1685","COL. NARANJITO","l10npy_rcsd_22"
"l10npy_rcsdc_1686","1686","COL. PALOMA","l10npy_rcsd_22"
"l10npy_rcsdc_1687","1687","COL. RADIO URBANO","l10npy_rcsd_22"
"l10npy_rcsdc_1688","1688","COL. SUSANA","l10npy_rcsd_22"
"l10npy_rcsdc_1689","1689","COL. YBYPE","l10npy_rcsd_22"
"l10npy_rcsdc_1690","1690","COL.AÑARETA","l10npy_rcsd_22"
"l10npy_rcsdc_1691","1691","ORQUETA","l10npy_rcsd_22"
"l10npy_rcsdc_1692","1692","CHORE","l10npy_rcsd_23"
"l10npy_rcsdc_1693","1693","COLONIA","l10npy_rcsd_23"
"l10npy_rcsdc_1694","1694","SAN ANTONIO","l10npy_rcsd_23"
"l10npy_rcsdc_1695","1695","SAN PABLO","l10npy_rcsd_23"
"l10npy_rcsdc_1696","1696","SAN PABLO","l10npy_rcsd_24"
"l10npy_rcsdc_1697","1697","COLONIA","l10npy_rcsd_24"
"l10npy_rcsdc_1698","1698","SAN ANTONIO","l10npy_rcsd_24"
"l10npy_rcsdc_1699","1699","SAN JOSE DEL ROSARIO","l10npy_rcsd_25"
"l10npy_rcsdc_1700","1700","ALFONSO CENTRAL","l10npy_rcsd_25"
"l10npy_rcsdc_1701","1701","ALFONSO TRANQUERA","l10npy_rcsd_25"
"l10npy_rcsdc_1702","1702","ESTANCIA SAN JOSE","l10npy_rcsd_25"
"l10npy_rcsdc_1703","1703","ESTANCIA GAZORY","l10npy_rcsd_25"
"l10npy_rcsdc_1704","1704","SAN ANTONIO","l10npy_rcsd_25"
"l10npy_rcsdc_1705","1705","SAN JOSE OBRERO","l10npy_rcsd_25"
"l10npy_rcsdc_1706","1706","SAN JUAN","l10npy_rcsd_25"
"l10npy_rcsdc_1707","1707","SAN ISIDRO","l10npy_rcsd_25"
"l10npy_rcsdc_1708","1708","SANTO DOMINGO","l10npy_rcsd_25"
"l10npy_rcsdc_1709","1709","TRES REYES","l10npy_rcsd_25"
"l10npy_rcsdc_5496","5496","YRYBUCUA","l10npy_rcsd_245"
"l10npy_rcsdc_5700","5700","COL. SAN PEDRO","l10npy_rcsd_220"
"l10npy_rcsdc_5701","5701","COL. DEFENSORES DEL CHACO","l10npy_rcsd_220"
"l10npy_rcsdc_5702","5702","TAVAI","l10npy_rcsd_220"
"l10npy_rcsdc_5712","5712","GUAYAIBI","l10npy_rcsd_220"
"l10npy_rcsdc_5703","5703","APY A","l10npy_rcsd_226"
"l10npy_rcsdc_5713","5713","CAPII VARY","l10npy_rcsd_226"
"l10npy_rcsdc_5893","5893","COL. NRO. 2","l10npy_rcsd_226"
"l10npy_rcsdc_268","268","ESTACION SANTA ANA GRAL.ROLON","l10npy_rcsd_32"
"l10npy_rcsdc_269","269","ESTANCIA STORM","l10npy_rcsd_32"
"l10npy_rcsdc_270","270","EUSEBIO AYALA (MUNICIPIO)","l10npy_rcsd_32"
"l10npy_rcsdc_271","271","ISLA","l10npy_rcsd_32"
"l10npy_rcsdc_272","272","ITA YGASA","l10npy_rcsd_32"
"l10npy_rcsdc_273","273","JHUY BATY","l10npy_rcsd_32"
"l10npy_rcsdc_274","274","LA INDIA","l10npy_rcsd_32"
"l10npy_rcsdc_275","275","POTRERO SAN JOSE","l10npy_rcsd_32"
"l10npy_rcsdc_276","276","POTRERO DEL CARMEN","l10npy_rcsd_32"
"l10npy_rcsdc_277","277","PUNTA","l10npy_rcsd_32"
"l10npy_rcsdc_278","278","RUBIO ÑU","l10npy_rcsd_32"
"l10npy_rcsdc_279","279","TUYUCUA","l10npy_rcsd_32"
"l10npy_rcsdc_280","280","YACAREY","l10npy_rcsd_32"
"l10npy_rcsdc_281","281","ÑU-AI","l10npy_rcsd_32"
"l10npy_rcsdc_1839","1839","EUSEBIO AYALA","l10npy_rcsd_32"
"l10npy_rcsdc_1840","1840","ACOSTA ÑU","l10npy_rcsd_32"
"l10npy_rcsdc_1841","1841","AGUAITY","l10npy_rcsd_32"
"l10npy_rcsdc_1842","1842","BARRETO ÑU","l10npy_rcsd_32"
"l10npy_rcsdc_1843","1843","BARRIO SAN BLAS","l10npy_rcsd_32"
"l10npy_rcsdc_1844","1844","BARRIO SANTA TERESITA","l10npy_rcsd_32"
"l10npy_rcsdc_1845","1845","BOQUERON","l10npy_rcsd_32"
"l10npy_rcsdc_1846","1846","BOQUERON 2DA.","l10npy_rcsd_32"
"l10npy_rcsdc_1847","1847","CABAÑA CUE","l10npy_rcsd_32"
"l10npy_rcsdc_1848","1848","CAHUNDY","l10npy_rcsd_32"
"l10npy_rcsdc_1849","1849","CAPIIPE","l10npy_rcsd_32"
"l10npy_rcsdc_1850","1850","CAPILLA LOMA","l10npy_rcsd_32"
"l10npy_rcsdc_1851","1851","CERRO GUY","l10npy_rcsd_32"
"l10npy_rcsdc_1852","1852","CERRO PORTEÑO","l10npy_rcsd_32"
"l10npy_rcsdc_1853","1853","COL.CURUGUYTY","l10npy_rcsd_32"
"l10npy_rcsdc_1854","1854","COSTA","l10npy_rcsd_32"
"l10npy_rcsdc_282","282","ISLA PUCU","l10npy_rcsd_33"
"l10npy_rcsdc_283","283","AGUARAY","l10npy_rcsd_33"
"l10npy_rcsdc_284","284","AGUARAY RIO","l10npy_rcsd_33"
"l10npy_rcsdc_285","285","ARROYO PORA","l10npy_rcsd_33"
"l10npy_rcsdc_286","286","CAACUPE MI","l10npy_rcsd_33"
"l10npy_rcsdc_287","287","CHOCHI","l10npy_rcsd_33"
"l10npy_rcsdc_288","288","ITA YBATE","l10npy_rcsd_33"
"l10npy_rcsdc_289","289","LOMA","l10npy_rcsd_33"
"l10npy_rcsdc_290","290","PINDOTY","l10npy_rcsd_33"
"l10npy_rcsdc_291","291","TAPE GUAZU","l10npy_rcsd_33"
"l10npy_rcsdc_292","292","TAPE POI","l10npy_rcsd_33"
"l10npy_rcsdc_293","293","TUCUNGA CAÑADA","l10npy_rcsd_33"
"l10npy_rcsdc_6167","6167","AGUARAY ROLON","l10npy_rcsd_33"
"l10npy_rcsdc_6168","6168","ISLA PUCU (MUNICIPIO)","l10npy_rcsd_33"
"l10npy_rcsdc_6169","6169","VILLA SAN JUAN","l10npy_rcsd_33"
"l10npy_rcsdc_294","294","ITACURUBI DE LA CORDILLERA","l10npy_rcsd_34"
"l10npy_rcsdc_295","295","CAAGUY CUPE","l10npy_rcsd_34"
"l10npy_rcsdc_296","296","CARAY POTRERO","l10npy_rcsd_34"
"l10npy_rcsdc_297","297","COL.MENNONITA","l10npy_rcsd_34"
"l10npy_rcsdc_298","298","ESTANCIA BUENAVENTURA","l10npy_rcsd_34"
"l10npy_rcsdc_299","299","GARIY LOMA","l10npy_rcsd_34"
"l10npy_rcsdc_300","300","ITAC.DE LA CORDILLERA (MUNIC)","l10npy_rcsd_34"
"l10npy_rcsdc_301","301","JHUGUA POI","l10npy_rcsd_34"
"l10npy_rcsdc_302","302","LOMA MEDINA","l10npy_rcsd_34"
"l10npy_rcsdc_303","303","MINAS-CUE","l10npy_rcsd_34"
"l10npy_rcsdc_304","304","PIRAYU-I","l10npy_rcsd_34"
"l10npy_rcsdc_305","305","RUBIO ÑU","l10npy_rcsd_34"
"l10npy_rcsdc_306","306","SANTA LUCIA","l10npy_rcsd_34"
"l10npy_rcsdc_307","307","TACUARA APUAIL","l10npy_rcsd_34"
"l10npy_rcsdc_308","308","TACUARA NERHOT","l10npy_rcsd_34"
"l10npy_rcsdc_309","309","YAGUARETE CUA","l10npy_rcsd_34"
"l10npy_rcsdc_6170","6170","ESTANCIA MARIA AUXILIADORA","l10npy_rcsd_34"
"l10npy_rcsdc_6171","6171","POTERO ANGELITO","l10npy_rcsd_34"
"l10npy_rcsdc_310","310","8 DE DICIEMBRE","l10npy_rcsd_35"
"l10npy_rcsdc_311","311","ARROZAL ACEVAL","l10npy_rcsd_35"
"l10npy_rcsdc_312","312","BUENA VISTA","l10npy_rcsd_35"
"l10npy_rcsdc_313","313","COL.FIDEL MAIZ","l10npy_rcsd_35"
"l10npy_rcsdc_314","314","ESTACION CRISTAL CUE","l10npy_rcsd_35"
"l10npy_rcsdc_315","315","ESTACION FRANCA-I","l10npy_rcsd_35"
"l10npy_rcsdc_316","316","ESTACION GASORY","l10npy_rcsd_35"
"l10npy_rcsdc_317","317","ESTACION GONZALEZ CUE(V.DEL R)","l10npy_rcsd_35"
"l10npy_rcsdc_318","318","ESTACION GUAZU PYTA (V.DEL R)","l10npy_rcsd_35"
"l10npy_rcsdc_319","319","ESTACION JOSEFINA","l10npy_rcsd_35"
"l10npy_rcsdc_320","320","ESTACION LEON CUE","l10npy_rcsd_35"
"l10npy_rcsdc_321","321","ESTACION MAIZ CUE","l10npy_rcsd_35"
"l10npy_rcsdc_322","322","ESTACION MOLINAS CUE","l10npy_rcsd_35"
"l10npy_rcsdc_323","323","ESTACION PRIMAVERA","l10npy_rcsd_35"
"l10npy_rcsdc_324","324","ESTACION SAN FILIPO","l10npy_rcsd_35"
"l10npy_rcsdc_325","325","ESTACION SAN JOSE","l10npy_rcsd_35"
"l10npy_rcsdc_326","326","ESTACION SANJITA","l10npy_rcsd_35"
"l10npy_rcsdc_327","327","ESTACION SANTA ELENA","l10npy_rcsd_35"
"l10npy_rcsdc_328","328","ESTACION YASYRETA","l10npy_rcsd_35"
"l10npy_rcsdc_329","329","ESTANCIA ISLA ROSARIO","l10npy_rcsd_35"
"l10npy_rcsdc_330","330","ESTANCIA TORO PASO","l10npy_rcsd_35"
"l10npy_rcsdc_331","331","ISLERIA","l10npy_rcsd_35"
"l10npy_rcsdc_332","332","JUAN DE MENA (MUNICIPIO)","l10npy_rcsd_35"
"l10npy_rcsdc_333","333","LA UNION","l10npy_rcsd_35"
"l10npy_rcsdc_832","832","PUESTO CABALLERO CUE","l10npy_rcsd_35"
"l10npy_rcsdc_833","833","PUESTO GUAJHO","l10npy_rcsd_35"
"l10npy_rcsdc_834","834","PUESTO ROJAS CUE","l10npy_rcsd_35"
"l10npy_rcsdc_835","835","RETIRO MAYOR CUE","l10npy_rcsd_35"
"l10npy_rcsdc_836","836","RETIRO DE LA ESTANCIA GASORY","l10npy_rcsd_35"
"l10npy_rcsdc_837","837","RIVAROLA CUE","l10npy_rcsd_35"
"l10npy_rcsdc_838","838","SAN ANTONIO","l10npy_rcsd_35"
"l10npy_rcsdc_839","839","SAN RAFAEL","l10npy_rcsd_35"
"l10npy_rcsdc_840","840","SANTO DOMINGO","l10npy_rcsd_35"
"l10npy_rcsdc_841","841","WUIENGER","l10npy_rcsd_35"
"l10npy_rcsdc_842","842","YAGUARETE","l10npy_rcsd_35"
"l10npy_rcsdc_6172","6172","JUAN DE MENA","l10npy_rcsd_35"
"l10npy_rcsdc_6173","6173","ESTACION CARACOL","l10npy_rcsd_35"
"l10npy_rcsdc_6174","6174","ESTACION ISENCIO","l10npy_rcsd_35"
"l10npy_rcsdc_6175","6175","ESTACION SAN ANTONIO","l10npy_rcsd_35"
"l10npy_rcsdc_6176","6176","ESTANCIA EMILIO","l10npy_rcsd_35"
"l10npy_rcsdc_6177","6177","PUENTE YBYAVEBO (V.DEL R.)","l10npy_rcsd_35"
"l10npy_rcsdc_843","843","NUEVA COLOMBIA","l10npy_rcsd_36"
"l10npy_rcsdc_844","844","BOQUERON","l10npy_rcsd_36"
"l10npy_rcsdc_845","845","CIRATY","l10npy_rcsd_36"
"l10npy_rcsdc_846","846","COMPAÑIA N.MATIAUDA","l10npy_rcsd_36"
"l10npy_rcsdc_847","847","INGLES CUE","l10npy_rcsd_36"
"l10npy_rcsdc_848","848","ISLA ALTA","l10npy_rcsd_36"
"l10npy_rcsdc_849","849","KIRAITY","l10npy_rcsd_36"
"l10npy_rcsdc_850","850","NUEVA COLOMBIA (MUNICIPIO)","l10npy_rcsd_36"
"l10npy_rcsdc_851","851","PIRIBEBUY","l10npy_rcsd_37"
"l10npy_rcsdc_852","852","4 DE JULIO","l10npy_rcsd_37"
"l10npy_rcsdc_853","853","BARRIO SANTA ANA","l10npy_rcsd_37"
"l10npy_rcsdc_854","854","BARRIO VIRGEN DEL ROSARIO","l10npy_rcsd_37"
"l10npy_rcsdc_855","855","CAPILLA CUE","l10npy_rcsd_37"
"l10npy_rcsdc_856","856","CAÑADA","l10npy_rcsd_37"
"l10npy_rcsdc_857","857","CHOLOLO","l10npy_rcsd_37"
"l10npy_rcsdc_858","858","COL.PIRARETA","l10npy_rcsd_37"
"l10npy_rcsdc_859","859","CORDILLERA","l10npy_rcsd_37"
"l10npy_rcsdc_860","860","ESTACION JHAGY-SI","l10npy_rcsd_37"
"l10npy_rcsdc_861","861","FRANCO ISLA","l10npy_rcsd_37"
"l10npy_rcsdc_862","862","GUAZU MOCOI","l10npy_rcsd_37"
"l10npy_rcsdc_863","863","ITA GUYRA","l10npy_rcsd_37"
"l10npy_rcsdc_864","864","ITA MOROTI-I","l10npy_rcsd_37"
"l10npy_rcsdc_865","865","ITA MOROTI GUAZU","l10npy_rcsd_37"
"l10npy_rcsdc_866","866","ITA YBU","l10npy_rcsd_37"
"l10npy_rcsdc_867","867","JHAGUY-MI","l10npy_rcsd_37"
"l10npy_rcsdc_868","868","JHUGUA GUAZU","l10npy_rcsd_37"
"l10npy_rcsdc_869","869","MCAL.LOPEZ","l10npy_rcsd_37"
"l10npy_rcsdc_870","870","NARANJO","l10npy_rcsd_37"
"l10npy_rcsdc_871","871","PACIFICO","l10npy_rcsd_37"
"l10npy_rcsdc_872","872","PASO JHU","l10npy_rcsd_37"
"l10npy_rcsdc_873","873","PIRIBEBUY (MUNICIPIO)","l10npy_rcsd_37"
"l10npy_rcsdc_874","874","PTE.FRA","l10npy_rcsd_37"
"l10npy_rcsdc_875","875","TAPE GUAZU","l10npy_rcsd_37"
"l10npy_rcsdc_876","876","VIRGEN DE FATIMA","l10npy_rcsd_37"
"l10npy_rcsdc_877","877","YACAREY","l10npy_rcsd_37"
"l10npy_rcsdc_878","878","YATAITY","l10npy_rcsd_37"
"l10npy_rcsdc_879","879","YRUGUE","l10npy_rcsd_37"
"l10npy_rcsdc_880","880","1RO.DE MARZO","l10npy_rcsd_38"
"l10npy_rcsdc_881","881","1RO.DE MARZO (MUNICIPIO)","l10npy_rcsd_38"
"l10npy_rcsdc_882","882","BOQUERON","l10npy_rcsd_38"
"l10npy_rcsdc_883","883","CAAGUY CUPE","l10npy_rcsd_38"
"l10npy_rcsdc_884","884","CAÑADA DEL CARMEN","l10npy_rcsd_38"
"l10npy_rcsdc_885","885","GARAYO","l10npy_rcsd_38"
"l10npy_rcsdc_886","886","GRAL.DIAZ","l10npy_rcsd_38"
"l10npy_rcsdc_887","887","LOMA","l10npy_rcsd_38"
"l10npy_rcsdc_888","888","MCAL.ESTIGARRIBIA","l10npy_rcsd_38"
"l10npy_rcsdc_889","889","POTRERITO3","l10npy_rcsd_38"
"l10npy_rcsdc_890","890","PUESTO CARRITO","l10npy_rcsd_38"
"l10npy_rcsdc_891","891","ROJAS SILVA","l10npy_rcsd_38"
"l10npy_rcsdc_892","892","SAN ANTONIO","l10npy_rcsd_38"
"l10npy_rcsdc_893","893","SAN BLAS","l10npy_rcsd_38"
"l10npy_rcsdc_894","894","SAN ISIDRO","l10npy_rcsd_38"
"l10npy_rcsdc_895","895","SARGENTO BAEZ","l10npy_rcsd_38"
"l10npy_rcsdc_896","896","SARGENTO CABALLERO","l10npy_rcsd_38"
"l10npy_rcsdc_897","897","TAPE POI","l10npy_rcsd_38"
"l10npy_rcsdc_898","898","SAN BERNARDINO","l10npy_rcsd_39"
"l10npy_rcsdc_899","899","CIERVO CUA","l10npy_rcsd_39"
"l10npy_rcsdc_900","900","COCUERE","l10npy_rcsd_39"
"l10npy_rcsdc_901","901","CRISTOBAL COLON","l10npy_rcsd_39"
"l10npy_rcsdc_902","902","MINAS CUE","l10npy_rcsd_39"
"l10npy_rcsdc_903","903","PIRAYU-I","l10npy_rcsd_39"
"l10npy_rcsdc_904","904","SAN BERNARDINO(MUNICIPIO)","l10npy_rcsd_39"
"l10npy_rcsdc_905","905","YBYHANGUY","l10npy_rcsd_39"
"l10npy_rcsdc_906","906","YBYHANGUY 1RO.","l10npy_rcsd_39"
"l10npy_rcsdc_907","907","YBU","l10npy_rcsd_39"
"l10npy_rcsdc_908","908","SANTA ELENA","l10npy_rcsd_40"
"l10npy_rcsdc_909","909","AGUARA RINCON","l10npy_rcsd_40"
"l10npy_rcsdc_910","910","BARRIO SAN ANTONIO","l10npy_rcsd_40"
"l10npy_rcsdc_911","911","COL.ESPERANZA","l10npy_rcsd_40"
"l10npy_rcsdc_912","912","COL.SAN BLAS","l10npy_rcsd_40"
"l10npy_rcsdc_913","913","COOP.BELLA HORIZONTE","l10npy_rcsd_40"
"l10npy_rcsdc_914","914","COSTA ELENA","l10npy_rcsd_40"
"l10npy_rcsdc_915","915","ESTANCIA ZENDA I","l10npy_rcsd_40"
"l10npy_rcsdc_916","916","FRANCO COSTA","l10npy_rcsd_40"
"l10npy_rcsdc_917","917","JHAGUE COSTA","l10npy_rcsd_40"
"l10npy_rcsdc_918","918","JUGUA CIMIENTO","l10npy_rcsd_40"
"l10npy_rcsdc_919","919","LAGUNA","l10npy_rcsd_40"
"l10npy_rcsdc_920","920","LALA","l10npy_rcsd_40"
"l10npy_rcsdc_921","921","LOMA CLAVEL","l10npy_rcsd_40"
"l10npy_rcsdc_922","922","LOMA VALENTINA","l10npy_rcsd_40"
"l10npy_rcsdc_923","923","MBOCAYATY","l10npy_rcsd_40"
"l10npy_rcsdc_924","924","MONTIEL","l10npy_rcsd_40"
"l10npy_rcsdc_925","925","PASO TRANQUERA","l10npy_rcsd_40"
"l10npy_rcsdc_926","926","PIRATY","l10npy_rcsd_40"
"l10npy_rcsdc_927","927","PUENTE YACA","l10npy_rcsd_40"
"l10npy_rcsdc_928","928","PUESTO MONTIEL","l10npy_rcsd_40"
"l10npy_rcsdc_929","929","PUESTO SAC","l10npy_rcsd_40"
"l10npy_rcsdc_930","930","SAN MARCOS","l10npy_rcsd_40"
"l10npy_rcsdc_931","931","SAN ROQUE","l10npy_rcsd_40"
"l10npy_rcsdc_932","932","SANTA ELENA (MUNICIPIO)","l10npy_rcsd_40"
"l10npy_rcsdc_933","933","TOROPI HUGUA","l10npy_rcsd_40"
"l10npy_rcsdc_2059","2059","TOROPI LOMA","l10npy_rcsd_40"
"l10npy_rcsdc_2060","2060","YBYRAGUY ESTERO","l10npy_rcsd_40"
"l10npy_rcsdc_2061","2061","YCUPA PORA","l10npy_rcsd_40"
"l10npy_rcsdc_1710","1710","CAACUPE","l10npy_rcsd_26"
"l10npy_rcsdc_1711","1711","ALMADA","l10npy_rcsd_26"
"l10npy_rcsdc_1712","1712","AQUINO CAÑADA","l10npy_rcsd_26"
"l10npy_rcsdc_1713","1713","ARAZATY","l10npy_rcsd_26"
"l10npy_rcsdc_1714","1714","AZCURRA","l10npy_rcsd_26"
"l10npy_rcsdc_1715","1715","BARRIO DANIEL SCURRA","l10npy_rcsd_26"
"l10npy_rcsdc_1716","1716","BARRIO SAN FRANCISCO","l10npy_rcsd_26"
"l10npy_rcsdc_1717","1717","CAACUPE","l10npy_rcsd_26"
"l10npy_rcsdc_1718","1718","CABAÑAS","l10npy_rcsd_26"
"l10npy_rcsdc_1719","1719","CERRO REAL","l10npy_rcsd_26"
"l10npy_rcsdc_1720","1720","COL. CNEL. MARTINEZ","l10npy_rcsd_26"
"l10npy_rcsdc_1721","1721","COSTA PUCU","l10npy_rcsd_26"
"l10npy_rcsdc_1722","1722","DANIEL SCURRA 2DA.","l10npy_rcsd_26"
"l10npy_rcsdc_1723","1723","ISLA YOBAY","l10npy_rcsd_26"
"l10npy_rcsdc_1724","1724","ITA YBU GUAZU","l10npy_rcsd_26"
"l10npy_rcsdc_1725","1725","ITA YBU MI","l10npy_rcsd_26"
"l10npy_rcsdc_1726","1726","JHACA ROYSA","l10npy_rcsd_26"
"l10npy_rcsdc_1727","1727","LOMA GUAZU","l10npy_rcsd_26"
"l10npy_rcsdc_1728","1728","POTRERO POI","l10npy_rcsd_26"
"l10npy_rcsdc_1729","1729","YPUCU","l10npy_rcsd_26"
"l10npy_rcsdc_1730","1730","YTA GUAZU","l10npy_rcsd_26"
"l10npy_rcsdc_1731","1731","YTU MI","l10npy_rcsd_26"
"l10npy_rcsdc_1732","1732","ALTOS","l10npy_rcsd_27"
"l10npy_rcsdc_1733","1733","ACUÑA DE FIGUEROA","l10npy_rcsd_27"
"l10npy_rcsdc_1734","1734","AGAI HY","l10npy_rcsd_27"
"l10npy_rcsdc_1735","1735","AGUARA","l10npy_rcsd_27"
"l10npy_rcsdc_1736","1736","ALTOS ( MUNICIPIO )","l10npy_rcsd_27"
"l10npy_rcsdc_1737","1737","CHOCHI","l10npy_rcsd_27"
"l10npy_rcsdc_1738","1738","ESTANCIA CLEMENTINA","l10npy_rcsd_27"
"l10npy_rcsdc_1739","1739","ITA GUAZU","l10npy_rcsd_27"
"l10npy_rcsdc_1740","1740","ITA YGAZA","l10npy_rcsd_27"
"l10npy_rcsdc_1741","1741","LOMA GRANDE","l10npy_rcsd_27"
"l10npy_rcsdc_1742","1742","PARARU","l10npy_rcsd_27"
"l10npy_rcsdc_1743","1743","RETIRO RIO NEGRO","l10npy_rcsd_27"
"l10npy_rcsdc_1744","1744","TUKUNGA CORDILLERA","l10npy_rcsd_27"
"l10npy_rcsdc_1745","1745","TUKUNGA CAÑADA","l10npy_rcsd_27"
"l10npy_rcsdc_1746","1746","VILLA FLOR","l10npy_rcsd_27"
"l10npy_rcsdc_1747","1747","YACARE","l10npy_rcsd_27"
"l10npy_rcsdc_1748","1748","YAYI CAÑADA","l10npy_rcsd_27"
"l10npy_rcsdc_1749","1749","YBU","l10npy_rcsd_27"
"l10npy_rcsdc_1750","1750","ARROYOS Y ESTEROS","l10npy_rcsd_28"
"l10npy_rcsdc_1751","1751","ACEVEDO","l10npy_rcsd_28"
"l10npy_rcsdc_1752","1752","ARROYOS Y ESTEROS","l10npy_rcsd_28"
"l10npy_rcsdc_1753","1753","BOQUERON","l10npy_rcsd_28"
"l10npy_rcsdc_1754","1754","CAMP. H. MATIAUDA","l10npy_rcsd_28"
"l10npy_rcsdc_1755","1755","CAÑADA","l10npy_rcsd_28"
"l10npy_rcsdc_1756","1756","CAÑADA DOMINGUEZ","l10npy_rcsd_28"
"l10npy_rcsdc_1757","1757","CERRITO","l10npy_rcsd_28"
"l10npy_rcsdc_1758","1758","COSTA PUCU","l10npy_rcsd_28"
"l10npy_rcsdc_1759","1759","CURUPAYTY","l10npy_rcsd_28"
"l10npy_rcsdc_1760","1760","CYRATY","l10npy_rcsd_28"
"l10npy_rcsdc_1761","1761","EL CARMEN","l10npy_rcsd_28"
"l10npy_rcsdc_1762","1762","ESTACION GONZALES CUE","l10npy_rcsd_28"
"l10npy_rcsdc_1763","1763","ESTACION YPE CUE","l10npy_rcsd_28"
"l10npy_rcsdc_1764","1764","ESTANCIA 4 VIENTOS","l10npy_rcsd_28"
"l10npy_rcsdc_1765","1765","ESTANCIA CATIGUA","l10npy_rcsd_28"
"l10npy_rcsdc_1766","1766","ESTANCIA JUAN DE MENA","l10npy_rcsd_28"
"l10npy_rcsdc_1767","1767","ESTANCIA LOPEZ CUE","l10npy_rcsd_28"
"l10npy_rcsdc_1768","1768","ESTANCIA MANDUVIRA","l10npy_rcsd_28"
"l10npy_rcsdc_1769","1769","ESTANCIA SANJA JHU","l10npy_rcsd_28"
"l10npy_rcsdc_1770","1770","GRAL. DIAZ","l10npy_rcsd_28"
"l10npy_rcsdc_1771","1771","INGLON CUE","l10npy_rcsd_28"
"l10npy_rcsdc_1772","1772","ISLA ALTA","l10npy_rcsd_28"
"l10npy_rcsdc_1773","1773","ISLA GUAZU","l10npy_rcsd_28"
"l10npy_rcsdc_1774","1774","ISLA TACUARA","l10npy_rcsd_28"
"l10npy_rcsdc_1775","1775","ITA PIRU","l10npy_rcsd_28"
"l10npy_rcsdc_1776","1776","KIRAYTY","l10npy_rcsd_28"
"l10npy_rcsdc_1777","1777","LAGUNA VERA","l10npy_rcsd_28"
"l10npy_rcsdc_1778","1778","MAINUMBY","l10npy_rcsd_28"
"l10npy_rcsdc_1779","1779","MAINUMBYI","l10npy_rcsd_28"
"l10npy_rcsdc_1780","1780","NUEVA COLOMBIA","l10npy_rcsd_28"
"l10npy_rcsdc_1781","1781","PUERTO OLIVARES","l10npy_rcsd_28"
"l10npy_rcsdc_1782","1782","RETIRO CARBONERIA - CUE","l10npy_rcsd_28"
"l10npy_rcsdc_1783","1783","RETIRO DONKI CUE","l10npy_rcsd_28"
"l10npy_rcsdc_1784","1784","RETIRO ILDEFONSO - CUE","l10npy_rcsd_28"
"l10npy_rcsdc_1785","1785","SAN ANTONIO","l10npy_rcsd_28"
"l10npy_rcsdc_1786","1786","URUNDEY","l10npy_rcsd_28"
"l10npy_rcsdc_1787","1787","YUASY ITA","l10npy_rcsd_28"
"l10npy_rcsdc_6275","6275","LOPEZ CUE","l10npy_rcsd_28"
"l10npy_rcsdc_6276","6276","PUESTO ELVIRA","l10npy_rcsd_28"
"l10npy_rcsdc_6277","6277","TACUARINDY","l10npy_rcsd_28"
"l10npy_rcsdc_1788","1788","ATYRA","l10npy_rcsd_29"
"l10npy_rcsdc_1789","1789","ATYRA ( MUNICIPIO )","l10npy_rcsd_29"
"l10npy_rcsdc_1790","1790","CANDIA","l10npy_rcsd_29"
"l10npy_rcsdc_1791","1791","CARUMBY","l10npy_rcsd_29"
"l10npy_rcsdc_1792","1792","COL. BERNARDINO CABALLERO","l10npy_rcsd_29"
"l10npy_rcsdc_1793","1793","GRANJA LADONESA","l10npy_rcsd_29"
"l10npy_rcsdc_1794","1794","MOÑAIRY","l10npy_rcsd_29"
"l10npy_rcsdc_1795","1795","POTRERO","l10npy_rcsd_29"
"l10npy_rcsdc_1796","1796","SAN VICENTE","l10npy_rcsd_29"
"l10npy_rcsdc_1797","1797","SANJA JHU","l10npy_rcsd_29"
"l10npy_rcsdc_6278","6278","CAACUPEMI","l10npy_rcsd_29"
"l10npy_rcsdc_6279","6279","MBURURU","l10npy_rcsd_29"
"l10npy_rcsdc_1798","1798","ALFONSO LOMA","l10npy_rcsd_30"
"l10npy_rcsdc_1799","1799","BOQUERON","l10npy_rcsd_30"
"l10npy_rcsdc_1800","1800","CAPELLANIA","l10npy_rcsd_30"
"l10npy_rcsdc_1801","1801","CARAGUATAY ( MUNICIPIO )","l10npy_rcsd_30"
"l10npy_rcsdc_1802","1802","ESTANCIA LOBO CUA","l10npy_rcsd_30"
"l10npy_rcsdc_1803","1803","ESTANCIA SALADILLO","l10npy_rcsd_30"
"l10npy_rcsdc_1804","1804","ESTANCIA SAN MARCO","l10npy_rcsd_30"
"l10npy_rcsdc_1805","1805","FULGENCIO YEGROS","l10npy_rcsd_30"
"l10npy_rcsdc_1806","1806","ISLA GUAZU","l10npy_rcsd_30"
"l10npy_rcsdc_1807","1807","ISLA PAU","l10npy_rcsd_30"
"l10npy_rcsdc_1808","1808","JHUGUA GUAZU","l10npy_rcsd_30"
"l10npy_rcsdc_1809","1809","JHUGUA POI","l10npy_rcsd_30"
"l10npy_rcsdc_1810","1810","ROLON","l10npy_rcsd_30"
"l10npy_rcsdc_1811","1811","RIO NEGRO ENSENADA","l10npy_rcsd_30"
"l10npy_rcsdc_1812","1812","RIO NEGRO LLANE","l10npy_rcsd_30"
"l10npy_rcsdc_1813","1813","RIO NEGRO POTRERO","l10npy_rcsd_30"
"l10npy_rcsdc_1814","1814","SAN MIGUEL","l10npy_rcsd_30"
"l10npy_rcsdc_1815","1815","SAN PEDRO","l10npy_rcsd_30"
"l10npy_rcsdc_1816","1816","SANTA LUCIA","l10npy_rcsd_30"
"l10npy_rcsdc_1817","1817","TACUARY","l10npy_rcsd_30"
"l10npy_rcsdc_1818","1818","TENIENTE GONZALES","l10npy_rcsd_30"
"l10npy_rcsdc_1819","1819","VERA COSTA","l10npy_rcsd_30"
"l10npy_rcsdc_6280","6280","CARAGUATAY","l10npy_rcsd_30"
"l10npy_rcsdc_6281","6281","COSTA YBATE","l10npy_rcsd_30"
"l10npy_rcsdc_6282","6282","GRAL. GENES","l10npy_rcsd_30"
"l10npy_rcsdc_6283","6283","LA INMACULADA","l10npy_rcsd_30"
"l10npy_rcsdc_6284","6284","SAN JOSE OBRERO","l10npy_rcsd_30"
"l10npy_rcsdc_6285","6285","VALLE - I","l10npy_rcsd_30"
"l10npy_rcsdc_1820","1820","EMBOSCADA","l10npy_rcsd_31"
"l10npy_rcsdc_1821","1821","4TA. COMP. COCUE GUAZU","l10npy_rcsd_31"
"l10npy_rcsdc_1822","1822","CHOCHI","l10npy_rcsd_31"
"l10npy_rcsdc_1823","1823","EMBOSCADA ( MUNICIPIO )","l10npy_rcsd_31"
"l10npy_rcsdc_1824","1824","ESTANCIA CARANDAYTY","l10npy_rcsd_31"
"l10npy_rcsdc_1825","1825","ESTANCIA CAREAGA","l10npy_rcsd_31"
"l10npy_rcsdc_1826","1826","ESTANCIA CLEMENTINA","l10npy_rcsd_31"
"l10npy_rcsdc_1827","1827","ESTANCIA LA CARMINA","l10npy_rcsd_31"
"l10npy_rcsdc_1828","1828","ESTANCIA PERALTA","l10npy_rcsd_31"
"l10npy_rcsdc_1829","1829","ISLA ALTA","l10npy_rcsd_31"
"l10npy_rcsdc_1830","1830","ISLA JOVAI","l10npy_rcsd_31"
"l10npy_rcsdc_1831","1831","MINAS CUE","l10npy_rcsd_31"
"l10npy_rcsdc_1832","1832","PASO PE","l10npy_rcsd_31"
"l10npy_rcsdc_1833","1833","PUERTO ARECUATACUA","l10npy_rcsd_31"
"l10npy_rcsdc_1834","1834","RETIRO FATIMA","l10npy_rcsd_31"
"l10npy_rcsdc_1835","1835","RETIRO NARANJAL","l10npy_rcsd_31"
"l10npy_rcsdc_1836","1836","RETIRO YUGO PENGUE","l10npy_rcsd_31"
"l10npy_rcsdc_1837","1837","TACURUTY","l10npy_rcsd_31"
"l10npy_rcsdc_1838","1838","TUCANGUA CAÑADA","l10npy_rcsd_31"
"l10npy_rcsdc_6286","6286","CORDILLERA GUY","l10npy_rcsd_31"
"l10npy_rcsdc_2062","2062","TOBATI","l10npy_rcsd_41"
"l10npy_rcsdc_2063","2063","21 DE JUNIO","l10npy_rcsd_41"
"l10npy_rcsdc_2064","2064","APARYPY","l10npy_rcsd_41"
"l10npy_rcsdc_2065","2065","ARROZAL 21","l10npy_rcsd_41"
"l10npy_rcsdc_2066","2066","COSTA ALEGRE","l10npy_rcsd_41"
"l10npy_rcsdc_2067","2067","ENSENADA","l10npy_rcsd_41"
"l10npy_rcsdc_2068","2068","ESTANCIA AMARILLA","l10npy_rcsd_41"
"l10npy_rcsdc_2069","2069","ESTANCIA FLORIDA","l10npy_rcsd_41"
"l10npy_rcsdc_2070","2070","ESTANCIA INVERNADA","l10npy_rcsd_41"
"l10npy_rcsdc_2071","2071","ESTANCIA LOZA","l10npy_rcsd_41"
"l10npy_rcsdc_2072","2072","ESTANCIA MORAGA CUE","l10npy_rcsd_41"
"l10npy_rcsdc_2073","2073","ESTANCIA SANTA MARIA","l10npy_rcsd_41"
"l10npy_rcsdc_2074","2074","ISLA FLORIDA","l10npy_rcsd_41"
"l10npy_rcsdc_2075","2075","ISLA GUAZU","l10npy_rcsd_41"
"l10npy_rcsdc_2076","2076","JHOYBATY","l10npy_rcsd_41"
"l10npy_rcsdc_2077","2077","LOMA VERDE","l10npy_rcsd_41"
"l10npy_rcsdc_2078","2078","MOMPOX","l10npy_rcsd_41"
"l10npy_rcsdc_2079","2079","PEDRO JUAN CABALLERO","l10npy_rcsd_41"
"l10npy_rcsdc_2080","2080","POTRERO","l10npy_rcsd_41"
"l10npy_rcsdc_2081","2081","RETIRO SIMEON","l10npy_rcsd_41"
"l10npy_rcsdc_2082","2082","ROSADO RUGUA","l10npy_rcsd_41"
"l10npy_rcsdc_2083","2083","SAN JOSE","l10npy_rcsd_41"
"l10npy_rcsdc_2084","2084","SANTA RECALIA","l10npy_rcsd_41"
"l10npy_rcsdc_2085","2085","SANTA ROSA","l10npy_rcsd_41"
"l10npy_rcsdc_2086","2086","VILLA LAS MERCEDES","l10npy_rcsd_41"
"l10npy_rcsdc_2087","2087","VALENZUELA","l10npy_rcsd_42"
"l10npy_rcsdc_2088","2088","CANGIO FLECHA","l10npy_rcsd_42"
"l10npy_rcsdc_2089","2089","CERRO","l10npy_rcsd_42"
"l10npy_rcsdc_2090","2090","CERRO PER","l10npy_rcsd_42"
"l10npy_rcsdc_2091","2091","COL.STICA","l10npy_rcsd_42"
"l10npy_rcsdc_2092","2092","COL.TTE.E.MONTANIA","l10npy_rcsd_42"
"l10npy_rcsdc_2093","2093","CURUPAYTY","l10npy_rcsd_42"
"l10npy_rcsdc_2094","2094","ESTANCIA LLAMOSAS","l10npy_rcsd_42"
"l10npy_rcsdc_2095","2095","GRAL.DIAZ","l10npy_rcsd_42"
"l10npy_rcsdc_2096","2096","GUAZU CUA","l10npy_rcsd_42"
"l10npy_rcsdc_2097","2097","ITA MOROTI","l10npy_rcsd_42"
"l10npy_rcsdc_2098","2098","LOMA JHOVY","l10npy_rcsd_42"
"l10npy_rcsdc_2099","2099","LOMA VERDE","l10npy_rcsd_42"
"l10npy_rcsdc_2100","2100","MCAL.LOPEZ","l10npy_rcsd_42"
"l10npy_rcsdc_2101","2101","POTRERITO","l10npy_rcsd_42"
"l10npy_rcsdc_2102","2102","POTRERO COCULTO","l10npy_rcsd_42"
"l10npy_rcsdc_2103","2103","POTRERO PUCU","l10npy_rcsd_42"
"l10npy_rcsdc_2104","2104","POTRERO YACAREY","l10npy_rcsd_42"
"l10npy_rcsdc_2105","2105","ROA CUE","l10npy_rcsd_42"
"l10npy_rcsdc_2106","2106","ROSADO CARAPE","l10npy_rcsd_42"
"l10npy_rcsdc_2107","2107","ROSADO YBATE","l10npy_rcsd_42"
"l10npy_rcsdc_2108","2108","SAN FRANCISCO","l10npy_rcsd_42"
"l10npy_rcsdc_2109","2109","TACUATY","l10npy_rcsd_42"
"l10npy_rcsdc_2110","2110","VALENZUELA (MUNICIPIO)","l10npy_rcsd_42"
"l10npy_rcsdc_6298","6298","ÑU GUAZU","l10npy_rcsd_42"
"l10npy_rcsdc_2111","2111","LOMA GRANDE","l10npy_rcsd_43"
"l10npy_rcsdc_2112","2112","ALFONSO CENTRAL","l10npy_rcsd_43"
"l10npy_rcsdc_2113","2113","ALFONSO TRANQUERA","l10npy_rcsd_43"
"l10npy_rcsdc_2114","2114","ESTANCIA GAZORY","l10npy_rcsd_43"
"l10npy_rcsdc_2115","2115","SAN ANTONIO","l10npy_rcsd_43"
"l10npy_rcsdc_2116","2116","SAN ISIDRO","l10npy_rcsd_43"
"l10npy_rcsdc_2117","2117","SAN JOSE OBRERO","l10npy_rcsd_43"
"l10npy_rcsdc_2118","2118","SAN JUAN","l10npy_rcsd_43"
"l10npy_rcsdc_2119","2119","SANTO DOMINGO","l10npy_rcsd_43"
"l10npy_rcsdc_6299","6299","ESTANCIA SAN JOSE","l10npy_rcsd_43"
"l10npy_rcsdc_6300","6300","TRES REYES","l10npy_rcsd_43"
"l10npy_rcsdc_2120","2120","BARRIO DEL CARMEN","l10npy_rcsd_214"
"l10npy_rcsdc_2121","2121","CAMPO SMITH - KENNEDY","l10npy_rcsd_214"
"l10npy_rcsdc_2122","2122","COL. ESPERANZA","l10npy_rcsd_214"
"l10npy_rcsdc_2123","2123","COL. PIRAY","l10npy_rcsd_214"
"l10npy_rcsdc_2124","2124","COL. SAN MARCOS","l10npy_rcsd_214"
"l10npy_rcsdc_2125","2125","CIA.LLANES","l10npy_rcsd_214"
"l10npy_rcsdc_2126","2126","CIA. RIO NEGRO","l10npy_rcsd_214"
"l10npy_rcsdc_2127","2127","EST.KENNEDY","l10npy_rcsd_214"
"l10npy_rcsdc_2128","2128","EST.SAN MARCOS","l10npy_rcsd_214"
"l10npy_rcsdc_2129","2129","ESTERO LAGUNA PERO","l10npy_rcsd_214"
"l10npy_rcsdc_2130","2130","ESTERO PE","l10npy_rcsd_214"
"l10npy_rcsdc_2131","2131","ESTERO YHAGUY","l10npy_rcsd_214"
"l10npy_rcsdc_5891","5891","MBOCAYATY","l10npy_rcsd_214"
"l10npy_rcsdc_6301","6301","COL. SAN BLAS","l10npy_rcsd_214"
"l10npy_rcsdc_6302","6302","EST.SANTA LUCIA","l10npy_rcsd_214"
"l10npy_rcsdc_2132","2132","SAN JOSE OBRERO","l10npy_rcsd_44"
"l10npy_rcsdc_2133","2133","CIA. ALFONSO TRANQUERA","l10npy_rcsd_44"
"l10npy_rcsdc_2134","2134","EST. GAZORY","l10npy_rcsd_44"
"l10npy_rcsdc_2135","2135","EST. LA JOSEFINA","l10npy_rcsd_44"
"l10npy_rcsdc_2136","2136","EST. NANDY-PAY","l10npy_rcsd_44"
"l10npy_rcsdc_2137","2137","ESTERO TOBATIRY","l10npy_rcsd_44"
"l10npy_rcsdc_6303","6303","CIA. ALFONSO CENTRAL","l10npy_rcsd_44"
"l10npy_rcsdc_2138","2138","BARRIO ESTACION","l10npy_rcsd_45"
"l10npy_rcsdc_2139","2139","CAAZAPAMI","l10npy_rcsd_45"
"l10npy_rcsdc_2140","2140","CAROVENI NUEVO","l10npy_rcsd_45"
"l10npy_rcsdc_2141","2141","CAROVENI VIEJO","l10npy_rcsd_45"
"l10npy_rcsdc_2142","2142","CAÑADA","l10npy_rcsd_45"
"l10npy_rcsdc_2143","2143","CERRO PELADO","l10npy_rcsd_45"
"l10npy_rcsdc_2144","2144","COL. 14 DE MAYO","l10npy_rcsd_45"
"l10npy_rcsdc_2145","2145","COSTA ESPINILLO","l10npy_rcsd_45"
"l10npy_rcsdc_2146","2146","DOÑA JUANA","l10npy_rcsd_45"
"l10npy_rcsdc_2147","2147","ESTACION STA.MARIA Y SAN PABLO","l10npy_rcsd_45"
"l10npy_rcsdc_2148","2148","ESTACION STORN","l10npy_rcsd_45"
"l10npy_rcsdc_2637","2637","ITA YBU","l10npy_rcsd_45"
"l10npy_rcsdc_2638","2638","LEMOS","l10npy_rcsd_45"
"l10npy_rcsdc_2639","2639","LOMA SAN FRANCISCO","l10npy_rcsd_45"
"l10npy_rcsdc_2640","2640","LOMA VALENTINA","l10npy_rcsd_45"
"l10npy_rcsdc_2641","2641","MBOPICUA","l10npy_rcsd_45"
"l10npy_rcsdc_2642","2642","PERULERO","l10npy_rcsd_45"
"l10npy_rcsdc_2643","2643","PISADERA","l10npy_rcsd_45"
"l10npy_rcsdc_2644","2644","POLILLA","l10npy_rcsd_45"
"l10npy_rcsdc_2645","2645","POTRERITO","l10npy_rcsd_45"
"l10npy_rcsdc_2646","2646","POTRERO BAEZ","l10npy_rcsd_45"
"l10npy_rcsdc_2647","2647","POTRERO ISLA","l10npy_rcsd_45"
"l10npy_rcsdc_2648","2648","PUNTA CUPE","l10npy_rcsd_45"
"l10npy_rcsdc_2649","2649","RINCON","l10npy_rcsd_45"
"l10npy_rcsdc_2650","2650","ROSADO","l10npy_rcsd_45"
"l10npy_rcsdc_2651","2651","SAMBARI","l10npy_rcsd_45"
"l10npy_rcsdc_2652","2652","SAN FRANCISCO POTRERO","l10npy_rcsd_45"
"l10npy_rcsdc_2653","2653","SAN MIGUEL","l10npy_rcsd_45"
"l10npy_rcsdc_2654","2654","SANTA LUCIA","l10npy_rcsd_45"
"l10npy_rcsdc_2655","2655","TUYUTI GUAZU","l10npy_rcsd_45"
"l10npy_rcsdc_2656","2656","TUYUTI MI","l10npy_rcsd_45"
"l10npy_rcsdc_2657","2657","VILLARRICA","l10npy_rcsd_45"
"l10npy_rcsdc_2658","2658","YBAROTY","l10npy_rcsd_45"
"l10npy_rcsdc_2659","2659","YJHOBY","l10npy_rcsd_45"
"l10npy_rcsdc_2660","2660","YTORORO","l10npy_rcsd_45"
"l10npy_rcsdc_2661","2661","ÑU MBYTE","l10npy_rcsd_45"
"l10npy_rcsdc_6304","6304","VILLARRICA","l10npy_rcsd_45"
"l10npy_rcsdc_6305","6305","CASCO RINCON","l10npy_rcsd_45"
"l10npy_rcsdc_6306","6306","ESPINILLO","l10npy_rcsd_45"
"l10npy_rcsdc_2674","2674","BORJA","l10npy_rcsd_47"
"l10npy_rcsdc_2675","2675","20 DE JUNIO","l10npy_rcsd_47"
"l10npy_rcsdc_2676","2676","BOQUERON","l10npy_rcsd_47"
"l10npy_rcsdc_2677","2677","BORJA","l10npy_rcsd_47"
"l10npy_rcsdc_2678","2678","COL. SAN ANTONIO","l10npy_rcsd_47"
"l10npy_rcsdc_2679","2679","CORDILLERA","l10npy_rcsd_47"
"l10npy_rcsdc_2680","2680","COSTA JHU","l10npy_rcsd_47"
"l10npy_rcsdc_2681","2681","COSTEADA ÑU PUAJHU","l10npy_rcsd_47"
"l10npy_rcsdc_2682","2682","ESTACION ARTURO OVIEDO","l10npy_rcsd_47"
"l10npy_rcsdc_2683","2683","ESTACION ACOSTA","l10npy_rcsd_47"
"l10npy_rcsdc_2684","2684","ESTACION PAI SANTA CRUZ","l10npy_rcsd_47"
"l10npy_rcsdc_2685","2685","ESTACION SAN ANTONIO","l10npy_rcsd_47"
"l10npy_rcsdc_2686","2686","ESTANCIA HORTENSIS","l10npy_rcsd_47"
"l10npy_rcsdc_2687","2687","ESTANCION FERNANDEZ","l10npy_rcsd_47"
"l10npy_rcsdc_2688","2688","ISLA ALTA","l10npy_rcsd_47"
"l10npy_rcsdc_2689","2689","ISLA GUAZU","l10npy_rcsd_47"
"l10npy_rcsdc_2690","2690","LOMAI","l10npy_rcsd_47"
"l10npy_rcsdc_2691","2691","MACARRO","l10npy_rcsd_47"
"l10npy_rcsdc_2692","2692","PADRE A. MOLAS","l10npy_rcsd_47"
"l10npy_rcsdc_2693","2693","PASO CUE","l10npy_rcsd_47"
"l10npy_rcsdc_2694","2694","RINCON","l10npy_rcsd_47"
"l10npy_rcsdc_2695","2695","ROJAS JUGUA","l10npy_rcsd_47"
"l10npy_rcsdc_2696","2696","TEBICUARY COSTA","l10npy_rcsd_47"
"l10npy_rcsdc_2697","2697","TEY-I CUE","l10npy_rcsd_47"
"l10npy_rcsdc_2698","2698","VALLE PE","l10npy_rcsd_47"
"l10npy_rcsdc_2699","2699","VALLE - I","l10npy_rcsd_47"
"l10npy_rcsdc_2700","2700","YEGUARIZO","l10npy_rcsd_47"
"l10npy_rcsdc_2701","2701","YHACA GUAZU","l10npy_rcsd_47"
"l10npy_rcsdc_2702","2702","ZACARIAS - I","l10npy_rcsd_47"
"l10npy_rcsdc_2703","2703","ZACARIAS GUAZU","l10npy_rcsd_47"
"l10npy_rcsdc_2704","2704","ÑU PUAJHU","l10npy_rcsd_47"
"l10npy_rcsdc_2705","2705","INDEPENDENCIA (R.D.MELGAREJO)","l10npy_rcsd_48"
"l10npy_rcsdc_2706","2706","ARROYO ARA","l10npy_rcsd_48"
"l10npy_rcsdc_2707","2707","CALLE ALTA","l10npy_rcsd_48"
"l10npy_rcsdc_2708","2708","CALLE DOS MIL","l10npy_rcsd_48"
"l10npy_rcsdc_2709","2709","CALLE MIL","l10npy_rcsd_48"
"l10npy_rcsdc_2710","2710","CAMPITO","l10npy_rcsd_48"
"l10npy_rcsdc_2711","2711","CAMPO LEGAL","l10npy_rcsd_48"
"l10npy_rcsdc_2712","2712","CAPII","l10npy_rcsd_48"
"l10npy_rcsdc_2713","2713","CARLOS PFANNLL","l10npy_rcsd_48"
"l10npy_rcsdc_2714","2714","CERRITO","l10npy_rcsd_48"
"l10npy_rcsdc_2715","2715","CERRO CORA","l10npy_rcsd_48"
"l10npy_rcsdc_2716","2716","CERRO LEON","l10npy_rcsd_48"
"l10npy_rcsdc_2717","2717","COL. INDEPENDENCIA","l10npy_rcsd_48"
"l10npy_rcsdc_2718","2718","CURUZUPE","l10npy_rcsd_48"
"l10npy_rcsdc_2719","2719","GUAJHO","l10npy_rcsd_48"
"l10npy_rcsdc_2720","2720","ITA AZUL","l10npy_rcsd_48"
"l10npy_rcsdc_2721","2721","MAINUMBY","l10npy_rcsd_48"
"l10npy_rcsdc_2722","2722","MAYOR CUE","l10npy_rcsd_48"
"l10npy_rcsdc_2723","2723","PALÑETEY","l10npy_rcsd_48"
"l10npy_rcsdc_2724","2724","PFANNLL","l10npy_rcsd_48"
"l10npy_rcsdc_2725","2725","PLANTA","l10npy_rcsd_48"
"l10npy_rcsdc_2726","2726","PLANTA URBANA","l10npy_rcsd_48"
"l10npy_rcsdc_2727","2727","POT.BLANCO-2,3,4,5,6,7,8 LINEA","l10npy_rcsd_48"
"l10npy_rcsdc_2728","2728","PRIMAVERA","l10npy_rcsd_48"
"l10npy_rcsdc_2729","2729","PUNTA","l10npy_rcsd_48"
"l10npy_rcsdc_2730","2730","PUNTA CHACHI","l10npy_rcsd_48"
"l10npy_rcsdc_2731","2731","RANCHO CAZADOR","l10npy_rcsd_48"
"l10npy_rcsdc_2732","2732","SAN ANTONIO","l10npy_rcsd_48"
"l10npy_rcsdc_2733","2733","SAN GERVASIO","l10npy_rcsd_48"
"l10npy_rcsdc_2734","2734","SAN ROQUE ( CALLE )","l10npy_rcsd_48"
"l10npy_rcsdc_2735","2735","SANTA CATALINA","l10npy_rcsd_48"
"l10npy_rcsdc_2736","2736","SANTA CECILIA","l10npy_rcsd_48"
"l10npy_rcsdc_2737","2737","SANTO DOMINGO","l10npy_rcsd_48"
"l10npy_rcsdc_2738","2738","TERCERA FRACCION","l10npy_rcsd_48"
"l10npy_rcsdc_2739","2739","VISTA ALEGRE","l10npy_rcsd_48"
"l10npy_rcsdc_2740","2740","ZORRILLA","l10npy_rcsd_48"
"l10npy_rcsdc_2741","2741","GRAL.EUGENIO A. GARAY","l10npy_rcsd_49"
"l10npy_rcsdc_2742","2742","BENITO CUE","l10npy_rcsd_49"
"l10npy_rcsdc_2743","2743","CIERVO CUA GUAZU","l10npy_rcsd_49"
"l10npy_rcsdc_2744","2744","CIERVO CUA MI","l10npy_rcsd_49"
"l10npy_rcsdc_2745","2745","FLORIDO","l10npy_rcsd_49"
"l10npy_rcsdc_2746","2746","GRAL. E. A. GARAY","l10npy_rcsd_49"
"l10npy_rcsdc_2747","2747","KILOMETRO 26","l10npy_rcsd_49"
"l10npy_rcsdc_2748","2748","KILOMETRO 29","l10npy_rcsd_49"
"l10npy_rcsdc_2749","2749","KYRAYTY","l10npy_rcsd_49"
"l10npy_rcsdc_2750","2750","POTRERO JHU","l10npy_rcsd_49"
"l10npy_rcsdc_2751","2751","ROQUE G. DE SANTA CRUZ","l10npy_rcsd_49"
"l10npy_rcsdc_2752","2752","SAN BLAS","l10npy_rcsd_49"
"l10npy_rcsdc_2753","2753","SAN JOSE","l10npy_rcsd_49"
"l10npy_rcsdc_2754","2754","SAN PATRICIO","l10npy_rcsd_49"
"l10npy_rcsdc_2755","2755","SANTA CATALINA","l10npy_rcsd_49"
"l10npy_rcsdc_2756","2756","YATE - I","l10npy_rcsd_49"
"l10npy_rcsdc_2757","2757","YOHERE","l10npy_rcsd_49"
"l10npy_rcsdc_2758","2758","ÑANDU CUA - I","l10npy_rcsd_49"
"l10npy_rcsdc_2759","2759","ÑU PUAJHU - MI","l10npy_rcsd_49"
"l10npy_rcsdc_6334","6334","POTRERO YBATE","l10npy_rcsd_49"
"l10npy_rcsdc_6335","6335","SAN ROQUE","l10npy_rcsd_49"
"l10npy_rcsdc_6336","6336","ÑANDU CUA","l10npy_rcsd_49"
"l10npy_rcsdc_2760","2760","CNEL. MARTINEZ","l10npy_rcsd_50"
"l10npy_rcsdc_2761","2761","ARECO","l10npy_rcsd_50"
"l10npy_rcsdc_2762","2762","ARROYITO","l10npy_rcsd_50"
"l10npy_rcsdc_2763","2763","CAPELLAN CARDOZO","l10npy_rcsd_50"
"l10npy_rcsdc_2764","2764","CHACRA NORTE","l10npy_rcsd_50"
"l10npy_rcsdc_2765","2765","CHACRA SUR","l10npy_rcsd_50"
"l10npy_rcsdc_2766","2766","CORONEL MARTINEZ","l10npy_rcsd_50"
"l10npy_rcsdc_2767","2767","COSTA - I","l10npy_rcsd_50"
"l10npy_rcsdc_2768","2768","COSTA BARRIOS","l10npy_rcsd_50"
"l10npy_rcsdc_2769","2769","ESTACION COLONIA - I","l10npy_rcsd_50"
"l10npy_rcsdc_2770","2770","ESTANCIA FORTEZA","l10npy_rcsd_50"
"l10npy_rcsdc_2771","2771","ESTANCIA JESUS","l10npy_rcsd_50"
"l10npy_rcsdc_2772","2772","FERREIRAS","l10npy_rcsd_50"
"l10npy_rcsdc_2773","2773","LOMA PINDO","l10npy_rcsd_50"
"l10npy_rcsdc_2774","2774","MONGES JHUGUA","l10npy_rcsd_50"
"l10npy_rcsdc_2775","2775","POTRERO VILLER","l10npy_rcsd_50"
"l10npy_rcsdc_2776","2776","TTE. BOGADO","l10npy_rcsd_50"
"l10npy_rcsdc_6337","6337","AZUC.PARAG.(AZUCARERA PARANA)","l10npy_rcsd_50"
"l10npy_rcsdc_6338","6338","ESTACION FORTALEZA","l10npy_rcsd_50"
"l10npy_rcsdc_6339","6339","MONGES PASO","l10npy_rcsd_50"
"l10npy_rcsdc_2777","2777","JOSE FASSARDI","l10npy_rcsd_51"
"l10npy_rcsdc_2778","2778","1RO. DE MARZO","l10npy_rcsd_51"
"l10npy_rcsdc_2779","2779","CAGUARE-I","l10npy_rcsd_51"
"l10npy_rcsdc_2780","2780","CAÑADA TAPY-I","l10npy_rcsd_51"
"l10npy_rcsdc_2781","2781","FASSARDI","l10npy_rcsd_51"
"l10npy_rcsdc_2782","2782","KILOMETRO 13","l10npy_rcsd_51"
"l10npy_rcsdc_2783","2783","KILOMETRO 3","l10npy_rcsd_51"
"l10npy_rcsdc_2784","2784","KILOMETRO 31","l10npy_rcsd_51"
"l10npy_rcsdc_2785","2785","KILOMETRO 35","l10npy_rcsd_51"
"l10npy_rcsdc_2786","2786","KILOMETRO 36","l10npy_rcsd_51"
"l10npy_rcsdc_2787","2787","PALMITO","l10npy_rcsd_51"
"l10npy_rcsdc_2788","2788","SAN AGUSTIN","l10npy_rcsd_51"
"l10npy_rcsdc_2789","2789","SAN ANTONIO","l10npy_rcsd_51"
"l10npy_rcsdc_2790","2790","SAN ROQUE","l10npy_rcsd_51"
"l10npy_rcsdc_2791","2791","SANTA ANA","l10npy_rcsd_51"
"l10npy_rcsdc_2792","2792","SANTA ROSA","l10npy_rcsd_51"
"l10npy_rcsdc_2793","2793","TAJHY-I","l10npy_rcsd_51"
"l10npy_rcsdc_2794","2794","ÑU PUAJHU - MI","l10npy_rcsd_51"
"l10npy_rcsdc_6340","6340","AMAMBAY","l10npy_rcsd_51"
"l10npy_rcsdc_6341","6341","KILOMETRO 17","l10npy_rcsd_51"
"l10npy_rcsdc_6342","6342","LOTE-I","l10npy_rcsd_51"
"l10npy_rcsdc_6343","6343","SAN PABLO","l10npy_rcsd_51"
"l10npy_rcsdc_6344","6344","ÑU PUAJHU","l10npy_rcsd_51"
"l10npy_rcsdc_2795","2795","FELIX PEREZ CARDOZO","l10npy_rcsd_52"
"l10npy_rcsdc_2796","2796","AQUINO COSTA","l10npy_rcsd_52"
"l10npy_rcsdc_2797","2797","BOMBILLA","l10npy_rcsd_52"
"l10npy_rcsdc_2798","2798","CERRITO","l10npy_rcsd_52"
"l10npy_rcsdc_2799","2799","COCUERE GUAZU","l10npy_rcsd_52"
"l10npy_rcsdc_2800","2800","COSTA MERCADO","l10npy_rcsd_52"
"l10npy_rcsdc_2801","2801","CUNDY","l10npy_rcsd_52"
"l10npy_rcsdc_2802","2802","ESTACION COSTA","l10npy_rcsd_52"
"l10npy_rcsdc_2803","2803","FELIX PEREZ CARDOZO","l10npy_rcsd_52"
"l10npy_rcsdc_2804","2804","JHUGUA","l10npy_rcsd_52"
"l10npy_rcsdc_2805","2805","POTRERO BENITEZ","l10npy_rcsd_52"
"l10npy_rcsdc_2806","2806","POTRERO MELGAREJO","l10npy_rcsd_52"
"l10npy_rcsdc_2807","2807","RANCHO SAN ANTONIO","l10npy_rcsd_52"
"l10npy_rcsdc_2808","2808","TABAI","l10npy_rcsd_52"
"l10npy_rcsdc_2809","2809","TORO","l10npy_rcsd_52"
"l10npy_rcsdc_6345","6345","CAPILLA COSTA","l10npy_rcsd_52"
"l10npy_rcsdc_2810","2810","MAURICIO JOSE TROCHE","l10npy_rcsd_53"
"l10npy_rcsdc_2811","2811","C. FASSARDI","l10npy_rcsd_53"
"l10npy_rcsdc_2812","2812","CERRO PUNTA","l10npy_rcsd_53"
"l10npy_rcsdc_2813","2813","CIERVO CUA","l10npy_rcsd_53"
"l10npy_rcsdc_2814","2814","COLEGIO COOPERATIVA","l10npy_rcsd_53"
"l10npy_rcsdc_2815","2815","CORA GUAZU-1RA-2DA. CALLES","l10npy_rcsd_53"
"l10npy_rcsdc_2816","2816","COSTA CABALLERO","l10npy_rcsd_53"
"l10npy_rcsdc_2817","2817","COSTA PUCU","l10npy_rcsd_53"
"l10npy_rcsdc_2818","2818","ITACURUBI","l10npy_rcsd_53"
"l10npy_rcsdc_2819","2819","MAURICIO JOSE TROCHE","l10npy_rcsd_53"
"l10npy_rcsdc_2820","2820","SAN SALVADOR ( BALANZA 1 )","l10npy_rcsd_53"
"l10npy_rcsdc_2821","2821","ITAPE","l10npy_rcsd_54"
"l10npy_rcsdc_2822","2822","ESTACION DEMATTEI","l10npy_rcsd_54"
"l10npy_rcsdc_2823","2823","ESTACION ELISA ( MUSSI )","l10npy_rcsd_54"
"l10npy_rcsdc_2824","2824","ESTACION ELISA ( RETIRO )","l10npy_rcsd_54"
"l10npy_rcsdc_2825","2825","ESTACION MBOJHAPHY(SACARRELLO)","l10npy_rcsd_54"
"l10npy_rcsdc_2826","2826","ÑUMI","l10npy_rcsd_54"
"l10npy_rcsdc_2827","2827","ITURBE","l10npy_rcsd_55"
"l10npy_rcsdc_2828","2828","CAAGUY CUPE","l10npy_rcsd_55"
"l10npy_rcsdc_2829","2829","CAPILLA TUYA","l10npy_rcsd_55"
"l10npy_rcsdc_2830","2830","LOMA BARRETO","l10npy_rcsd_55"
"l10npy_rcsdc_2831","2831","POTRERO BENEGAS","l10npy_rcsd_55"
"l10npy_rcsdc_2832","2832","PUESTO CAAGUY","l10npy_rcsd_55"
"l10npy_rcsdc_2833","2833","TEBICUARY COSTA","l10npy_rcsd_55"
"l10npy_rcsdc_2834","2834","VALLE PYTA","l10npy_rcsd_55"
"l10npy_rcsdc_2835","2835","MBOCAYATY","l10npy_rcsd_56"
"l10npy_rcsdc_2836","2836","CAP. SAMUDIO","l10npy_rcsd_56"
"l10npy_rcsdc_2837","2837","CARANDAY","l10npy_rcsd_56"
"l10npy_rcsdc_2838","2838","CARANDAYTY RUGUA","l10npy_rcsd_56"
"l10npy_rcsdc_2839","2839","COL. NAVILLE (CAPIITINDY)","l10npy_rcsd_56"
"l10npy_rcsdc_2840","2840","COSTA MBOCAYATY","l10npy_rcsd_56"
"l10npy_rcsdc_2841","2841","COSTA PISADERA","l10npy_rcsd_56"
"l10npy_rcsdc_2842","2842","ESTANCIA NAVILLE","l10npy_rcsd_56"
"l10npy_rcsdc_2843","2843","ESTANCIA SAN FELIPE","l10npy_rcsd_56"
"l10npy_rcsdc_2844","2844","LOMA BARRETO","l10npy_rcsd_56"
"l10npy_rcsdc_2845","2845","MBOCAYATY ( MUNICIPIO )","l10npy_rcsd_56"
"l10npy_rcsdc_2846","2846","M. GONDRA","l10npy_rcsd_56"
"l10npy_rcsdc_2847","2847","PIRITY","l10npy_rcsd_56"
"l10npy_rcsdc_2848","2848","PTO. FRANCO","l10npy_rcsd_56"
"l10npy_rcsdc_2849","2849","STA. BARBARA","l10npy_rcsd_56"
"l10npy_rcsdc_2850","2850","TACUARITA","l10npy_rcsd_56"
"l10npy_rcsdc_2851","2851","NATALICIO TALAVERA","l10npy_rcsd_57"
"l10npy_rcsdc_2852","2852","1RA. LINEA BARRERA JHU","l10npy_rcsd_57"
"l10npy_rcsdc_2853","2853","2DA. LINEA","l10npy_rcsd_57"
"l10npy_rcsdc_2854","2854","3RA. LINEA","l10npy_rcsd_57"
"l10npy_rcsdc_2855","2855","ARROYO COSTA","l10npy_rcsd_57"
"l10npy_rcsdc_2856","2856","CARO ISLA","l10npy_rcsd_57"
"l10npy_rcsdc_2857","2857","ISLA","l10npy_rcsd_57"
"l10npy_rcsdc_2858","2858","JHUGUA","l10npy_rcsd_57"
"l10npy_rcsdc_2859","2859","LOTE PUCU","l10npy_rcsd_57"
"l10npy_rcsdc_2860","2860","NATALICIO TALAVERA","l10npy_rcsd_57"
"l10npy_rcsdc_2861","2861","POZO ITA","l10npy_rcsd_57"
"l10npy_rcsdc_2862","2862","POTRERITO","l10npy_rcsd_57"
"l10npy_rcsdc_2863","2863","ZANJA PYTA 4TA. LINEA","l10npy_rcsd_57"
"l10npy_rcsdc_2864","2864","SAN JOSE","l10npy_rcsd_57"
"l10npy_rcsdc_2865","2865","SANTA ROSA","l10npy_rcsd_57"
"l10npy_rcsdc_2866","2866","ÑUMI","l10npy_rcsd_58"
"l10npy_rcsdc_2867","2867","CAAGUY CUPE","l10npy_rcsd_58"
"l10npy_rcsdc_2868","2868","CAPILLA TUYA","l10npy_rcsd_58"
"l10npy_rcsdc_2869","2869","LOMA BARRETO","l10npy_rcsd_58"
"l10npy_rcsdc_2870","2870","POTRERO BENEGAS","l10npy_rcsd_58"
"l10npy_rcsdc_2871","2871","PUESTO CAAGUY","l10npy_rcsd_58"
"l10npy_rcsdc_2872","2872","TEBICUARY COSTA","l10npy_rcsd_58"
"l10npy_rcsdc_2873","2873","VALLE PYTA","l10npy_rcsd_58"
"l10npy_rcsdc_2874","2874","YATAITY ( MUNICIPIO )","l10npy_rcsd_58"
"l10npy_rcsdc_2875","2875","YATAITY","l10npy_rcsd_59"
"l10npy_rcsdc_2876","2876","EST. DEMATEI","l10npy_rcsd_59"
"l10npy_rcsdc_2877","2877","EST. ELISA ( MUSSI )","l10npy_rcsd_59"
"l10npy_rcsdc_2878","2878","EST. ELISA ( RETIRO )","l10npy_rcsd_59"
"l10npy_rcsdc_2879","2879","EST. MBOJHAPY ( SACCARELLO )","l10npy_rcsd_59"
"l10npy_rcsdc_2880","2880","ÑUMI","l10npy_rcsd_59"
"l10npy_rcsdc_2881","2881","DR. BOTREL","l10npy_rcsd_60"
"l10npy_rcsdc_2882","2882","B.GOROSTIAGA","l10npy_rcsd_60"
"l10npy_rcsdc_2883","2883","COL.DR.BOTREL","l10npy_rcsd_60"
"l10npy_rcsdc_2884","2884","TACUAPITY","l10npy_rcsd_60"
"l10npy_rcsdc_2885","2885","ÑUMI","l10npy_rcsd_60"
"l10npy_rcsdc_4595","4595","PASO YOBAY","l10npy_rcsd_225"
"l10npy_rcsdc_6388","6388","BARRERO NARANJA","l10npy_rcsd_246"
"l10npy_rcsdc_6389","6389","CERRO CORA","l10npy_rcsd_246"
"l10npy_rcsdc_6390","6390","CONCEPCION-MI","l10npy_rcsd_246"
"l10npy_rcsdc_6391","6391","EST. ACOSTA","l10npy_rcsd_246"
"l10npy_rcsdc_6392","6392","EST. SAN MIGUEL","l10npy_rcsd_246"
"l10npy_rcsdc_6393","6393","FLORIDA","l10npy_rcsd_246"
"l10npy_rcsdc_6394","6394","PERULERO","l10npy_rcsd_246"
"l10npy_rcsdc_6395","6395","POTRERITO","l10npy_rcsd_246"
"l10npy_rcsdc_6396","6396","STA. ELENA","l10npy_rcsd_246"
"l10npy_rcsdc_6397","6397","SAN LUIS","l10npy_rcsd_246"
"l10npy_rcsdc_6398","6398","STA. ROSA","l10npy_rcsd_246"
"l10npy_rcsdc_6416","6416","CHACRA NORTE","l10npy_rcsd_265"
"l10npy_rcsdc_6417","6417","CHACRA SUR","l10npy_rcsd_265"
"l10npy_rcsdc_6418","6418","AVIACION","l10npy_rcsd_265"
"l10npy_rcsdc_6419","6419","LOMA PINDO","l10npy_rcsd_265"
"l10npy_rcsdc_6420","6420","URBANIZACION","l10npy_rcsd_265"
"l10npy_rcsdc_525","525","TORIN INDIGENA 2DA.","l10npy_rcsd_66"
"l10npy_rcsdc_526","526","TRAPICHE","l10npy_rcsd_66"
"l10npy_rcsdc_527","527","TUCU CANGUE","l10npy_rcsd_66"
"l10npy_rcsdc_528","528","UNION","l10npy_rcsd_66"
"l10npy_rcsdc_529","529","YBU","l10npy_rcsd_66"
"l10npy_rcsdc_530","530","YOIBY","l10npy_rcsd_66"
"l10npy_rcsdc_531","531","YUKYRY","l10npy_rcsd_66"
"l10npy_rcsdc_532","532","YUKYRY (COMPAÑIA)","l10npy_rcsd_66"
"l10npy_rcsdc_533","533","YUKYRY 2DA.","l10npy_rcsd_66"
"l10npy_rcsdc_534","534","YUKYRY INDIGENA","l10npy_rcsd_66"
"l10npy_rcsdc_535","535","ZELANO","l10npy_rcsd_66"
"l10npy_rcsdc_536","536","ÑATIURY 1RO.","l10npy_rcsd_66"
"l10npy_rcsdc_537","537","ÑATIURY GUAZU","l10npy_rcsd_66"
"l10npy_rcsdc_538","538","ÑATIURY MI","l10npy_rcsd_66"
"l10npy_rcsdc_539","539","ÑATIURY-MI 2DA.LINEA","l10npy_rcsd_66"
"l10npy_rcsdc_540","540","ÑUPY","l10npy_rcsd_66"
"l10npy_rcsdc_2154","2154","R.I.6 2DA.LINEA","l10npy_rcsd_66"
"l10npy_rcsdc_2155","2155","R.I.6 BOQUERON","l10npy_rcsd_66"
"l10npy_rcsdc_2156","2156","SAN AGUSTIN","l10npy_rcsd_66"
"l10npy_rcsdc_2157","2157","SAN JOAQUIN (MUNICIPIO)","l10npy_rcsd_66"
"l10npy_rcsdc_2158","2158","SAN MIGUEL","l10npy_rcsd_66"
"l10npy_rcsdc_2159","2159","TACUAPI","l10npy_rcsd_66"
"l10npy_rcsdc_2160","2160","TAPIRACUAI","l10npy_rcsd_66"
"l10npy_rcsdc_2161","2161","TAPIRACUAI LOMA","l10npy_rcsd_66"
"l10npy_rcsdc_2162","2162","TARUMA-I","l10npy_rcsd_66"
"l10npy_rcsdc_2163","2163","TEJAS CUE","l10npy_rcsd_66"
"l10npy_rcsdc_2164","2164","TEYU PA","l10npy_rcsd_66"
"l10npy_rcsdc_2165","2165","TORO ACA","l10npy_rcsd_66"
"l10npy_rcsdc_2166","2166","TORIN 2DA.","l10npy_rcsd_66"
"l10npy_rcsdc_2167","2167","TORIN CUE","l10npy_rcsd_66"
"l10npy_rcsdc_2168","2168","TORIN CUE INDIGENA","l10npy_rcsd_66"
"l10npy_rcsdc_3245","3245","SAN JOAQUIN","l10npy_rcsd_66"
"l10npy_rcsdc_3246","3246","2DA.LINEA AÑARETANGUE","l10npy_rcsd_66"
"l10npy_rcsdc_3247","3247","ACARETANGUE CALLE 2DA.","l10npy_rcsd_66"
"l10npy_rcsdc_3248","3248","ADMINISTRACION FINAY","l10npy_rcsd_66"
"l10npy_rcsdc_3249","3249","ARROYO ACARETANGUE","l10npy_rcsd_66"
"l10npy_rcsdc_3250","3250","CABAYU RAY","l10npy_rcsd_66"
"l10npy_rcsdc_3251","3251","CALLE 20","l10npy_rcsd_66"
"l10npy_rcsdc_3252","3252","CAPIITINDY","l10npy_rcsd_66"
"l10npy_rcsdc_3253","3253","CARPA CUE","l10npy_rcsd_66"
"l10npy_rcsdc_3254","3254","CARPA CUE 1RA.LINEA","l10npy_rcsd_66"
"l10npy_rcsdc_3255","3255","CERRITO","l10npy_rcsd_66"
"l10npy_rcsdc_3256","3256","CERRITO FINAY","l10npy_rcsd_66"
"l10npy_rcsdc_3257","3257","CERRO CUE","l10npy_rcsd_66"
"l10npy_rcsdc_3258","3258","CHACHI","l10npy_rcsd_66"
"l10npy_rcsdc_3259","3259","CHOLOLO","l10npy_rcsd_66"
"l10npy_rcsdc_3260","3260","COL.JUAN R. CHAVEZ(SANTA ROSA)","l10npy_rcsd_66"
"l10npy_rcsdc_3261","3261","COSTA ALEGRE","l10npy_rcsd_66"
"l10npy_rcsdc_3262","3262","COSTA GUAJHA","l10npy_rcsd_66"
"l10npy_rcsdc_3263","3263","COSTA GUAJHA","l10npy_rcsd_66"
"l10npy_rcsdc_3264","3264","GUAJHO","l10npy_rcsd_66"
"l10npy_rcsdc_3265","3265","INDUSTRIA CUE","l10npy_rcsd_66"
"l10npy_rcsdc_3266","3266","INVERNADA","l10npy_rcsd_66"
"l10npy_rcsdc_3267","3267","ITA CUATIA","l10npy_rcsd_66"
"l10npy_rcsdc_3268","3268","JHUGUA POI","l10npy_rcsd_66"
"l10npy_rcsdc_3269","3269","JHU-YBARA","l10npy_rcsd_66"
"l10npy_rcsdc_3270","3270","L. TAMBOR","l10npy_rcsd_66"
"l10npy_rcsdc_3271","3271","LAGUNA PYTA","l10npy_rcsd_66"
"l10npy_rcsdc_3272","3272","MANDYYUTYCUE","l10npy_rcsd_66"
"l10npy_rcsdc_3273","3273","MBUTYY MI","l10npy_rcsd_66"
"l10npy_rcsdc_3274","3274","MBUYUI CUA","l10npy_rcsd_66"
"l10npy_rcsdc_3275","3275","MONTE ALTO","l10npy_rcsd_66"
"l10npy_rcsdc_3276","3276","NOGUEIRO 2DA.","l10npy_rcsd_66"
"l10npy_rcsdc_3277","3277","OLLA RUGUA","l10npy_rcsd_66"
"l10npy_rcsdc_3278","3278","OMBU CUA","l10npy_rcsd_66"
"l10npy_rcsdc_3279","3279","PASO ITA","l10npy_rcsd_66"
"l10npy_rcsdc_3280","3280","PINDO","l10npy_rcsd_66"
"l10npy_rcsdc_3281","3281","POTRERITO","l10npy_rcsd_66"
"l10npy_rcsdc_3282","3282","POTRERITO 1RA.","l10npy_rcsd_66"
"l10npy_rcsdc_3283","3283","POTRERO APUA","l10npy_rcsd_66"
"l10npy_rcsdc_3284","3284","POTRERO GUAYAKI","l10npy_rcsd_66"
"l10npy_rcsdc_3285","3285","POTRERO PUCU","l10npy_rcsd_66"
"l10npy_rcsdc_3286","3286","POTRERO VERDE","l10npy_rcsd_66"
"l10npy_rcsdc_6369","6369","3RA.LINEA","l10npy_rcsd_66"
"l10npy_rcsdc_6370","6370","ARROYO PANAMBI","l10npy_rcsd_66"
"l10npy_rcsdc_6371","6371","CAÑADA SAN BLAS","l10npy_rcsd_66"
"l10npy_rcsdc_6372","6372","COL.JUAN E.BOGARIN","l10npy_rcsd_66"
"l10npy_rcsdc_6373","6373","GUARDIA CUE","l10npy_rcsd_66"
"l10npy_rcsdc_6374","6374","JHUGUA VERDE","l10npy_rcsd_66"
"l10npy_rcsdc_6375","6375","MBUTYY","l10npy_rcsd_66"
"l10npy_rcsdc_6376","6376","NOGUEIRO CUE","l10npy_rcsd_66"
"l10npy_rcsdc_6377","6377","PIRI POTY","l10npy_rcsd_66"
"l10npy_rcsdc_6378","6378","POTRERO JARDIN","l10npy_rcsd_66"
"l10npy_rcsdc_541","541","SAN JOSE","l10npy_rcsd_67"
"l10npy_rcsdc_542","542","CACHINDY","l10npy_rcsd_67"
"l10npy_rcsdc_543","543","CARIY CAÑADA","l10npy_rcsd_67"
"l10npy_rcsdc_544","544","COL.PTE. FRANCO","l10npy_rcsd_67"
"l10npy_rcsdc_545","545","COSTA POI","l10npy_rcsd_67"
"l10npy_rcsdc_546","546","COSTA PUCU","l10npy_rcsd_67"
"l10npy_rcsdc_547","547","ESTANCIA BELLA VISTA","l10npy_rcsd_67"
"l10npy_rcsdc_548","548","ESTANCIA CABRAL","l10npy_rcsd_67"
"l10npy_rcsdc_549","549","ESTANCIA CABUREI","l10npy_rcsd_67"
"l10npy_rcsdc_550","550","ESTANCIA H.","l10npy_rcsd_67"
"l10npy_rcsdc_551","551","ESTANCIA SAN PATRICIO","l10npy_rcsd_67"
"l10npy_rcsdc_552","552","ESTANCIA YUKERY","l10npy_rcsd_67"
"l10npy_rcsdc_553","553","LAGUNA VERDE","l10npy_rcsd_67"
"l10npy_rcsdc_554","554","MANDIO","l10npy_rcsd_67"
"l10npy_rcsdc_555","555","MELLO","l10npy_rcsd_67"
"l10npy_rcsdc_556","556","MONTE ALTO","l10npy_rcsd_67"
"l10npy_rcsdc_557","557","POTRERITO","l10npy_rcsd_67"
"l10npy_rcsdc_558","558","POTRERO IRALA","l10npy_rcsd_67"
"l10npy_rcsdc_559","559","ROAS","l10npy_rcsd_67"
"l10npy_rcsdc_560","560","SAN ISIDRO","l10npy_rcsd_67"
"l10npy_rcsdc_561","561","SAN JOSE (MUNICIPIO)","l10npy_rcsd_67"
"l10npy_rcsdc_562","562","SAN LUIS","l10npy_rcsd_67"
"l10npy_rcsdc_563","563","SAN PATRICIO","l10npy_rcsd_67"
"l10npy_rcsdc_564","564","TTE.DAKAC","l10npy_rcsd_67"
"l10npy_rcsdc_565","565","U PAU","l10npy_rcsd_67"
"l10npy_rcsdc_566","566","YACU BARRETO","l10npy_rcsd_67"
"l10npy_rcsdc_567","567","YCUA PORA","l10npy_rcsd_67"
"l10npy_rcsdc_568","568","YHACA","l10npy_rcsd_67"
"l10npy_rcsdc_569","569","ÑA CUALI CUE","l10npy_rcsd_67"
"l10npy_rcsdc_570","570","ÑANDU CUA","l10npy_rcsd_67"
"l10npy_rcsdc_571","571","YHU","l10npy_rcsd_68"
"l10npy_rcsdc_572","572","ADMINISTRACION KM.8","l10npy_rcsd_68"
"l10npy_rcsdc_573","573","AGUADA","l10npy_rcsd_68"
"l10npy_rcsdc_574","574","ARROYO PALOMARES","l10npy_rcsd_68"
"l10npy_rcsdc_575","575","BAQUERIA","l10npy_rcsd_68"
"l10npy_rcsdc_576","576","BELLA VISTA","l10npy_rcsd_68"
"l10npy_rcsdc_577","577","BLANCARA","l10npy_rcsd_68"
"l10npy_rcsdc_578","578","BUENA VISTA (YHU)","l10npy_rcsd_68"
"l10npy_rcsdc_579","579","BUEY CANGUE","l10npy_rcsd_68"
"l10npy_rcsdc_580","580","CAMPANARIO","l10npy_rcsd_68"
"l10npy_rcsdc_581","581","CANO CUE","l10npy_rcsd_68"
"l10npy_rcsdc_582","582","CARRENTINA (SAN MIGUEL)","l10npy_rcsd_68"
"l10npy_rcsdc_583","583","CARRERIAS","l10npy_rcsd_68"
"l10npy_rcsdc_584","584","CAÑADA MONDAY","l10npy_rcsd_68"
"l10npy_rcsdc_585","585","CAÑADITA","l10npy_rcsd_68"
"l10npy_rcsdc_586","586","CEDRO TY","l10npy_rcsd_68"
"l10npy_rcsdc_587","587","COL.JUAN L. MALLORQUIN","l10npy_rcsd_68"
"l10npy_rcsdc_588","588","JUAN S. BOGARIN","l10npy_rcsd_68"
"l10npy_rcsdc_589","589","COL.PABRAS","l10npy_rcsd_68"
"l10npy_rcsdc_590","590","COL. RUSSEL SMITH","l10npy_rcsd_68"
"l10npy_rcsdc_591","591","CORRENTINA GUAZU","l10npy_rcsd_68"
"l10npy_rcsdc_592","592","COSTA BARRIOS","l10npy_rcsd_68"
"l10npy_rcsdc_593","593","CURUPAY CARAPE","l10npy_rcsd_68"
"l10npy_rcsdc_594","594","CURURU","l10npy_rcsd_68"
"l10npy_rcsdc_595","595","CURURU LONONES","l10npy_rcsd_68"
"l10npy_rcsdc_596","596","CURUZU KAA","l10npy_rcsd_68"
"l10npy_rcsdc_597","597","CASILLA 2","l10npy_rcsd_68"
"l10npy_rcsdc_598","598","DONCELLA","l10npy_rcsd_68"
"l10npy_rcsdc_599","599","EPI-CUE","l10npy_rcsd_68"
"l10npy_rcsdc_600","600","ESTANCIA MARGARITA","l10npy_rcsd_68"
"l10npy_rcsdc_601","601","ESTANCIA PALOMARES","l10npy_rcsd_68"
"l10npy_rcsdc_602","602","GUA A CUA","l10npy_rcsd_68"
"l10npy_rcsdc_603","603","GUILLERMINA","l10npy_rcsd_68"
"l10npy_rcsdc_604","604","GULLON POTRERO","l10npy_rcsd_68"
"l10npy_rcsdc_605","605","HORNALLA CUE","l10npy_rcsd_68"
"l10npy_rcsdc_606","606","IGAMI","l10npy_rcsd_68"
"l10npy_rcsdc_607","607","INDIGENA ACARAY","l10npy_rcsd_68"
"l10npy_rcsdc_608","608","ISLA TACUARA","l10npy_rcsd_68"
"l10npy_rcsdc_609","609","ISLA YACU","l10npy_rcsd_68"
"l10npy_rcsdc_610","610","LAGUNA","l10npy_rcsd_68"
"l10npy_rcsdc_611","611","LAGUNA PYTA","l10npy_rcsd_68"
"l10npy_rcsdc_612","612","LAGUNA VERA","l10npy_rcsd_68"
"l10npy_rcsdc_613","613","MACHAIN CUE","l10npy_rcsd_68"
"l10npy_rcsdc_614","614","MARACANA","l10npy_rcsd_68"
"l10npy_rcsdc_615","615","MBARACAYU","l10npy_rcsd_68"
"l10npy_rcsdc_616","616","MBARACAYU FLORIDO","l10npy_rcsd_68"
"l10npy_rcsdc_617","617","MBOI-Y","l10npy_rcsd_68"
"l10npy_rcsdc_618","618","NARVAEZ CUE","l10npy_rcsd_68"
"l10npy_rcsdc_619","619","NDUN CUE","l10npy_rcsd_68"
"l10npy_rcsdc_620","620","OBRAJE MBOCAYA-I","l10npy_rcsd_68"
"l10npy_rcsdc_621","621","PALOMARES","l10npy_rcsd_68"
"l10npy_rcsdc_622","622","PANAMBI","l10npy_rcsd_68"
"l10npy_rcsdc_623","623","PASO CADENA","l10npy_rcsd_68"
"l10npy_rcsdc_624","624","PASO ITA","l10npy_rcsd_68"
"l10npy_rcsdc_625","625","PASTOREO-MI","l10npy_rcsd_68"
"l10npy_rcsdc_626","626","PINDO","l10npy_rcsd_68"
"l10npy_rcsdc_627","627","PIQUETE-CUE","l10npy_rcsd_68"
"l10npy_rcsdc_628","628","PIRA-ÑARO","l10npy_rcsd_68"
"l10npy_rcsdc_629","629","PLANCHADA TALAVERA","l10npy_rcsd_68"
"l10npy_rcsdc_630","630","POTRERITO","l10npy_rcsd_68"
"l10npy_rcsdc_631","631","POTRERO ALVAREZ","l10npy_rcsd_68"
"l10npy_rcsdc_632","632","POTRERO CORA","l10npy_rcsd_68"
"l10npy_rcsdc_633","633","POTRERO GUAZU","l10npy_rcsd_68"
"l10npy_rcsdc_634","634","PUENTECITA","l10npy_rcsd_68"
"l10npy_rcsdc_635","635","PUERTO JULIA","l10npy_rcsd_68"
"l10npy_rcsdc_636","636","PUERTO MAMORA","l10npy_rcsd_68"
"l10npy_rcsdc_637","637","PUERTO MANCUELLO","l10npy_rcsd_68"
"l10npy_rcsdc_638","638","PUERTO MOROTI","l10npy_rcsd_68"
"l10npy_rcsdc_639","639","PUESTO ALOJA","l10npy_rcsd_68"
"l10npy_rcsdc_640","640","PUESTO INDIGENA","l10npy_rcsd_68"
"l10npy_rcsdc_641","641","RANCHO CAPULLO","l10npy_rcsd_68"
"l10npy_rcsdc_642","642","RANCHO ARENA","l10npy_rcsd_68"
"l10npy_rcsdc_643","643","ROMERO CUE","l10npy_rcsd_68"
"l10npy_rcsdc_644","644","RIOS CUE","l10npy_rcsd_68"
"l10npy_rcsdc_645","645","SALMENA CUE","l10npy_rcsd_68"
"l10npy_rcsdc_646","646","SAN ANTONIO","l10npy_rcsd_68"
"l10npy_rcsdc_647","647","SAN RAFAEL","l10npy_rcsd_68"
"l10npy_rcsdc_648","648","SANJA MOROTI","l10npy_rcsd_68"
"l10npy_rcsdc_649","649","SANTA ANA","l10npy_rcsd_68"
"l10npy_rcsdc_650","650","SANTA LIBRADA","l10npy_rcsd_68"
"l10npy_rcsdc_651","651","SANTA TERESA","l10npy_rcsd_68"
"l10npy_rcsdc_652","652","SATI","l10npy_rcsd_68"
"l10npy_rcsdc_653","653","SYRYCA","l10npy_rcsd_68"
"l10npy_rcsdc_654","654","SANCHEZ CUE","l10npy_rcsd_68"
"l10npy_rcsdc_655","655","TARUMA-I","l10npy_rcsd_68"
"l10npy_rcsdc_656","656","TARUMA 1RA. Y 2DA. LINEA","l10npy_rcsd_68"
"l10npy_rcsdc_657","657","TARUMA BOLSA","l10npy_rcsd_68"
"l10npy_rcsdc_658","658","TOBATI","l10npy_rcsd_68"
"l10npy_rcsdc_659","659","TURCO CUE","l10npy_rcsd_68"
"l10npy_rcsdc_660","660","VALLE-I","l10npy_rcsd_68"
"l10npy_rcsdc_661","661","VILLA MARIA BONITA","l10npy_rcsd_68"
"l10npy_rcsdc_662","662","YACARE CAI","l10npy_rcsd_68"
"l10npy_rcsdc_663","663","YAJHAPE-O","l10npy_rcsd_68"
"l10npy_rcsdc_664","664","YAJHAPE-O 2DO.","l10npy_rcsd_68"
"l10npy_rcsdc_665","665","YATAITY","l10npy_rcsd_68"
"l10npy_rcsdc_666","666","YBYPYTA","l10npy_rcsd_68"
"l10npy_rcsdc_667","667","YBYRACATU","l10npy_rcsd_68"
"l10npy_rcsdc_668","668","YHU (MUNICIPIO)","l10npy_rcsd_68"
"l10npy_rcsdc_669","669","YOIBY","l10npy_rcsd_68"
"l10npy_rcsdc_670","670","ZAPALLO","l10npy_rcsd_68"
"l10npy_rcsdc_671","671","ZAYAS CUE","l10npy_rcsd_68"
"l10npy_rcsdc_672","672","ÑEMBIARA","l10npy_rcsd_68"
"l10npy_rcsdc_673","673","ÑURAVIYU","l10npy_rcsd_68"
"l10npy_rcsdc_674","674","ÑU PUCU","l10npy_rcsd_68"
"l10npy_rcsdc_6193","6193","OBRAJE SANTA CATALINA","l10npy_rcsd_68"
"l10npy_rcsdc_6194","6194","PATRIMONIO","l10npy_rcsd_68"
"l10npy_rcsdc_6195","6195","POROMBO JHE","l10npy_rcsd_68"
"l10npy_rcsdc_6196","6196","PUERTO ESPINOZA","l10npy_rcsd_68"
"l10npy_rcsdc_6197","6197","PUERTO PORVENIR","l10npy_rcsd_68"
"l10npy_rcsdc_6198","6198","ROSILLO","l10npy_rcsd_68"
"l10npy_rcsdc_6199","6199","SANJA JHU","l10npy_rcsd_68"
"l10npy_rcsdc_6200","6200","SANTA ROSA","l10npy_rcsd_68"
"l10npy_rcsdc_6201","6201","TARUMA","l10npy_rcsd_68"
"l10npy_rcsdc_6202","6202","TORO","l10npy_rcsd_68"
"l10npy_rcsdc_6203","6203","VILLALBA CUE","l10npy_rcsd_68"
"l10npy_rcsdc_6204","6204","YATAI","l10npy_rcsd_68"
"l10npy_rcsdc_6205","6205","YUQUYRY","l10npy_rcsd_68"
"l10npy_rcsdc_6206","6206","ÑUMBUCU","l10npy_rcsd_68"
"l10npy_rcsdc_675","675","JUAN MANUEL FRUTOS","l10npy_rcsd_69"
"l10npy_rcsdc_676","676","1,2 LINEA (COL.PTE.STROESSNER)","l10npy_rcsd_69"
"l10npy_rcsdc_677","677","1A.LINEA YTU","l10npy_rcsd_69"
"l10npy_rcsdc_678","678","2A. LINEA YTU","l10npy_rcsd_69"
"l10npy_rcsdc_679","679","B. VISTA","l10npy_rcsd_69"
"l10npy_rcsdc_680","680","CA.AY","l10npy_rcsd_69"
"l10npy_rcsdc_681","681","CAIBO","l10npy_rcsd_69"
"l10npy_rcsdc_682","682","CALLE 1 (COL.PTE.STROESSNER)","l10npy_rcsd_69"
"l10npy_rcsdc_683","683","CALLE 2 (PTE.STROESNER)","l10npy_rcsd_69"
"l10npy_rcsdc_684","684","CALLE 3 (PTE.STROESSNER)","l10npy_rcsd_69"
"l10npy_rcsdc_685","685","CALLE 4 SAN AGUSTIN","l10npy_rcsd_69"
"l10npy_rcsdc_686","686","CALLE 5 YSAU","l10npy_rcsd_69"
"l10npy_rcsdc_687","687","CAMPO 1 COL.BERTHAL","l10npy_rcsd_69"
"l10npy_rcsdc_688","688","CAMPO 10 COL.BERTHAL","l10npy_rcsd_69"
"l10npy_rcsdc_689","689","CAMPO 11 COL.BERTHAL","l10npy_rcsd_69"
"l10npy_rcsdc_690","690","CAMPO 12 COL.BERTHAL","l10npy_rcsd_69"
"l10npy_rcsdc_691","691","CAMPO 2 COL.BERTHAL","l10npy_rcsd_69"
"l10npy_rcsdc_692","692","CAMPO 3 COL.BERTHAL","l10npy_rcsd_69"
"l10npy_rcsdc_693","693","CAMPO 4 COL.BERTHAL","l10npy_rcsd_69"
"l10npy_rcsdc_694","694","CAMPO 5 COL.BERTHAL","l10npy_rcsd_69"
"l10npy_rcsdc_695","695","CAMPO 5 COL.BERTHAL","l10npy_rcsd_69"
"l10npy_rcsdc_696","696","CAMPO 7 COL.BERTHAL","l10npy_rcsd_69"
"l10npy_rcsdc_697","697","CAMPO 8 COL.BERTHAL","l10npy_rcsd_69"
"l10npy_rcsdc_698","698","CAMPO 9 COL.BERTHAL","l10npy_rcsd_69"
"l10npy_rcsdc_699","699","CARRERIA-I","l10npy_rcsd_69"
"l10npy_rcsdc_700","700","COL.JUAN M. FRUTOS (MUNICIPIO)","l10npy_rcsd_69"
"l10npy_rcsdc_701","701","COL.STO.DOMINGO GUZMAN","l10npy_rcsd_69"
"l10npy_rcsdc_702","702","CRUCE PASTOREO","l10npy_rcsd_69"
"l10npy_rcsdc_703","703","ESTANCIA AQUINO","l10npy_rcsd_69"
"l10npy_rcsdc_704","704","ESTANCIA FLEITAS","l10npy_rcsd_69"
"l10npy_rcsdc_705","705","ESTANCIA GUGGIARI","l10npy_rcsd_69"
"l10npy_rcsdc_706","706","ESTANCIA VERBENA","l10npy_rcsd_69"
"l10npy_rcsdc_707","707","GRINGO CUE","l10npy_rcsd_69"
"l10npy_rcsdc_708","708","ISLA VERA","l10npy_rcsd_69"
"l10npy_rcsdc_709","709","LOPEZ-I","l10npy_rcsd_69"
"l10npy_rcsdc_710","710","PUENTE VAVA","l10npy_rcsd_69"
"l10npy_rcsdc_711","711","PUENTECITA","l10npy_rcsd_69"
"l10npy_rcsdc_712","712","PUESTO CARMEN","l10npy_rcsd_69"
"l10npy_rcsdc_713","713","PUESTO CURUPICAY","l10npy_rcsd_69"
"l10npy_rcsdc_714","714","PUESTO ISIDRO FLEITAS.","l10npy_rcsd_69"
"l10npy_rcsdc_715","715","PUESTO LAGUNITA (POTRERO)","l10npy_rcsd_69"
"l10npy_rcsdc_716","716","SAN AGUSTIN","l10npy_rcsd_69"
"l10npy_rcsdc_717","717","SANJA PE","l10npy_rcsd_69"
"l10npy_rcsdc_718","718","SANTA CARMEN","l10npy_rcsd_69"
"l10npy_rcsdc_719","719","TATACUA-I","l10npy_rcsd_69"
"l10npy_rcsdc_720","720","TEMBETARY","l10npy_rcsd_69"
"l10npy_rcsdc_721","721","TORO CAI","l10npy_rcsd_69"
"l10npy_rcsdc_722","722","TORIN","l10npy_rcsd_69"
"l10npy_rcsdc_723","723","VALLE CUE","l10npy_rcsd_69"
"l10npy_rcsdc_724","724","YACARE","l10npy_rcsd_69"
"l10npy_rcsdc_725","725","YBYJHU","l10npy_rcsd_69"
"l10npy_rcsdc_726","726","YBYRA POCA","l10npy_rcsd_69"
"l10npy_rcsdc_727","727","YBU","l10npy_rcsd_69"
"l10npy_rcsdc_728","728","YPANARA","l10npy_rcsd_69"
"l10npy_rcsdc_729","729","YUKYRY","l10npy_rcsd_69"
"l10npy_rcsdc_730","730","ÑURUNDIAY","l10npy_rcsd_69"
"l10npy_rcsdc_731","731","REPATRIACION","l10npy_rcsd_70"
"l10npy_rcsdc_732","732","3 DE NOVIEMBRE","l10npy_rcsd_70"
"l10npy_rcsdc_733","733","AVALOS A.JOSE (COLONIA)","l10npy_rcsd_70"
"l10npy_rcsdc_734","734","CHACO-RE (COLONIA)","l10npy_rcsd_70"
"l10npy_rcsdc_735","735","COL. REPATRIACION","l10npy_rcsd_70"
"l10npy_rcsdc_736","736","COL.SAN MIGUEL","l10npy_rcsd_70"
"l10npy_rcsdc_737","737","JUAN R. CHAVEZ","l10npy_rcsd_71"
"l10npy_rcsdc_738","738","CIA. CERRO PYTA","l10npy_rcsd_71"
"l10npy_rcsdc_739","739","CIA. COSTA CHAJHA","l10npy_rcsd_71"
"l10npy_rcsdc_740","740","CIA.GUARDIA CUE","l10npy_rcsd_71"
"l10npy_rcsdc_741","741","CIA. GUAZU RETA","l10npy_rcsd_71"
"l10npy_rcsdc_742","742","CIA. JHUGUA GRANDE","l10npy_rcsd_71"
"l10npy_rcsdc_743","743","CIA. POTRERITO","l10npy_rcsd_71"
"l10npy_rcsdc_744","744","CIA. POTRERO","l10npy_rcsd_71"
"l10npy_rcsdc_745","745","CIA. POTRERO JABON","l10npy_rcsd_71"
"l10npy_rcsdc_746","746","CIA. SAN AGUSTIN","l10npy_rcsd_71"
"l10npy_rcsdc_747","747","CIA. SANTA LUCIA","l10npy_rcsd_71"
"l10npy_rcsdc_748","748","CIA. TRAPICHE","l10npy_rcsd_71"
"l10npy_rcsdc_749","749","CIA. VIRGEN DE FATIMA","l10npy_rcsd_71"
"l10npy_rcsdc_750","750","CIA. ÑATIURUGUAZU","l10npy_rcsd_71"
"l10npy_rcsdc_751","751","ESTACION CABAYU RAY","l10npy_rcsd_71"
"l10npy_rcsdc_752","752","J. EULOGIO ESTIGARRIBIA","l10npy_rcsd_72"
"l10npy_rcsdc_753","753","CAMPO 9","l10npy_rcsd_72"
"l10npy_rcsdc_754","754","COL.BERZTHAL","l10npy_rcsd_72"
"l10npy_rcsdc_755","755","COL.GRAL.STROESSNER","l10npy_rcsd_72"
"l10npy_rcsdc_756","756","CIA.MARACAGUA","l10npy_rcsd_72"
"l10npy_rcsdc_757","757","JOSE D. OCAMPOS","l10npy_rcsd_73"
"l10npy_rcsdc_758","758","CHARIDE","l10npy_rcsd_73"
"l10npy_rcsdc_759","759","CIA. HILARIO CUE","l10npy_rcsd_73"
"l10npy_rcsdc_760","760","ESTACION SAN LUIS","l10npy_rcsd_73"
"l10npy_rcsdc_761","761","LA VIRGINIA","l10npy_rcsd_73"
"l10npy_rcsdc_762","762","PASTOREO MI","l10npy_rcsd_73"
"l10npy_rcsdc_763","763","SANTA CARMEN","l10npy_rcsd_73"
"l10npy_rcsdc_764","764","TORIN","l10npy_rcsd_73"
"l10npy_rcsdc_765","765","ZAPALLO","l10npy_rcsd_73"
"l10npy_rcsdc_766","766","R.I.3 CORRALES","l10npy_rcsd_74"
"l10npy_rcsdc_767","767","1ER. POTRERO","l10npy_rcsd_74"
"l10npy_rcsdc_768","768","2DO. POTRERO","l10npy_rcsd_74"
"l10npy_rcsdc_769","769","3R.POTRERO","l10npy_rcsd_74"
"l10npy_rcsdc_770","770","CALLE 10","l10npy_rcsd_74"
"l10npy_rcsdc_771","771","CALLE 12","l10npy_rcsd_74"
"l10npy_rcsdc_772","772","CALLE 2","l10npy_rcsd_74"
"l10npy_rcsdc_773","773","CALLE 4","l10npy_rcsd_74"
"l10npy_rcsdc_774","774","CALLE 6","l10npy_rcsd_74"
"l10npy_rcsdc_775","775","CALLE 8","l10npy_rcsd_74"
"l10npy_rcsdc_776","776","PASO ITA","l10npy_rcsd_74"
"l10npy_rcsdc_777","777","POTRERO BIYU","l10npy_rcsd_74"
"l10npy_rcsdc_778","778","RAUL A. OVIEDO","l10npy_rcsd_75"
"l10npy_rcsdc_779","779","BUENA VISTA","l10npy_rcsd_75"
"l10npy_rcsdc_780","780","COL.CNEL TOLEDO","l10npy_rcsd_75"
"l10npy_rcsdc_781","781","COL. GUAJHORY","l10npy_rcsd_75"
"l10npy_rcsdc_782","782","COL. PANAMBI","l10npy_rcsd_75"
"l10npy_rcsdc_783","783","COL. TEMBIAPORA","l10npy_rcsd_75"
"l10npy_rcsdc_784","784","COL. TRES PALMAS","l10npy_rcsd_75"
"l10npy_rcsdc_785","785","COL. CEDROTY","l10npy_rcsd_75"
"l10npy_rcsdc_786","786","COMPAÑIA","l10npy_rcsd_75"
"l10npy_rcsdc_787","787","COMPAÑIA LUCERO","l10npy_rcsd_75"
"l10npy_rcsdc_788","788","COMPAÑIA PIRAY","l10npy_rcsd_75"
"l10npy_rcsdc_789","789","COMPAÑIA SANCHEZ CUE","l10npy_rcsd_75"
"l10npy_rcsdc_790","790","CIA. DONCELLA","l10npy_rcsd_75"
"l10npy_rcsdc_791","791","ZAYAS CUE","l10npy_rcsd_75"
"l10npy_rcsdc_6207","6207","COMPAÑIA ÑUABIYU","l10npy_rcsd_75"
"l10npy_rcsdc_792","792","MCAL.F.SOLANO LOPEZ","l10npy_rcsd_76"
"l10npy_rcsdc_793","793","COL.SANTA TERESA","l10npy_rcsd_76"
"l10npy_rcsdc_794","794","CIA. BUENA VISTA","l10npy_rcsd_76"
"l10npy_rcsdc_795","795","CIA. PASO BOLI","l10npy_rcsd_76"
"l10npy_rcsdc_796","796","CIA. POTRERO BULLON","l10npy_rcsd_76"
"l10npy_rcsdc_797","797","CIA. MACHAIN CUE","l10npy_rcsd_76"
"l10npy_rcsdc_798","798","CIA. MACHIAN CUE","l10npy_rcsd_76"
"l10npy_rcsdc_799","799","CIA. PALOMARES","l10npy_rcsd_76"
"l10npy_rcsdc_800","800","PUESTO YUKERI","l10npy_rcsd_76"
"l10npy_rcsdc_6208","6208","COL. PASO CADENA","l10npy_rcsd_76"
"l10npy_rcsdc_6209","6209","CURUZU LORENZO","l10npy_rcsd_76"
"l10npy_rcsdc_2886","2886","CNEL. OVIEDO","l10npy_rcsd_61"
"l10npy_rcsdc_2887","2887","12 DE JUNIO 1RA.","l10npy_rcsd_61"
"l10npy_rcsdc_2888","2888","12 DE JUNIO 2DA.","l10npy_rcsd_61"
"l10npy_rcsdc_2889","2889","1RO DE JUNIO","l10npy_rcsd_61"
"l10npy_rcsdc_2890","2890","1RO. DE MARZO","l10npy_rcsd_61"
"l10npy_rcsdc_2891","2891","3 DE MAYO ( CALLE )","l10npy_rcsd_61"
"l10npy_rcsdc_2892","2892","AGUAPETY","l10npy_rcsd_61"
"l10npy_rcsdc_2893","2893","AZUCENA","l10npy_rcsd_61"
"l10npy_rcsdc_2894","2894","B. FATIMA","l10npy_rcsd_61"
"l10npy_rcsdc_2895","2895","BOQUERON","l10npy_rcsd_61"
"l10npy_rcsdc_2896","2896","C. BORDENAVE","l10npy_rcsd_61"
"l10npy_rcsdc_2897","2897","CAAGUY CUPE","l10npy_rcsd_61"
"l10npy_rcsdc_2898","2898","CAITA","l10npy_rcsd_61"
"l10npy_rcsdc_2899","2899","CALLE 1 BLAS GARAY","l10npy_rcsd_61"
"l10npy_rcsdc_2900","2900","CALLE 10 TACUA CORA","l10npy_rcsd_61"
"l10npy_rcsdc_2901","2901","CALLE 12 TAYAO","l10npy_rcsd_61"
"l10npy_rcsdc_2902","2902","CALLE 124 TAYAO","l10npy_rcsd_61"
"l10npy_rcsdc_2903","2903","CALLE 13 TAYAO","l10npy_rcsd_61"
"l10npy_rcsdc_2904","2904","CALLE 14 TAYAO","l10npy_rcsd_61"
"l10npy_rcsdc_2905","2905","CALLE 16 TAYAO","l10npy_rcsd_61"
"l10npy_rcsdc_2906","2906","CALLE 18 TAYAO","l10npy_rcsd_61"
"l10npy_rcsdc_2907","2907","CALLE 2 BLAS GARAY","l10npy_rcsd_61"
"l10npy_rcsdc_2908","2908","CALLE 2 TACUA CORA","l10npy_rcsd_61"
"l10npy_rcsdc_2909","2909","CALLE 20 TAYAO","l10npy_rcsd_61"
"l10npy_rcsdc_2910","2910","CALLE 20 TAYAO ZONA NORTE","l10npy_rcsd_61"
"l10npy_rcsdc_2911","2911","CALLE 22 TAYAO","l10npy_rcsd_61"
"l10npy_rcsdc_2912","2912","CALLE 24 TAYAO","l10npy_rcsd_61"
"l10npy_rcsdc_2913","2913","CALLE 26 TAYAO","l10npy_rcsd_61"
"l10npy_rcsdc_2914","2914","CALLE 3 BLAS GARAY","l10npy_rcsd_61"
"l10npy_rcsdc_2915","2915","CALLE 4 TACUA CORA","l10npy_rcsd_61"
"l10npy_rcsdc_2916","2916","CALLE 6 TACUA CORA","l10npy_rcsd_61"
"l10npy_rcsdc_2917","2917","CALLE 8 TACUA CORA","l10npy_rcsd_61"
"l10npy_rcsdc_2918","2918","CALLE A TACUA CORA","l10npy_rcsd_61"
"l10npy_rcsdc_2919","2919","CALLE ARENA","l10npy_rcsd_61"
"l10npy_rcsdc_2920","2920","CALLE ARROZ","l10npy_rcsd_61"
"l10npy_rcsdc_2921","2921","CALLE FLORICA","l10npy_rcsd_61"
"l10npy_rcsdc_2922","2922","COL. GENARO ROMERO","l10npy_rcsd_61"
"l10npy_rcsdc_2923","2923","CALLE GUAZU","l10npy_rcsd_61"
"l10npy_rcsdc_2924","2924","CALLE ITACURUBI","l10npy_rcsd_61"
"l10npy_rcsdc_2925","2925","CALLE JIMENEZ","l10npy_rcsd_61"
"l10npy_rcsdc_2926","2926","CALLE MOREIRA","l10npy_rcsd_61"
"l10npy_rcsdc_2927","2927","CALLE PYAJHU","l10npy_rcsd_61"
"l10npy_rcsdc_2928","2928","CALLE SAN FRANCISCO","l10npy_rcsd_61"
"l10npy_rcsdc_2929","2929","CANGAI","l10npy_rcsd_61"
"l10npy_rcsdc_2930","2930","CAPILLITA","l10npy_rcsd_61"
"l10npy_rcsdc_2931","2931","CAPITAN ROA","l10npy_rcsd_61"
"l10npy_rcsdc_2932","2932","CARAGUATAY MI","l10npy_rcsd_61"
"l10npy_rcsdc_2933","2933","CARANDAYTY","l10npy_rcsd_61"
"l10npy_rcsdc_2934","2934","CERRITO","l10npy_rcsd_61"
"l10npy_rcsdc_2935","2935","CHASE CUE","l10npy_rcsd_61"
"l10npy_rcsdc_2936","2936","CHIRCA TY","l10npy_rcsd_61"
"l10npy_rcsdc_2937","2937","CNEL. OVIEDO","l10npy_rcsd_61"
"l10npy_rcsdc_2938","2938","COL. SANTA MARIA","l10npy_rcsd_61"
"l10npy_rcsdc_2939","2939","COSTA JHU","l10npy_rcsd_61"
"l10npy_rcsdc_2940","2940","COSTA VARELA","l10npy_rcsd_61"
"l10npy_rcsdc_2941","2941","CUARTO POTRERO","l10npy_rcsd_61"
"l10npy_rcsdc_2942","2942","CURUCAU","l10npy_rcsd_61"
"l10npy_rcsdc_2943","2943","ESPINILLO","l10npy_rcsd_61"
"l10npy_rcsdc_2944","2944","ESTANCIA BALANZA","l10npy_rcsd_61"
"l10npy_rcsdc_2945","2945","ESTANCIA ISLA NEGRA","l10npy_rcsd_61"
"l10npy_rcsdc_2946","2946","ESTANCIA JOSEFINA","l10npy_rcsd_61"
"l10npy_rcsdc_2947","2947","ESTANCIA LOMA","l10npy_rcsd_61"
"l10npy_rcsdc_2948","2948","ESTANCIA ORTIZ","l10npy_rcsd_61"
"l10npy_rcsdc_2949","2949","ESTANCIA PACURI","l10npy_rcsd_61"
"l10npy_rcsdc_2950","2950","ESTANCIA SAMUDIO","l10npy_rcsd_61"
"l10npy_rcsdc_2951","2951","ESTANCIA VEGA","l10npy_rcsd_61"
"l10npy_rcsdc_2952","2952","FRANCO CUE","l10npy_rcsd_61"
"l10npy_rcsdc_2953","2953","JHUGUA GUAZU","l10npy_rcsd_61"
"l10npy_rcsdc_2954","2954","LA BARREREÑA","l10npy_rcsd_61"
"l10npy_rcsdc_2955","2955","LEIVA I","l10npy_rcsd_61"
"l10npy_rcsdc_2956","2956","MBURURU OCA","l10npy_rcsd_61"
"l10npy_rcsdc_2957","2957","OLEGARIO","l10npy_rcsd_61"
"l10npy_rcsdc_2958","2958","OVANDO","l10npy_rcsd_61"
"l10npy_rcsdc_2959","2959","PINDO TY","l10npy_rcsd_61"
"l10npy_rcsdc_2960","2960","PIQUETE CUE","l10npy_rcsd_61"
"l10npy_rcsdc_2961","2961","POTRERITO","l10npy_rcsd_61"
"l10npy_rcsdc_2962","2962","POTRERITO OCULTO","l10npy_rcsd_61"
"l10npy_rcsdc_2963","2963","POTRERO BALBINA","l10npy_rcsd_61"
"l10npy_rcsdc_2964","2964","POTRERO CERCADO","l10npy_rcsd_61"
"l10npy_rcsdc_2965","2965","POTRERO CUE","l10npy_rcsd_61"
"l10npy_rcsdc_2966","2966","POTRERO SAN ROQUE","l10npy_rcsd_61"
"l10npy_rcsdc_2967","2967","PUESTO CAAGUY RORY","l10npy_rcsd_61"
"l10npy_rcsdc_2968","2968","QUELITA","l10npy_rcsd_61"
"l10npy_rcsdc_2969","2969","SAN ANTONIO","l10npy_rcsd_61"
"l10npy_rcsdc_2970","2970","SAN AGUSTIN","l10npy_rcsd_61"
"l10npy_rcsdc_2971","2971","SAN MIGUEL","l10npy_rcsd_61"
"l10npy_rcsdc_2972","2972","SAN PEDRO","l10npy_rcsd_61"
"l10npy_rcsdc_2973","2973","SAN ROQUE","l10npy_rcsd_61"
"l10npy_rcsdc_2974","2974","SANTA LIBRADA","l10npy_rcsd_61"
"l10npy_rcsdc_2975","2975","SANTA MARIA","l10npy_rcsd_61"
"l10npy_rcsdc_2976","2976","SARO CARO","l10npy_rcsd_61"
"l10npy_rcsdc_2977","2977","SETECIENTOS","l10npy_rcsd_61"
"l10npy_rcsdc_2978","2978","TACURUTY ( CALLE )","l10npy_rcsd_61"
"l10npy_rcsdc_2979","2979","TAMBO ( TAMBOR ) ( TAMBORIL )","l10npy_rcsd_61"
"l10npy_rcsdc_2980","2980","TAVY","l10npy_rcsd_61"
"l10npy_rcsdc_2981","2981","TUYU PACU","l10npy_rcsd_61"
"l10npy_rcsdc_2982","2982","VOLCAN CUE","l10npy_rcsd_61"
"l10npy_rcsdc_2983","2983","YCUA CAAGUY","l10npy_rcsd_61"
"l10npy_rcsdc_2984","2984","YCUA PORA","l10npy_rcsd_61"
"l10npy_rcsdc_2985","2985","YPORA","l10npy_rcsd_61"
"l10npy_rcsdc_2986","2986","YUQUYTY","l10npy_rcsd_61"
"l10npy_rcsdc_2987","2987","ÑU RUGUA","l10npy_rcsd_61"
"l10npy_rcsdc_6346","6346","CALLE 4 BLAS GARAY","l10npy_rcsd_61"
"l10npy_rcsdc_6347","6347","DON BOSCO","l10npy_rcsd_61"
"l10npy_rcsdc_6348","6348","CALLE INFANTIL","l10npy_rcsd_61"
"l10npy_rcsdc_6349","6349","CALLE SANTO DOMINGO","l10npy_rcsd_61"
"l10npy_rcsdc_6350","6350","CAYGUA COCUE","l10npy_rcsd_61"
"l10npy_rcsdc_6351","6351","COSTA ALEGRE","l10npy_rcsd_61"
"l10npy_rcsdc_6352","6352","ESCALADA CUE","l10npy_rcsd_61"
"l10npy_rcsdc_6353","6353","ESTANCIA LA QUERENCIA","l10npy_rcsd_61"
"l10npy_rcsdc_6354","6354","ISLA PUCU","l10npy_rcsd_61"
"l10npy_rcsdc_6355","6355","MBURURU PY","l10npy_rcsd_61"
"l10npy_rcsdc_6356","6356","PLACIDO","l10npy_rcsd_61"
"l10npy_rcsdc_2988","2988","CAAGUAZU","l10npy_rcsd_62"
"l10npy_rcsdc_2989","2989","1 Y 3 LINEA ( ISAU )","l10npy_rcsd_62"
"l10npy_rcsdc_2990","2990","1,2,3,4 LINEA(B.EUGEN.A.GARAY)","l10npy_rcsd_62"
"l10npy_rcsdc_2991","2991","1,2,3,4,5,6 LINEA(C.EX-COMBAT)","l10npy_rcsd_62"
"l10npy_rcsdc_2992","2992","1,2,3,4,5,8,10 LINEA (BALANZA)","l10npy_rcsd_62"
"l10npy_rcsdc_2993","2993","1RA. Y 2DA.LINEA(SAN SALVADOR)","l10npy_rcsd_62"
"l10npy_rcsdc_2994","2994","2DA.LINEA ( INDIGENA )","l10npy_rcsd_62"
"l10npy_rcsdc_2995","2995","2DA.LINEA (TACURU PYTA)","l10npy_rcsd_62"
"l10npy_rcsdc_2996","2996","2DA. LINEA GUAJHO","l10npy_rcsd_62"
"l10npy_rcsdc_2997","2997","3 DE MAYO - I","l10npy_rcsd_62"
"l10npy_rcsdc_2998","2998","3 DE MAYO-GUAZU (INDIGENA)","l10npy_rcsd_62"
"l10npy_rcsdc_2999","2999","3,4,5,6 LINEA AGUA GUAZU","l10npy_rcsd_62"
"l10npy_rcsdc_3000","3000","3RA. Y 4TA. LINEA (SAN MIGUEL)","l10npy_rcsd_62"
"l10npy_rcsdc_3001","3001","4TA. Y 5TA. LINEA (LA FABRIL)","l10npy_rcsd_62"
"l10npy_rcsdc_3002","3002","5TA.LINEA(COL. CABALLERO A.)","l10npy_rcsd_62"
"l10npy_rcsdc_3003","3003","6 DE ENERO","l10npy_rcsd_62"
"l10npy_rcsdc_3004","3004","AGUA-I","l10npy_rcsd_62"
"l10npy_rcsdc_3005","3005","AMBAHY","l10npy_rcsd_62"
"l10npy_rcsdc_3006","3006","APY - A","l10npy_rcsd_62"
"l10npy_rcsdc_3007","3007","ARROYITO","l10npy_rcsd_62"
"l10npy_rcsdc_3008","3008","ARROYO ANGUA","l10npy_rcsd_62"
"l10npy_rcsdc_3009","3009","ARROYO GUAVIRA","l10npy_rcsd_62"
"l10npy_rcsdc_3010","3010","ARROYO GUAZU","l10npy_rcsd_62"
"l10npy_rcsdc_3011","3011","ARROYO JHU","l10npy_rcsd_62"
"l10npy_rcsdc_3012","3012","ARROYO MOROTI","l10npy_rcsd_62"
"l10npy_rcsdc_3013","3013","ARROYO TERERE","l10npy_rcsd_62"
"l10npy_rcsdc_3014","3014","BAEZ CUE","l10npy_rcsd_62"
"l10npy_rcsdc_3015","3015","BARRIO E. A. GARAY","l10npy_rcsd_62"
"l10npy_rcsdc_3016","3016","BARRIO E.A.GARAY 3RA. LINEA A","l10npy_rcsd_62"
"l10npy_rcsdc_3017","3017","BARRIO GRAL.F.CABALLERO A.","l10npy_rcsd_62"
"l10npy_rcsdc_3018","3018","BARRIO INMIGRANTE","l10npy_rcsd_62"
"l10npy_rcsdc_3019","3019","BARRIO SAN LORENZO","l10npy_rcsd_62"
"l10npy_rcsdc_3020","3020","BARRIO SAN ROQUE","l10npy_rcsd_62"
"l10npy_rcsdc_3021","3021","BARRIO SANTA ISABEL","l10npy_rcsd_62"
"l10npy_rcsdc_3022","3022","BRASILERO CUE","l10npy_rcsd_62"
"l10npy_rcsdc_3023","3023","BRAZIL CUE","l10npy_rcsd_62"
"l10npy_rcsdc_3024","3024","CAACHIRI (LOC. INDIGENA)","l10npy_rcsd_62"
"l10npy_rcsdc_3025","3025","CAAGUAZU ( MUNICIPIO )","l10npy_rcsd_62"
"l10npy_rcsdc_3026","3026","CAAMINDY","l10npy_rcsd_62"
"l10npy_rcsdc_3027","3027","CABAYU - Y","l10npy_rcsd_62"
"l10npy_rcsdc_3028","3028","CACHIMBO","l10npy_rcsd_62"
"l10npy_rcsdc_3029","3029","CALLE 1 BLAS GARAY","l10npy_rcsd_62"
"l10npy_rcsdc_3030","3030","CALLE 1,2,3 Y 4 CACHIMBO","l10npy_rcsd_62"
"l10npy_rcsdc_3031","3031","CALLE 2 BLAS GARAY","l10npy_rcsd_62"
"l10npy_rcsdc_3032","3032","CALLE 3 BLAS GARAY","l10npy_rcsd_62"
"l10npy_rcsdc_3033","3033","CALLE 4 BLAS GARAY","l10npy_rcsd_62"
"l10npy_rcsdc_3034","3034","CALLE 5","l10npy_rcsd_62"
"l10npy_rcsdc_3035","3035","CALLE SAN ISIDRO","l10npy_rcsd_62"
"l10npy_rcsdc_3036","3036","CALLE SAN MIGUEL","l10npy_rcsd_62"
"l10npy_rcsdc_3037","3037","CAMBAY","l10npy_rcsd_62"
"l10npy_rcsdc_3038","3038","CAMPO 1 COL.SOMMERFELD","l10npy_rcsd_62"
"l10npy_rcsdc_3039","3039","CAOMPO 10 ( COL. SOMMERFELD )","l10npy_rcsd_62"
"l10npy_rcsdc_3040","3040","CAMPO 11 COL. SOMMERFELD","l10npy_rcsd_62"
"l10npy_rcsdc_3041","3041","CAMPO 2 SOMMERFELD","l10npy_rcsd_62"
"l10npy_rcsdc_3042","3042","CAMPO 3 ) COL. SOMMERFELD )","l10npy_rcsd_62"
"l10npy_rcsdc_3043","3043","CAMPO 4 SOMMERFELD","l10npy_rcsd_62"
"l10npy_rcsdc_3044","3044","CAMPO 5 - I","l10npy_rcsd_62"
"l10npy_rcsdc_3045","3045","CAMPO 5 COL. SOMMERFELD","l10npy_rcsd_62"
"l10npy_rcsdc_3046","3046","CAMPO 7","l10npy_rcsd_62"
"l10npy_rcsdc_3047","3047","CAMPO 8","l10npy_rcsd_62"
"l10npy_rcsdc_3048","3048","CAMPO 9 ( COL. SOMMERFELD )","l10npy_rcsd_62"
"l10npy_rcsdc_3049","3049","CAMPO G.(COL. SOMMERFELD )","l10npy_rcsd_62"
"l10npy_rcsdc_3050","3050","CAMPO NUEVO","l10npy_rcsd_62"
"l10npy_rcsdc_3051","3051","CAPITAN CUE","l10npy_rcsd_62"
"l10npy_rcsdc_3052","3052","CARRERIA CUE","l10npy_rcsd_62"
"l10npy_rcsdc_3053","3053","CAI","l10npy_rcsd_62"
"l10npy_rcsdc_3054","3054","CAÑADA","l10npy_rcsd_62"
"l10npy_rcsdc_3055","3055","CAÑADA DEL MONTE(J.E.OCAMPOS)","l10npy_rcsd_62"
"l10npy_rcsdc_3056","3056","CERRITO","l10npy_rcsd_62"
"l10npy_rcsdc_3057","3057","CERRO CAACUPE","l10npy_rcsd_62"
"l10npy_rcsdc_3058","3058","CERRO PERO","l10npy_rcsd_62"
"l10npy_rcsdc_3059","3059","CHACO-I","l10npy_rcsd_62"
"l10npy_rcsdc_3060","3060","CIERVO CUA","l10npy_rcsd_62"
"l10npy_rcsdc_3061","3061","COL. GRAL. DELGADO","l10npy_rcsd_62"
"l10npy_rcsdc_3062","3062","COL. LUIS IRRAZABAL","l10npy_rcsd_62"
"l10npy_rcsdc_3063","3063","COL. MARIA AUXILIADORA","l10npy_rcsd_62"
"l10npy_rcsdc_3064","3064","COL. SUDESIA","l10npy_rcsd_62"
"l10npy_rcsdc_3065","3065","COL. W. INSFRAN","l10npy_rcsd_62"
"l10npy_rcsdc_3066","3066","COL.JOSE OCAMPOS 1,2,3,4 LINEA","l10npy_rcsd_62"
"l10npy_rcsdc_3067","3067","COMPAÑIA FINAGRAI","l10npy_rcsd_62"
"l10npy_rcsdc_3068","3068","COSTA","l10npy_rcsd_62"
"l10npy_rcsdc_3069","3069","CULANTRILLO","l10npy_rcsd_62"
"l10npy_rcsdc_3070","3070","CURUPAY","l10npy_rcsd_62"
"l10npy_rcsdc_3071","3071","CURUZU","l10npy_rcsd_62"
"l10npy_rcsdc_3072","3072","CURUZU ( TAPY-I )","l10npy_rcsd_62"
"l10npy_rcsdc_3073","3073","CURUPI CUA","l10npy_rcsd_62"
"l10npy_rcsdc_3074","3074","DESGRACIA CUE","l10npy_rcsd_62"
"l10npy_rcsdc_3075","3075","DR. DOMINGO MONTANARO","l10npy_rcsd_62"
"l10npy_rcsdc_3076","3076","EMPALADO ARI","l10npy_rcsd_62"
"l10npy_rcsdc_3077","3077","GUARRAUNGUA 1RA.","l10npy_rcsd_62"
"l10npy_rcsdc_3078","3078","GUAYAKI CUA","l10npy_rcsd_62"
"l10npy_rcsdc_3079","3079","GUAYAKI CAAGUY","l10npy_rcsd_62"
"l10npy_rcsdc_3080","3080","IPAU","l10npy_rcsd_62"
"l10npy_rcsdc_3081","3081","IPYTA","l10npy_rcsd_62"
"l10npy_rcsdc_3082","3082","ITA ( INDIGENA )","l10npy_rcsd_62"
"l10npy_rcsdc_3083","3083","LA VIRGINIA","l10npy_rcsd_62"
"l10npy_rcsdc_3084","3084","LAGUNA PYTA","l10npy_rcsd_62"
"l10npy_rcsdc_3085","3085","LUCHI CUE","l10npy_rcsd_62"
"l10npy_rcsdc_3086","3086","MANGRULLO","l10npy_rcsd_62"
"l10npy_rcsdc_3087","3087","MAXIMINA","l10npy_rcsd_62"
"l10npy_rcsdc_3088","3088","MBOCAYA I","l10npy_rcsd_62"
"l10npy_rcsdc_3089","3089","MBOI CAE-GUAZU","l10npy_rcsd_62"
"l10npy_rcsdc_3090","3090","MBOI CAE-I","l10npy_rcsd_62"
"l10npy_rcsdc_3091","3091","MBURURU OCA","l10npy_rcsd_62"
"l10npy_rcsdc_3092","3092","MOJON 7","l10npy_rcsd_62"
"l10npy_rcsdc_3093","3093","NACIENTE ( LOC. INDIGENA )","l10npy_rcsd_62"
"l10npy_rcsdc_3094","3094","O. BARTON CUE","l10npy_rcsd_62"
"l10npy_rcsdc_3095","3095","OCULTO","l10npy_rcsd_62"
"l10npy_rcsdc_3096","3096","PABLITO CUA","l10npy_rcsd_62"
"l10npy_rcsdc_3097","3097","PAIJHA","l10npy_rcsd_62"
"l10npy_rcsdc_3098","3098","PALMETA","l10npy_rcsd_62"
"l10npy_rcsdc_3099","3099","PARAJE GUAZU","l10npy_rcsd_62"
"l10npy_rcsdc_3100","3100","PARAJE-I ( 7MA. LINEA )","l10npy_rcsd_62"
"l10npy_rcsdc_3101","3101","PIQUETE CUE","l10npy_rcsd_62"
"l10npy_rcsdc_3102","3102","POTRERO","l10npy_rcsd_62"
"l10npy_rcsdc_3103","3103","POTRERO GARAY","l10npy_rcsd_62"
"l10npy_rcsdc_3104","3104","POTRERO GARAY (1RA.LINEA)","l10npy_rcsd_62"
"l10npy_rcsdc_3105","3105","POTRERO TATU","l10npy_rcsd_62"
"l10npy_rcsdc_3106","3106","PUESTO CAMBAY","l10npy_rcsd_62"
"l10npy_rcsdc_3107","3107","PUESTO NAVIDAD","l10npy_rcsd_62"
"l10npy_rcsdc_3108","3108","PUESTO PORTILLO CUE","l10npy_rcsd_62"
"l10npy_rcsdc_3109","3109","PIKYRY","l10npy_rcsd_62"
"l10npy_rcsdc_3110","3110","RAMCHO CUÑA","l10npy_rcsd_62"
"l10npy_rcsdc_3111","3111","S.GOMEZ","l10npy_rcsd_62"
"l10npy_rcsdc_3112","3112","SAN ANTONIO MI","l10npy_rcsd_62"
"l10npy_rcsdc_3113","3113","SAN ANTONIO DE PADUA","l10npy_rcsd_62"
"l10npy_rcsdc_3114","3114","SAN JORGE","l10npy_rcsd_62"
"l10npy_rcsdc_3115","3115","SAN MIGUEL","l10npy_rcsd_62"
"l10npy_rcsdc_3116","3116","SAN ROQUE","l10npy_rcsd_62"
"l10npy_rcsdc_3117","3117","SAN SALVADOR","l10npy_rcsd_62"
"l10npy_rcsdc_3118","3118","SANJA CORA (LA FABRIL)","l10npy_rcsd_62"
"l10npy_rcsdc_3119","3119","SANTIAGO CUE","l10npy_rcsd_62"
"l10npy_rcsdc_3120","3120","SAPIRO","l10npy_rcsd_62"
"l10npy_rcsdc_3121","3121","TACUARE (COL.INDIGENA)","l10npy_rcsd_62"
"l10npy_rcsdc_3122","3122","TACURU","l10npy_rcsd_62"
"l10npy_rcsdc_3123","3123","TAGUATO","l10npy_rcsd_62"
"l10npy_rcsdc_3124","3124","TAYTETA","l10npy_rcsd_62"
"l10npy_rcsdc_3125","3125","TAYI","l10npy_rcsd_62"
"l10npy_rcsdc_3126","3126","TIMBO","l10npy_rcsd_62"
"l10npy_rcsdc_3127","3127","TORO BLANCO","l10npy_rcsd_62"
"l10npy_rcsdc_3128","3128","TORIN","l10npy_rcsd_62"
"l10npy_rcsdc_3129","3129","VILLA SAN JUAN","l10npy_rcsd_62"
"l10npy_rcsdc_3130","3130","VOLCAN CUA","l10npy_rcsd_62"
"l10npy_rcsdc_3131","3131","Y-ROYUÑA","l10npy_rcsd_62"
"l10npy_rcsdc_3132","3132","YACARE","l10npy_rcsd_62"
"l10npy_rcsdc_3133","3133","YAGUATAI","l10npy_rcsd_62"
"l10npy_rcsdc_3134","3134","YURUNI","l10npy_rcsd_62"
"l10npy_rcsdc_3135","3135","YAYBY","l10npy_rcsd_62"
"l10npy_rcsdc_3136","3136","YPECUA","l10npy_rcsd_62"
"l10npy_rcsdc_3137","3137","ZANJA JHU","l10npy_rcsd_62"
"l10npy_rcsdc_3138","3138","ZANJA PYTA (CAPI-I)","l10npy_rcsd_62"
"l10npy_rcsdc_3139","3139","ÑURUNDIAY","l10npy_rcsd_62"
"l10npy_rcsdc_6357","6357","GUARRAUNGUA 2DA","l10npy_rcsd_62"
"l10npy_rcsdc_6358","6358","LA FABRIL","l10npy_rcsd_62"
"l10npy_rcsdc_6359","6359","MANZANA ""E"" ( YBAJAHI )","l10npy_rcsd_62"
"l10npy_rcsdc_6360","6360","MBURURU PY","l10npy_rcsd_62"
"l10npy_rcsdc_6361","6361","OVEÑA 2DA. LINEA","l10npy_rcsd_62"
"l10npy_rcsdc_6362","6362","PASO YOBAY","l10npy_rcsd_62"
"l10npy_rcsdc_6363","6363","POTRERO SAN JUAN","l10npy_rcsd_62"
"l10npy_rcsdc_6364","6364","RAMONITA","l10npy_rcsd_62"
"l10npy_rcsdc_6365","6365","SAN ISIDRO (COL.J.D.OCAMPOS)","l10npy_rcsd_62"
"l10npy_rcsdc_3140","3140","CARAYAO","l10npy_rcsd_63"
"l10npy_rcsdc_3141","3141","17 MIL","l10npy_rcsd_63"
"l10npy_rcsdc_3142","3142","4 MIL","l10npy_rcsd_63"
"l10npy_rcsdc_3143","3143","ALEMAN CUE","l10npy_rcsd_63"
"l10npy_rcsdc_3144","3144","AMANBAY","l10npy_rcsd_63"
"l10npy_rcsdc_3145","3145","APYA","l10npy_rcsd_63"
"l10npy_rcsdc_3146","3146","ARROYITO","l10npy_rcsd_63"
"l10npy_rcsdc_3147","3147","ARROYO GUAZU","l10npy_rcsd_63"
"l10npy_rcsdc_3148","3148","ARROYO HONDO","l10npy_rcsd_63"
"l10npy_rcsdc_3149","3149","CAFETAL","l10npy_rcsd_63"
"l10npy_rcsdc_3150","3150","CAMPO REDONDO","l10npy_rcsd_63"
"l10npy_rcsdc_3151","3151","CARAYAO (MUNICIPIO)","l10npy_rcsd_63"
"l10npy_rcsdc_3152","3152","CARRO SAINGO","l10npy_rcsd_63"
"l10npy_rcsdc_3153","3153","CARUGUA","l10npy_rcsd_63"
"l10npy_rcsdc_3154","3154","CATALDO CAÑADA","l10npy_rcsd_63"
"l10npy_rcsdc_3155","3155","CERRO CORA","l10npy_rcsd_63"
"l10npy_rcsdc_3156","3156","COL. UNIDA PARAGUAYA","l10npy_rcsd_63"
"l10npy_rcsdc_3157","3157","COMISARIA CUE","l10npy_rcsd_63"
"l10npy_rcsdc_3158","3158","COSTA LOMA","l10npy_rcsd_63"
"l10npy_rcsdc_3159","3159","COSTA ROMERO","l10npy_rcsd_63"
"l10npy_rcsdc_3160","3160","DOCE MIL","l10npy_rcsd_63"
"l10npy_rcsdc_3161","3161","DIAZ CUE","l10npy_rcsd_63"
"l10npy_rcsdc_3162","3162","DISTANCIA MORALES","l10npy_rcsd_63"
"l10npy_rcsdc_3163","3163","ESTANCIA SARAMBI","l10npy_rcsd_63"
"l10npy_rcsdc_3164","3164","ISLERIA","l10npy_rcsd_63"
"l10npy_rcsdc_3165","3165","ITA CORA","l10npy_rcsd_63"
"l10npy_rcsdc_3166","3166","LIMPIO","l10npy_rcsd_63"
"l10npy_rcsdc_3167","3167","OCHO MIL","l10npy_rcsd_63"
"l10npy_rcsdc_3168","3168","PARA GUAZU","l10npy_rcsd_63"
"l10npy_rcsdc_3169","3169","PEGUAJHO","l10npy_rcsd_63"
"l10npy_rcsdc_3170","3170","PINDO CORA","l10npy_rcsd_63"
"l10npy_rcsdc_3171","3171","POTRERITO","l10npy_rcsd_63"
"l10npy_rcsdc_3172","3172","POTRERO GUAZU","l10npy_rcsd_63"
"l10npy_rcsdc_3173","3173","POTRERO GUAZU (I.N.D.)","l10npy_rcsd_63"
"l10npy_rcsdc_3174","3174","POTRERO STA.CATALINA","l10npy_rcsd_63"
"l10npy_rcsdc_3175","3175","PUNTA GUAZU","l10npy_rcsd_63"
"l10npy_rcsdc_3176","3176","RETIRO ESTANCIA MORALES","l10npy_rcsd_63"
"l10npy_rcsdc_3177","3177","TAPYI","l10npy_rcsd_63"
"l10npy_rcsdc_3178","3178","TIQUINE","l10npy_rcsd_63"
"l10npy_rcsdc_3179","3179","YAGUA PETYNDY CUE","l10npy_rcsd_63"
"l10npy_rcsdc_3180","3180","YEIBY","l10npy_rcsd_63"
"l10npy_rcsdc_3181","3181","CECILIO BAEZ","l10npy_rcsd_64"
"l10npy_rcsdc_3182","3182","ARROYO PORA","l10npy_rcsd_64"
"l10npy_rcsdc_3183","3183","BOLA CUA","l10npy_rcsd_64"
"l10npy_rcsdc_3184","3184","BOZARQUIZ","l10npy_rcsd_64"
"l10npy_rcsdc_3185","3185","CAATY","l10npy_rcsd_64"
"l10npy_rcsdc_3186","3186","CAATY MI","l10npy_rcsd_64"
"l10npy_rcsdc_3187","3187","CAATY MI GUAZU","l10npy_rcsd_64"
"l10npy_rcsdc_3188","3188","CALLE 1RO. DE MAYO","l10npy_rcsd_64"
"l10npy_rcsdc_3189","3189","CARRO GUY","l10npy_rcsd_64"
"l10npy_rcsdc_3190","3190","CAÑADA","l10npy_rcsd_64"
"l10npy_rcsdc_3191","3191","CECILIO BAEZ","l10npy_rcsd_64"
"l10npy_rcsdc_3192","3192","CERRO SANTA ANA","l10npy_rcsd_64"
"l10npy_rcsdc_3193","3193","COSTA VILLALBA","l10npy_rcsd_64"
"l10npy_rcsdc_3194","3194","CUÑANDAYTY","l10npy_rcsd_64"
"l10npy_rcsdc_3195","3195","EMPALADO","l10npy_rcsd_64"
"l10npy_rcsdc_3196","3196","ESTANCIA SAN IGNACIO","l10npy_rcsd_64"
"l10npy_rcsdc_3197","3197","ESTANCIA SANTA ANA","l10npy_rcsd_64"
"l10npy_rcsdc_3198","3198","GUAVIRATY","l10npy_rcsd_64"
"l10npy_rcsdc_3199","3199","JHUGUA GUAZU","l10npy_rcsd_64"
"l10npy_rcsdc_3200","3200","JHUGUA POI","l10npy_rcsd_64"
"l10npy_rcsdc_3201","3201","KIRAY","l10npy_rcsd_64"
"l10npy_rcsdc_3202","3202","OCULTO (POTRERO)","l10npy_rcsd_64"
"l10npy_rcsdc_3203","3203","PASO ITA","l10npy_rcsd_64"
"l10npy_rcsdc_3204","3204","POTRERO","l10npy_rcsd_64"
"l10npy_rcsdc_3205","3205","POTRERO ACEVAL","l10npy_rcsd_64"
"l10npy_rcsdc_3206","3206","POTRERO VILLALBA","l10npy_rcsd_64"
"l10npy_rcsdc_3207","3207","PUESTO GARRIDO","l10npy_rcsd_64"
"l10npy_rcsdc_3208","3208","SAN AGUSTIN","l10npy_rcsd_64"
"l10npy_rcsdc_3209","3209","SAROBY","l10npy_rcsd_64"
"l10npy_rcsdc_3210","3210","TORORO","l10npy_rcsd_64"
"l10npy_rcsdc_3211","3211","URUCUTIY","l10npy_rcsd_64"
"l10npy_rcsdc_3212","3212","YCUA RUGUA","l10npy_rcsd_64"
"l10npy_rcsdc_3213","3213","ÑUPY","l10npy_rcsd_64"
"l10npy_rcsdc_3214","3214","HUGO STROESSNER","l10npy_rcsd_65"
"l10npy_rcsdc_3215","3215","BOQUERON","l10npy_rcsd_65"
"l10npy_rcsdc_3216","3216","BOTREL (ESTERO)","l10npy_rcsd_65"
"l10npy_rcsdc_3217","3217","CARACHI","l10npy_rcsd_65"
"l10npy_rcsdc_3218","3218","COL. NUEVA AUSTRALIA","l10npy_rcsd_65"
"l10npy_rcsdc_3219","3219","ESTANCIA ELIZABETH","l10npy_rcsd_65"
"l10npy_rcsdc_3220","3220","ESTANCIA SACIAIN","l10npy_rcsd_65"
"l10npy_rcsdc_3221","3221","GUAVIRA","l10npy_rcsd_65"
"l10npy_rcsdc_3222","3222","H. STROESSNER (N.LONDRES-MUNI)","l10npy_rcsd_65"
"l10npy_rcsdc_3223","3223","JHUGUA","l10npy_rcsd_65"
"l10npy_rcsdc_3224","3224","JHUGUA YERE","l10npy_rcsd_65"
"l10npy_rcsdc_3225","3225","LA NOVIA","l10npy_rcsd_65"
"l10npy_rcsdc_3226","3226","LA PASTORA ESTANCIA","l10npy_rcsd_65"
"l10npy_rcsdc_3227","3227","LA VOGUI","l10npy_rcsd_65"
"l10npy_rcsdc_3228","3228","LEIVA","l10npy_rcsd_65"
"l10npy_rcsdc_3229","3229","LEÑA CUE","l10npy_rcsd_65"
"l10npy_rcsdc_3230","3230","LOMA RUGUA","l10npy_rcsd_65"
"l10npy_rcsdc_3231","3231","MARIA AUXILIADORA","l10npy_rcsd_65"
"l10npy_rcsdc_3232","3232","MBOBERA JHAGUA","l10npy_rcsd_65"
"l10npy_rcsdc_3233","3233","POTRERO ITACURUBI","l10npy_rcsd_65"
"l10npy_rcsdc_3234","3234","SAN ANTONIO","l10npy_rcsd_65"
"l10npy_rcsdc_3235","3235","SAN ISIDRO 1RA. Y 2DA.","l10npy_rcsd_65"
"l10npy_rcsdc_3236","3236","SAN MIGUEL","l10npy_rcsd_65"
"l10npy_rcsdc_3237","3237","SAN MIGUEL","l10npy_rcsd_65"
"l10npy_rcsdc_3238","3238","SANTA ROSA","l10npy_rcsd_65"
"l10npy_rcsdc_3239","3239","SANTO DOMINGO","l10npy_rcsd_65"
"l10npy_rcsdc_3240","3240","TAPE TUYA","l10npy_rcsd_65"
"l10npy_rcsdc_3241","3241","TEYU RUGUAI","l10npy_rcsd_65"
"l10npy_rcsdc_3242","3242","VISTA ALEGRE","l10npy_rcsd_65"
"l10npy_rcsdc_3243","3243","YUKYRY","l10npy_rcsd_65"
"l10npy_rcsdc_3244","3244","ÑANDU CUA","l10npy_rcsd_65"
"l10npy_rcsdc_6366","6366","POTRERO TUYA","l10npy_rcsd_65"
"l10npy_rcsdc_6367","6367","SANTA LIBRADA","l10npy_rcsd_65"
"l10npy_rcsdc_6368","6368","YTEU ITA","l10npy_rcsd_65"
"l10npy_rcsdc_4600","4600","VAQUERIA","l10npy_rcsd_237"
"l10npy_rcsdc_4610","4610","ESCULIES","l10npy_rcsd_244"
"l10npy_rcsdc_5704","5704","COL. BERTAL","l10npy_rcsd_227"
"l10npy_rcsdc_5705","5705","SANCHE CUE","l10npy_rcsd_227"
"l10npy_rcsdc_5714","5714","3 DE FEBRERO","l10npy_rcsd_227"
"l10npy_rcsdc_5706","5706","COL. HONDA","l10npy_rcsd_228"
"l10npy_rcsdc_5707","5707","COL. MONSE|OR BOGARIN","l10npy_rcsd_228"
"l10npy_rcsdc_5892","5892","SIMON BOLIVAR","l10npy_rcsd_228"
"l10npy_rcsdc_5708","5708","CIA. YBU","l10npy_rcsd_229"
"l10npy_rcsdc_5709","5709","CIA. PUENTECITO","l10npy_rcsd_229"
"l10npy_rcsdc_5710","5710","CIA. CHACO I","l10npy_rcsd_229"
"l10npy_rcsdc_5715","5715","LA PASTORA","l10npy_rcsd_229"
"l10npy_rcsdc_5894","5894","CIA. RAMONITA","l10npy_rcsd_229"
"l10npy_rcsdc_6427","6427","TEMBIAPORA","l10npy_rcsd_275"
"l10npy_rcsdc_2169","2169","ESTANCIA LAS PERLAS","l10npy_rcsd_86"
"l10npy_rcsdc_2170","2170","ESTANCIA LIMA","l10npy_rcsd_86"
"l10npy_rcsdc_2171","2171","ESTANCIA PYTERE","l10npy_rcsd_86"
"l10npy_rcsdc_2172","2172","ESTANCIA SAN ANTONIO","l10npy_rcsd_86"
"l10npy_rcsdc_2173","2173","ESTANCIA SAN LORENZO","l10npy_rcsd_86"
"l10npy_rcsdc_2174","2174","ESTANCIA SANABRIA","l10npy_rcsd_86"
"l10npy_rcsdc_2175","2175","ESTANCIA TARUMA","l10npy_rcsd_86"
"l10npy_rcsdc_2176","2176","ESTANCIA TRES HERMANAS","l10npy_rcsd_86"
"l10npy_rcsdc_2177","2177","ESTANCIA YPUCU","l10npy_rcsd_86"
"l10npy_rcsdc_2178","2178","ESTANCIA YUTY","l10npy_rcsd_86"
"l10npy_rcsdc_2179","2179","GANADERA PIRAPO (ESTANCIA)","l10npy_rcsd_86"
"l10npy_rcsdc_2180","2180","GUAZU CAI","l10npy_rcsd_86"
"l10npy_rcsdc_2181","2181","ISLA FLORIDO","l10npy_rcsd_86"
"l10npy_rcsdc_2182","2182","ITA ANGU-A","l10npy_rcsd_86"
"l10npy_rcsdc_2183","2183","LOMA JHOVY","l10npy_rcsd_86"
"l10npy_rcsdc_2184","2184","LOMITA","l10npy_rcsd_86"
"l10npy_rcsdc_2185","2185","MANDYYU TYGUE","l10npy_rcsd_86"
"l10npy_rcsdc_2186","2186","MBOCAYA TY","l10npy_rcsd_86"
"l10npy_rcsdc_2187","2187","MENDEZ PUESTO","l10npy_rcsd_86"
"l10npy_rcsdc_2188","2188","POTRERO ANTEOJO","l10npy_rcsd_86"
"l10npy_rcsdc_2189","2189","POTRERO YBATE","l10npy_rcsd_86"
"l10npy_rcsdc_2190","2190","PUESTO TARUTI 1RO.","l10npy_rcsd_86"
"l10npy_rcsdc_2191","2191","PUESTO TARUTI 2DO.","l10npy_rcsd_86"
"l10npy_rcsdc_2192","2192","PUESTO TERUTI 3RO.","l10npy_rcsd_86"
"l10npy_rcsdc_2193","2193","PUESTO YACAREY","l10npy_rcsd_86"
"l10npy_rcsdc_2194","2194","PUESTO Y-JHOVY","l10npy_rcsd_86"
"l10npy_rcsdc_2195","2195","PYTERE GUAZU","l10npy_rcsd_86"
"l10npy_rcsdc_2196","2196","PYTERE-MI","l10npy_rcsd_86"
"l10npy_rcsdc_2197","2197","RINCON ALEGRE","l10npy_rcsd_86"
"l10npy_rcsdc_2198","2198","ROA RUGUA","l10npy_rcsd_86"
"l10npy_rcsdc_2199","2199","SAN ANTONIO","l10npy_rcsd_86"
"l10npy_rcsdc_2200","2200","SAN GERONIMO","l10npy_rcsd_86"
"l10npy_rcsdc_2201","2201","SAN ISIDRO","l10npy_rcsd_86"
"l10npy_rcsdc_2202","2202","SAN JUAN","l10npy_rcsd_86"
"l10npy_rcsdc_2203","2203","SAN JUAN LOMA","l10npy_rcsd_86"
"l10npy_rcsdc_2204","2204","SAN MIGUEL","l10npy_rcsd_86"
"l10npy_rcsdc_2205","2205","SAN VICENTE","l10npy_rcsd_86"
"l10npy_rcsdc_2206","2206","SANTA BARBARA","l10npy_rcsd_86"
"l10npy_rcsdc_2207","2207","SANTA LUCIA","l10npy_rcsd_86"
"l10npy_rcsdc_2208","2208","SANTA ROSA DE LIMA","l10npy_rcsd_86"
"l10npy_rcsdc_2209","2209","SANTA URSULA","l10npy_rcsd_86"
"l10npy_rcsdc_2210","2210","SARGENTO POTRERO","l10npy_rcsd_86"
"l10npy_rcsdc_2211","2211","TACUAREMBOI-Y","l10npy_rcsd_86"
"l10npy_rcsdc_2212","2212","TATU-CUA","l10npy_rcsd_86"
"l10npy_rcsdc_2213","2213","TIRI","l10npy_rcsd_86"
"l10npy_rcsdc_2214","2214","TYPYCHA-TY","l10npy_rcsd_86"
"l10npy_rcsdc_2215","2215","URUGUY-Y","l10npy_rcsd_86"
"l10npy_rcsdc_2216","2216","VAZQUEZ POTRERO","l10npy_rcsd_86"
"l10npy_rcsdc_2217","2217","VERA-CUE","l10npy_rcsd_86"
"l10npy_rcsdc_2218","2218","YACUARA-A","l10npy_rcsd_86"
"l10npy_rcsdc_2219","2219","YAGUARETE CORA","l10npy_rcsd_86"
"l10npy_rcsdc_2220","2220","TARATI-I","l10npy_rcsd_86"
"l10npy_rcsdc_2221","2221","YATAI-TY","l10npy_rcsd_86"
"l10npy_rcsdc_2222","2222","YU-I (CERRO)","l10npy_rcsd_86"
"l10npy_rcsdc_2223","2223","YUTY (MUNICIPIO)","l10npy_rcsd_86"
"l10npy_rcsdc_2224","2224","ZURUGUAY","l10npy_rcsd_86"
"l10npy_rcsdc_2225","2225","ÑU PYAJHU MI","l10npy_rcsd_86"
"l10npy_rcsdc_3287","3287","CAA CARAPA","l10npy_rcsd_86"
"l10npy_rcsdc_3288","3288","CAÑADA","l10npy_rcsd_86"
"l10npy_rcsdc_3289","3289","CAÑADA (SANTA TERESITA)","l10npy_rcsd_86"
"l10npy_rcsdc_3290","3290","COLORES","l10npy_rcsd_86"
"l10npy_rcsdc_3291","3291","COMBATE CUE","l10npy_rcsd_86"
"l10npy_rcsdc_3292","3292","CURUPI","l10npy_rcsd_86"
"l10npy_rcsdc_3293","3293","ESTANCIA BOQUERON","l10npy_rcsd_86"
"l10npy_rcsdc_3294","3294","ESTANCIA CARAYA","l10npy_rcsd_86"
"l10npy_rcsdc_3295","3295","ESTANCIA DOLORES","l10npy_rcsd_86"
"l10npy_rcsdc_3296","3296","ESTANCIA DOS MARIAS","l10npy_rcsd_86"
"l10npy_rcsdc_3297","3297","ESTANCIA ITACURUBI DEL CARMEN","l10npy_rcsd_86"
"l10npy_rcsdc_4585","4585","YUTY","l10npy_rcsd_86"
"l10npy_rcsdc_4586","4586","ABAI","l10npy_rcsd_86"
"l10npy_rcsdc_4587","4587","AGUARAY GUAZU","l10npy_rcsd_86"
"l10npy_rcsdc_4588","4588","AGUARAY-MI","l10npy_rcsd_86"
"l10npy_rcsdc_4589","4589","ARARUPE","l10npy_rcsd_86"
"l10npy_rcsdc_4590","4590","ARROYO MACA","l10npy_rcsd_86"
"l10npy_rcsdc_4591","4591","AYALA CUE","l10npy_rcsd_86"
"l10npy_rcsdc_4592","4592","AZAME CUE","l10npy_rcsd_86"
"l10npy_rcsdc_4593","4593","BOLAS CUE","l10npy_rcsd_86"
"l10npy_rcsdc_4594","4594","CAPIITINDY","l10npy_rcsd_86"
"l10npy_rcsdc_5819","5819","3 DE MAYO","l10npy_rcsd_86"
"l10npy_rcsdc_5820","5820","ARGAÑA CUE","l10npy_rcsd_86"
"l10npy_rcsdc_5821","5821","CABAÑA ""LA CHIQUILLA""","l10npy_rcsd_86"
"l10npy_rcsdc_4321","4321","CAAZAPA","l10npy_rcsd_77"
"l10npy_rcsdc_4322","4322","20 DE JULIO (BOQUERON)","l10npy_rcsd_77"
"l10npy_rcsdc_4323","4323","ARROYO PORA","l10npy_rcsd_77"
"l10npy_rcsdc_4324","4324","BOQUERON","l10npy_rcsd_77"
"l10npy_rcsdc_4325","4325","CAAZAPA","l10npy_rcsd_77"
"l10npy_rcsdc_4326","4326","CABAYU RETA","l10npy_rcsd_77"
"l10npy_rcsdc_4327","4327","COL. COSME","l10npy_rcsd_77"
"l10npy_rcsdc_4328","4328","COL. SARUBBI","l10npy_rcsd_77"
"l10npy_rcsdc_4329","4329","ESTANCIA LA MILAGROSA","l10npy_rcsd_77"
"l10npy_rcsdc_4330","4330","ESTANCIA MARISOL BERTOLO","l10npy_rcsd_77"
"l10npy_rcsdc_4331","4331","ESTANCIA RIACHUELO","l10npy_rcsd_77"
"l10npy_rcsdc_4332","4332","ESTANCIA ROSARIO","l10npy_rcsd_77"
"l10npy_rcsdc_4333","4333","ESTANCIA SAN AGUSTIN","l10npy_rcsd_77"
"l10npy_rcsdc_4334","4334","ESTANCIA SAN ISIDRO","l10npy_rcsd_77"
"l10npy_rcsdc_4335","4335","ESTANCIA SAN NICOLAS","l10npy_rcsd_77"
"l10npy_rcsdc_4336","4336","ESTANCIA SAPARA","l10npy_rcsd_77"
"l10npy_rcsdc_4337","4337","ESTANCIA SARITA","l10npy_rcsd_77"
"l10npy_rcsdc_4338","4338","GALEANO CUE","l10npy_rcsd_77"
"l10npy_rcsdc_4339","4339","GUAVIRA","l10npy_rcsd_77"
"l10npy_rcsdc_4340","4340","ISLA GUAZU","l10npy_rcsd_77"
"l10npy_rcsdc_4341","4341","JHUGUA GUAZU","l10npy_rcsd_77"
"l10npy_rcsdc_4342","4342","PASO PINDO","l10npy_rcsd_77"
"l10npy_rcsdc_4343","4343","POTRERO GUAZU","l10npy_rcsd_77"
"l10npy_rcsdc_4344","4344","POTRERO TATUY","l10npy_rcsd_77"
"l10npy_rcsdc_4345","4345","ROJAS SILVA","l10npy_rcsd_77"
"l10npy_rcsdc_4346","4346","ROSARIO TATUY","l10npy_rcsd_77"
"l10npy_rcsdc_4347","4347","SAN AGUSTIN","l10npy_rcsd_77"
"l10npy_rcsdc_4348","4348","SAN ANTONIO","l10npy_rcsd_77"
"l10npy_rcsdc_4349","4349","SAN IGNACIO (BOQUERON)","l10npy_rcsd_77"
"l10npy_rcsdc_4350","4350","SAN JOSE","l10npy_rcsd_77"
"l10npy_rcsdc_4351","4351","SAN MIGUEL","l10npy_rcsd_77"
"l10npy_rcsdc_4352","4352","SAN PEDRO-MI","l10npy_rcsd_77"
"l10npy_rcsdc_4353","4353","SAN ROQUE","l10npy_rcsd_77"
"l10npy_rcsdc_4354","4354","SANTA CATALINA","l10npy_rcsd_77"
"l10npy_rcsdc_4355","4355","SANTA LUCIA","l10npy_rcsd_77"
"l10npy_rcsdc_4356","4356","SANTA TERESITA","l10npy_rcsd_77"
"l10npy_rcsdc_4357","4357","SARANDI","l10npy_rcsd_77"
"l10npy_rcsdc_4358","4358","VISCAINO CUE","l10npy_rcsd_77"
"l10npy_rcsdc_4359","4359","YAJHAPETY","l10npy_rcsd_77"
"l10npy_rcsdc_4360","4360","ÑANDUCUA","l10npy_rcsd_77"
"l10npy_rcsdc_4361","4361","ÑAUMBY","l10npy_rcsd_77"
"l10npy_rcsdc_4362","4362","ÑAUMBYTA","l10npy_rcsd_77"
"l10npy_rcsdc_4363","4363","ÑU PYAJHU-MI","l10npy_rcsd_77"
"l10npy_rcsdc_4364","4364","ÑU PYAJHU GUAZU","l10npy_rcsd_77"
"l10npy_rcsdc_4365","4365","BUENA VISTA","l10npy_rcsd_78"
"l10npy_rcsdc_4366","4366","BUENA VISTA","l10npy_rcsd_78"
"l10npy_rcsdc_4367","4367","COCUERE","l10npy_rcsd_78"
"l10npy_rcsdc_4368","4368","COSTEADA","l10npy_rcsd_78"
"l10npy_rcsdc_4369","4369","GUAJHO","l10npy_rcsd_78"
"l10npy_rcsdc_4370","4370","LOMA","l10npy_rcsd_78"
"l10npy_rcsdc_4371","4371","SAN ISIDRO","l10npy_rcsd_78"
"l10npy_rcsdc_4372","4372","SAN RAMON","l10npy_rcsd_78"
"l10npy_rcsdc_4373","4373","SANTA ROSA","l10npy_rcsd_78"
"l10npy_rcsdc_4374","4374","YAPEPO ISLA","l10npy_rcsd_78"
"l10npy_rcsdc_4375","4375","YUI CUE","l10npy_rcsd_78"
"l10npy_rcsdc_4376","4376","GRAL. H. MORINIGO","l10npy_rcsd_79"
"l10npy_rcsdc_4377","4377","CAAGUY JHOVY","l10npy_rcsd_79"
"l10npy_rcsdc_4378","4378","COSTA ESPERANZA","l10npy_rcsd_79"
"l10npy_rcsdc_4379","4379","COSTA PIRAPO","l10npy_rcsd_79"
"l10npy_rcsdc_4380","4380","DURAZNO","l10npy_rcsd_79"
"l10npy_rcsdc_4381","4381","ESTANCIA SAN SIMON","l10npy_rcsd_79"
"l10npy_rcsdc_4382","4382","ESTANCIA VALLE APUA","l10npy_rcsd_79"
"l10npy_rcsdc_4383","4383","ESTANCIA YBA PYTA (PUESTO)","l10npy_rcsd_79"
"l10npy_rcsdc_4384","4384","GRAAL.H. MORINIGO (MUNIC.)","l10npy_rcsd_79"
"l10npy_rcsdc_4385","4385","GUYRA KEJHA","l10npy_rcsd_79"
"l10npy_rcsdc_4386","4386","ISLA FLORIDO","l10npy_rcsd_79"
"l10npy_rcsdc_4387","4387","MBARACAYA CUA","l10npy_rcsd_79"
"l10npy_rcsdc_4388","4388","PATIÑO","l10npy_rcsd_79"
"l10npy_rcsdc_4389","4389","PINDOYU","l10npy_rcsd_79"
"l10npy_rcsdc_4390","4390","PIQUETE","l10npy_rcsd_79"
"l10npy_rcsdc_4391","4391","SAN ESTANISLAO","l10npy_rcsd_79"
"l10npy_rcsdc_4392","4392","SAN WENCESLAO","l10npy_rcsd_79"
"l10npy_rcsdc_4393","4393","SANTA MARIA CHICA","l10npy_rcsd_79"
"l10npy_rcsdc_4394","4394","SANTA MARIA GRANDE","l10npy_rcsd_79"
"l10npy_rcsdc_5801","5801","KILOMETRO 50","l10npy_rcsd_79"
"l10npy_rcsdc_5802","5802","SAN ANTONIO","l10npy_rcsd_79"
"l10npy_rcsdc_5803","5803","SANTA MARIA JHUGUA","l10npy_rcsd_79"
"l10npy_rcsdc_4395","4395","MACIEL","l10npy_rcsd_80"
"l10npy_rcsdc_4396","4396","CARA CARA-I","l10npy_rcsd_80"
"l10npy_rcsdc_4397","4397","COSTA DULCE","l10npy_rcsd_80"
"l10npy_rcsdc_4398","4398","CURUZU PUCU","l10npy_rcsd_80"
"l10npy_rcsdc_4399","4399","ESTANCIA ISLA PUCU","l10npy_rcsd_80"
"l10npy_rcsdc_4400","4400","ESTANCIA SAN JUAN","l10npy_rcsd_80"
"l10npy_rcsdc_4401","4401","ESTANCIA SAN LORENZO","l10npy_rcsd_80"
"l10npy_rcsdc_4402","4402","ÑACANGUA","l10npy_rcsd_80"
"l10npy_rcsdc_4403","4403","ISLA FLORIDO","l10npy_rcsd_80"
"l10npy_rcsdc_4404","4404","MACIEL (MUNICIPIO)","l10npy_rcsd_80"
"l10npy_rcsdc_4405","4405","RETIRO ESTANCIA SAN JUAN","l10npy_rcsd_80"
"l10npy_rcsdc_4406","4406","SAN FRANCISCO","l10npy_rcsd_80"
"l10npy_rcsdc_4407","4407","SAN MIGUEL","l10npy_rcsd_80"
"l10npy_rcsdc_4408","4408","SAN MIGUEL ISLA","l10npy_rcsd_80"
"l10npy_rcsdc_4409","4409","SAN PABLO","l10npy_rcsd_80"
"l10npy_rcsdc_4410","4410","VALOIS RIVAROLA","l10npy_rcsd_80"
"l10npy_rcsdc_5804","5804","ESTANCIA LAGUNA CARE","l10npy_rcsd_80"
"l10npy_rcsdc_5805","5805","RETIRO SIETE ISLAS","l10npy_rcsd_80"
"l10npy_rcsdc_5806","5806","YBYRA CAIGUE","l10npy_rcsd_80"
"l10npy_rcsdc_4411","4411","MOISES BERTONI","l10npy_rcsd_81"
"l10npy_rcsdc_4412","4412","CORRALITO","l10npy_rcsd_81"
"l10npy_rcsdc_4413","4413","ESTANCIA ALGARROBO","l10npy_rcsd_81"
"l10npy_rcsdc_4414","4414","ESTANCIA BELEN","l10npy_rcsd_81"
"l10npy_rcsdc_4415","4415","ESTANCIA GUAVIRA","l10npy_rcsd_81"
"l10npy_rcsdc_4416","4416","ESTANCIA JUANA MARTA","l10npy_rcsd_81"
"l10npy_rcsdc_4417","4417","ESTANCIA MARIA STELLA","l10npy_rcsd_81"
"l10npy_rcsdc_4418","4418","ESTANCIA S. ROJAS","l10npy_rcsd_81"
"l10npy_rcsdc_4419","4419","ESTANCIA SANTO DOMINGO","l10npy_rcsd_81"
"l10npy_rcsdc_4420","4420","ESTANCIA YBY RUGUA","l10npy_rcsd_81"
"l10npy_rcsdc_4421","4421","GRAL.ROGELIO BENITEZ","l10npy_rcsd_81"
"l10npy_rcsdc_4422","4422","LOMA-I","l10npy_rcsd_81"
"l10npy_rcsdc_4423","4423","MOISES S.BERTONI (SOSA-MUNIC)","l10npy_rcsd_81"
"l10npy_rcsdc_4424","4424","RETIRO SANTA ANA","l10npy_rcsd_81"
"l10npy_rcsdc_4425","4425","SAN VENTURA","l10npy_rcsd_81"
"l10npy_rcsdc_4426","4426","SANTA CECILIA","l10npy_rcsd_81"
"l10npy_rcsdc_4427","4427","SANTA TERESA","l10npy_rcsd_81"
"l10npy_rcsdc_5807","5807","ESTANCIA CASACCIA","l10npy_rcsd_81"
"l10npy_rcsdc_5808","5808","ESTANCIA TYPYCHA","l10npy_rcsd_81"
"l10npy_rcsdc_5809","5809","SAN CARLOS","l10npy_rcsd_81"
"l10npy_rcsdc_4428","4428","SAN JUAN NEPOMUCENO","l10npy_rcsd_82"
"l10npy_rcsdc_4429","4429","11 DE SETIEMBRE","l10npy_rcsd_82"
"l10npy_rcsdc_4430","4430","ARACANGUY","l10npy_rcsd_82"
"l10npy_rcsdc_4431","4431","BARRIO SAN VICENTE","l10npy_rcsd_82"
"l10npy_rcsdc_4432","4432","BIYU","l10npy_rcsd_82"
"l10npy_rcsdc_4433","4433","CARIDAD","l10npy_rcsd_82"
"l10npy_rcsdc_4434","4434","CAUNDY","l10npy_rcsd_82"
"l10npy_rcsdc_4435","4435","CAUNDY-I","l10npy_rcsd_82"
"l10npy_rcsdc_4436","4436","CIERVO CUA PUESTO","l10npy_rcsd_82"
"l10npy_rcsdc_4437","4437","COL. NUEVA","l10npy_rcsd_82"
"l10npy_rcsdc_4438","4438","CRISTAL","l10npy_rcsd_82"
"l10npy_rcsdc_4439","4439","DOMINGO MARTINEZ DE IRALA","l10npy_rcsd_82"
"l10npy_rcsdc_4440","4440","EMPALADO","l10npy_rcsd_82"
"l10npy_rcsdc_4441","4441","ENGELBERTO","l10npy_rcsd_82"
"l10npy_rcsdc_4442","4442","ESTANCIA L.RODRIGUEZ","l10npy_rcsd_82"
"l10npy_rcsdc_4443","4443","ESTANCIA R. SILVERO","l10npy_rcsd_82"
"l10npy_rcsdc_4444","4444","ESTANCIA TAPYTA","l10npy_rcsd_82"
"l10npy_rcsdc_4445","4445","ESTANCIA ÑU PYAJHU","l10npy_rcsd_82"
"l10npy_rcsdc_4446","4446","FRANCO-I","l10npy_rcsd_82"
"l10npy_rcsdc_4447","4447","FRANCO POTRERO","l10npy_rcsd_82"
"l10npy_rcsdc_4448","4448","ISLA FLORIDO","l10npy_rcsd_82"
"l10npy_rcsdc_4449","4449","ISLA YOBAI","l10npy_rcsd_82"
"l10npy_rcsdc_4450","4450","JHUGUA PUCU","l10npy_rcsd_82"
"l10npy_rcsdc_4451","4451","KERAY","l10npy_rcsd_82"
"l10npy_rcsdc_4452","4452","LOMA JHOVY","l10npy_rcsd_82"
"l10npy_rcsdc_4453","4453","MRICA POTRERO","l10npy_rcsd_82"
"l10npy_rcsdc_4454","4454","MONTE-CUE","l10npy_rcsd_82"
"l10npy_rcsdc_4455","4455","OCULTO","l10npy_rcsd_82"
"l10npy_rcsdc_4456","4456","PINDO-I","l10npy_rcsd_82"
"l10npy_rcsdc_4457","4457","PINDO POTRERO","l10npy_rcsd_82"
"l10npy_rcsdc_4458","4458","PIO CUE","l10npy_rcsd_82"
"l10npy_rcsdc_4459","4459","POTRERO","l10npy_rcsd_82"
"l10npy_rcsdc_4460","4460","POTRERO SANTIAGO","l10npy_rcsd_82"
"l10npy_rcsdc_4461","4461","POTRERO YBATE","l10npy_rcsd_82"
"l10npy_rcsdc_4462","4462","POTRERO YBATE 1RO.","l10npy_rcsd_82"
"l10npy_rcsdc_4463","4463","POTRERO YBATE 2DO.","l10npy_rcsd_82"
"l10npy_rcsdc_4464","4464","PUESTO CLAVEL","l10npy_rcsd_82"
"l10npy_rcsdc_4465","4465","PUESTO FRANCO CUE","l10npy_rcsd_82"
"l10npy_rcsdc_4466","4466","PUESTO NARANJO","l10npy_rcsd_82"
"l10npy_rcsdc_4467","4467","PUESTO TIMBO","l10npy_rcsd_82"
"l10npy_rcsdc_4468","4468","POTRERO AGUARA","l10npy_rcsd_82"
"l10npy_rcsdc_4469","4469","ROQUE GONZALES ( BEATO )","l10npy_rcsd_82"
"l10npy_rcsdc_4470","4470","RIO SAN LUIS","l10npy_rcsd_82"
"l10npy_rcsdc_4471","4471","SAN CARLOS","l10npy_rcsd_82"
"l10npy_rcsdc_4472","4472","SAN FRANCISCO","l10npy_rcsd_82"
"l10npy_rcsdc_4473","4473","SAN J. NEPOMUCENO (MUNICIPIO)","l10npy_rcsd_82"
"l10npy_rcsdc_4474","4474","SAN LUIS (X)","l10npy_rcsd_82"
"l10npy_rcsdc_4475","4475","SAN MIGUEL (POTRERITO)","l10npy_rcsd_82"
"l10npy_rcsdc_4476","4476","SAN RAFAEL (TAPUY CUE )","l10npy_rcsd_82"
"l10npy_rcsdc_4477","4477","SAN RAMON","l10npy_rcsd_82"
"l10npy_rcsdc_4478","4478","SANTA ROSA (X)","l10npy_rcsd_82"
"l10npy_rcsdc_4479","4479","TATUCUA - I","l10npy_rcsd_82"
"l10npy_rcsdc_4480","4480","TEBICUARY MI","l10npy_rcsd_82"
"l10npy_rcsdc_4481","4481","TORRE CUE","l10npy_rcsd_82"
"l10npy_rcsdc_4482","4482","TUYUTI","l10npy_rcsd_82"
"l10npy_rcsdc_4483","4483","URRUTIA","l10npy_rcsd_82"
"l10npy_rcsdc_4484","4484","YBYRATY","l10npy_rcsd_82"
"l10npy_rcsdc_4485","4485","YHU","l10npy_rcsd_82"
"l10npy_rcsdc_4486","4486","YPANE","l10npy_rcsd_82"
"l10npy_rcsdc_4487","4487","ZANJA CORA (SAN GERARDO)","l10npy_rcsd_82"
"l10npy_rcsdc_4488","4488","ZANJA PYTA","l10npy_rcsd_82"
"l10npy_rcsdc_4489","4489","ÑA'U","l10npy_rcsd_82"
"l10npy_rcsdc_4490","4490","ÑUMI","l10npy_rcsd_82"
"l10npy_rcsdc_4491","4491","ÑURUNDIAY","l10npy_rcsd_82"
"l10npy_rcsdc_4492","4492","ÑU - CAÑY","l10npy_rcsd_82"
"l10npy_rcsdc_4493","4493","ÑU PYAJHU POTRERO","l10npy_rcsd_82"
"l10npy_rcsdc_4494","4494","ABAI","l10npy_rcsd_83"
"l10npy_rcsdc_4495","4495","3 DE MAYO","l10npy_rcsd_83"
"l10npy_rcsdc_4496","4496","ABAI","l10npy_rcsd_83"
"l10npy_rcsdc_4497","4497","ARROYO MOROTI","l10npy_rcsd_83"
"l10npy_rcsdc_4498","4498","BARROSO","l10npy_rcsd_83"
"l10npy_rcsdc_4499","4499","BORDA I ( SAN VALENTIN )","l10npy_rcsd_83"
"l10npy_rcsdc_4500","4500","BORDA GUAZU","l10npy_rcsd_83"
"l10npy_rcsdc_4501","4501","CAGUARE - I","l10npy_rcsd_83"
"l10npy_rcsdc_4502","4502","CAMBA - I","l10npy_rcsd_83"
"l10npy_rcsdc_4503","4503","CAMPITO","l10npy_rcsd_83"
"l10npy_rcsdc_4504","4504","CAPI ITINDY","l10npy_rcsd_83"
"l10npy_rcsdc_4505","4505","CAPIIBARY (X)","l10npy_rcsd_83"
"l10npy_rcsdc_4506","4506","CAÑADA (X)","l10npy_rcsd_83"
"l10npy_rcsdc_4507","4507","CECINA","l10npy_rcsd_83"
"l10npy_rcsdc_4508","4508","CERRITO TAPYI - I","l10npy_rcsd_83"
"l10npy_rcsdc_4509","4509","COL. ROGELIO BENITEZ","l10npy_rcsd_83"
"l10npy_rcsdc_4510","4510","CUATI","l10npy_rcsd_83"
"l10npy_rcsdc_4511","4511","CUATI - I","l10npy_rcsd_83"
"l10npy_rcsdc_4512","4512","ITACURUBI","l10npy_rcsd_83"
"l10npy_rcsdc_4513","4513","KILOMETRO 17 ( X )","l10npy_rcsd_83"
"l10npy_rcsdc_4514","4514","LIMA GUAZU (X)","l10npy_rcsd_83"
"l10npy_rcsdc_4515","4515","MANGRULLO - I (X)","l10npy_rcsd_83"
"l10npy_rcsdc_4516","4516","MBAYA","l10npy_rcsd_83"
"l10npy_rcsdc_4517","4517","MBOCAYA","l10npy_rcsd_83"
"l10npy_rcsdc_4518","4518","MBOIY","l10npy_rcsd_83"
"l10npy_rcsdc_4519","4519","MELGAREJO - CUE","l10npy_rcsd_83"
"l10npy_rcsdc_4520","4520","MONDAY","l10npy_rcsd_83"
"l10npy_rcsdc_4521","4521","NARANJA - JHAI","l10npy_rcsd_83"
"l10npy_rcsdc_4522","4522","OB. GOLONDRINA","l10npy_rcsd_83"
"l10npy_rcsdc_4523","4523","PARAJE NARANJA","l10npy_rcsd_83"
"l10npy_rcsdc_4524","4524","PINDOYU","l10npy_rcsd_83"
"l10npy_rcsdc_4525","4525","PIRAY (SAN ISIDRO)","l10npy_rcsd_83"
"l10npy_rcsdc_4526","4526","PLANTACION","l10npy_rcsd_83"
"l10npy_rcsdc_4527","4527","PUNTA PORA","l10npy_rcsd_83"
"l10npy_rcsdc_4528","4528","ROSARIO PASTOREO","l10npy_rcsd_83"
"l10npy_rcsdc_4529","4529","ROSARIO POTRERO","l10npy_rcsd_83"
"l10npy_rcsdc_4530","4530","SAN AGUSTIN","l10npy_rcsd_83"
"l10npy_rcsdc_4531","4531","SAN ANTONIO (TORIN)","l10npy_rcsd_83"
"l10npy_rcsdc_4532","4532","SAN CARLOS (NUEVE)","l10npy_rcsd_83"
"l10npy_rcsdc_4533","4533","SAN LUIS (TARUMA)","l10npy_rcsd_83"
"l10npy_rcsdc_4534","4534","SAN PABLO","l10npy_rcsd_83"
"l10npy_rcsdc_4535","4535","SAN PABLO (TORIN)","l10npy_rcsd_83"
"l10npy_rcsdc_4536","4536","SAN VICENTE","l10npy_rcsd_83"
"l10npy_rcsdc_4537","4537","SANTA CATALINA","l10npy_rcsd_83"
"l10npy_rcsdc_4538","4538","SANTA ROSA","l10npy_rcsd_83"
"l10npy_rcsdc_4539","4539","SANTA TERESA","l10npy_rcsd_83"
"l10npy_rcsdc_4540","4540","SANTO TOME","l10npy_rcsd_83"
"l10npy_rcsdc_4541","4541","TACUARA","l10npy_rcsd_83"
"l10npy_rcsdc_4542","4542","TACUARITA","l10npy_rcsd_83"
"l10npy_rcsdc_4543","4543","TAJHYI-I","l10npy_rcsd_83"
"l10npy_rcsdc_4544","4544","TUNA","l10npy_rcsd_83"
"l10npy_rcsdc_4545","4545","VALLEI-CUE","l10npy_rcsd_83"
"l10npy_rcsdc_4546","4546","VILLA PASTOREO","l10npy_rcsd_83"
"l10npy_rcsdc_4547","4547","YATA-I","l10npy_rcsd_83"
"l10npy_rcsdc_4548","4548","ÑU GUAZU","l10npy_rcsd_83"
"l10npy_rcsdc_5810","5810","Y JHOVY","l10npy_rcsd_83"
"l10npy_rcsdc_4549","4549","TAVAI","l10npy_rcsd_84"
"l10npy_rcsdc_4550","4550","ATONGUE","l10npy_rcsd_84"
"l10npy_rcsdc_4551","4551","BIYU","l10npy_rcsd_84"
"l10npy_rcsdc_4552","4552","CASTOR CUE","l10npy_rcsd_84"
"l10npy_rcsdc_4553","4553","CERRO-I","l10npy_rcsd_84"
"l10npy_rcsdc_4554","4554","ENRAMADITA","l10npy_rcsd_84"
"l10npy_rcsdc_4555","4555","ITANGUA","l10npy_rcsd_84"
"l10npy_rcsdc_4556","4556","MBOPI REVI","l10npy_rcsd_84"
"l10npy_rcsdc_4557","4557","RIVAS CUE","l10npy_rcsd_84"
"l10npy_rcsdc_4558","4558","SAN GABRIEL","l10npy_rcsd_84"
"l10npy_rcsdc_4559","4559","TAVAI (MUNICIPIO)","l10npy_rcsd_84"
"l10npy_rcsdc_4560","4560","TORO BLANCO GUAZU","l10npy_rcsd_84"
"l10npy_rcsdc_4561","4561","TORO BLANCO-I","l10npy_rcsd_84"
"l10npy_rcsdc_4562","4562","VALLE-MI","l10npy_rcsd_84"
"l10npy_rcsdc_4563","4563","YBYTY CORA","l10npy_rcsd_84"
"l10npy_rcsdc_4564","4564","ÑU CAÑY","l10npy_rcsd_84"
"l10npy_rcsdc_5811","5811","CAAZAPA-MI","l10npy_rcsd_84"
"l10npy_rcsdc_5812","5812","MBOI CHINI","l10npy_rcsd_84"
"l10npy_rcsdc_5813","5813","TORANZO","l10npy_rcsd_84"
"l10npy_rcsdc_5814","5814","YBY ATY","l10npy_rcsd_84"
"l10npy_rcsdc_4565","4565","YEGROS","l10npy_rcsd_85"
"l10npy_rcsdc_4566","4566","COSTA LIMA","l10npy_rcsd_85"
"l10npy_rcsdc_4567","4567","ESTACION JESUS MARIA","l10npy_rcsd_85"
"l10npy_rcsdc_4568","4568","ESTACION SAN LUIS CARMEJAN","l10npy_rcsd_85"
"l10npy_rcsdc_4569","4569","ESTACION SOLANO (LA RUAL DE Y)","l10npy_rcsd_85"
"l10npy_rcsdc_4570","4570","ESTACION SOLEI","l10npy_rcsd_85"
"l10npy_rcsdc_4571","4571","FULGENCIO YEGROS (MUNICIPIO)","l10npy_rcsd_85"
"l10npy_rcsdc_4572","4572","ISLA SACA","l10npy_rcsd_85"
"l10npy_rcsdc_4573","4573","MBARIGUI","l10npy_rcsd_85"
"l10npy_rcsdc_4574","4574","PINDOYU","l10npy_rcsd_85"
"l10npy_rcsdc_4575","4575","PIRAPO","l10npy_rcsd_85"
"l10npy_rcsdc_4576","4576","PUESTO CAÑETE","l10npy_rcsd_85"
"l10npy_rcsdc_4577","4577","PUESTO MBOCAYA","l10npy_rcsd_85"
"l10npy_rcsdc_4578","4578","PUESTO NARANJO","l10npy_rcsd_85"
"l10npy_rcsdc_4579","4579","PUNTA GUAZU","l10npy_rcsd_85"
"l10npy_rcsdc_4580","4580","RETIRO CAÑETE","l10npy_rcsd_85"
"l10npy_rcsdc_4581","4581","RETIRO REVENTON","l10npy_rcsd_85"
"l10npy_rcsdc_4582","4582","RETIRO TIMBO","l10npy_rcsd_85"
"l10npy_rcsdc_4583","4583","SAN RAFAEL","l10npy_rcsd_85"
"l10npy_rcsdc_4584","4584","YBYRA CATU","l10npy_rcsd_85"
"l10npy_rcsdc_5815","5815","ESTACION ELISA REAL","l10npy_rcsd_85"
"l10npy_rcsdc_5816","5816","GRAL.COLMAN","l10npy_rcsd_85"
"l10npy_rcsdc_5817","5817","PUESTO CAMBAY","l10npy_rcsd_85"
"l10npy_rcsdc_5818","5818","RETIRO ISLA GUAZU","l10npy_rcsd_85"
"l10npy_rcsdc_6425","6425","3 DE MAYO","l10npy_rcsd_272"
"l10npy_rcsdc_1369","1369","SAN JUAN POI","l10npy_rcsd_101"
"l10npy_rcsdc_1370","1370","SAN LORENZO","l10npy_rcsd_101"
"l10npy_rcsdc_1371","1371","SAN LUIS","l10npy_rcsd_101"
"l10npy_rcsdc_1372","1372","SAN NICOLAS","l10npy_rcsd_101"
"l10npy_rcsdc_1373","1373","SAN PABLO (ESTANCIA)","l10npy_rcsd_101"
"l10npy_rcsdc_1374","1374","SAN PEDRO DEL PARANA (MUNICIP)","l10npy_rcsd_101"
"l10npy_rcsdc_1375","1375","SAN PEDRO MI (SAN PEDRO)","l10npy_rcsd_101"
"l10npy_rcsdc_1376","1376","SAN PEDRO ÑU","l10npy_rcsd_101"
"l10npy_rcsdc_1377","1377","SAN RAFAEL","l10npy_rcsd_101"
"l10npy_rcsdc_1378","1378","SAN SOLANO","l10npy_rcsd_101"
"l10npy_rcsdc_1379","1379","SAN SOLANO MI","l10npy_rcsd_101"
"l10npy_rcsdc_1380","1380","SAN VICENTE","l10npy_rcsd_101"
"l10npy_rcsdc_1381","1381","SANTA BRIGIDA","l10npy_rcsd_101"
"l10npy_rcsdc_1382","1382","SANTA TERESA (ESTANCIA)","l10npy_rcsd_101"
"l10npy_rcsdc_1383","1383","SANTA TERESA FLORIDO","l10npy_rcsd_101"
"l10npy_rcsdc_1384","1384","SANTIAGO CUE","l10npy_rcsd_101"
"l10npy_rcsdc_1385","1385","TACHARUZU","l10npy_rcsd_101"
"l10npy_rcsdc_1386","1386","TACUARA","l10npy_rcsd_101"
"l10npy_rcsdc_1387","1387","TARUMA","l10npy_rcsd_101"
"l10npy_rcsdc_1388","1388","TAVY","l10npy_rcsd_101"
"l10npy_rcsdc_1389","1389","TIMBO-I","l10npy_rcsd_101"
"l10npy_rcsdc_1390","1390","VALLE TEBICUARY","l10npy_rcsd_101"
"l10npy_rcsdc_1391","1391","YABEBYRY","l10npy_rcsd_101"
"l10npy_rcsdc_1392","1392","YACARE-CUA","l10npy_rcsd_101"
"l10npy_rcsdc_1393","1393","YACUA RUZU","l10npy_rcsd_101"
"l10npy_rcsdc_1394","1394","YAGUA CUA","l10npy_rcsd_101"
"l10npy_rcsdc_1395","1395","YAGUA CUA GUAZU","l10npy_rcsd_101"
"l10npy_rcsdc_1396","1396","INAMBU (YNAMBU-I)","l10npy_rcsd_101"
"l10npy_rcsdc_1397","1397","YSYPO YU","l10npy_rcsd_101"
"l10npy_rcsdc_1398","1398","ZANZA CORA3","l10npy_rcsd_101"
"l10npy_rcsdc_1988","1988","CAMPAMENTO CUE (ESTANCIA)","l10npy_rcsd_101"
"l10npy_rcsdc_1989","1989","ALTO VERA","l10npy_rcsd_101"
"l10npy_rcsdc_1990","1990","APEPU TY","l10npy_rcsd_101"
"l10npy_rcsdc_1991","1991","ARROYO FRAZADA","l10npy_rcsd_101"
"l10npy_rcsdc_1992","1992","BARRIO SAN FRANCISCO","l10npy_rcsd_101"
"l10npy_rcsdc_1993","1993","BARRIO SAN MIGUEL","l10npy_rcsd_101"
"l10npy_rcsdc_1994","1994","BARRIO SANTA CATALINA","l10npy_rcsd_101"
"l10npy_rcsdc_1995","1995","BOGADO CUE","l10npy_rcsd_101"
"l10npy_rcsdc_1996","1996","CAAZAPA - MI","l10npy_rcsd_101"
"l10npy_rcsdc_1997","1997","CAMPO FLORIDO","l10npy_rcsd_101"
"l10npy_rcsdc_1998","1998","CANGUE CUA","l10npy_rcsd_101"
"l10npy_rcsdc_1999","1999","CARACHA","l10npy_rcsd_101"
"l10npy_rcsdc_2000","2000","CARAGUATAY","l10npy_rcsd_101"
"l10npy_rcsdc_2001","2001","CARAGUATA I","l10npy_rcsd_101"
"l10npy_rcsdc_2002","2002","CATAGUATA II","l10npy_rcsd_101"
"l10npy_rcsdc_2003","2003","CARIÑO","l10npy_rcsd_101"
"l10npy_rcsdc_2004","2004","CAÑADA LOMA JHOVY","l10npy_rcsd_101"
"l10npy_rcsdc_2005","2005","CAÑADA OCULTO","l10npy_rcsd_101"
"l10npy_rcsdc_2006","2006","CAÑADA TEBICUARY (COSTA)","l10npy_rcsd_101"
"l10npy_rcsdc_2007","2007","CAÑADITA","l10npy_rcsd_101"
"l10npy_rcsdc_2008","2008","COL.CAPITAN LEGUIZAMON","l10npy_rcsd_101"
"l10npy_rcsdc_2009","2009","CRONA Y","l10npy_rcsd_101"
"l10npy_rcsdc_2010","2010","CHUCHI'I","l10npy_rcsd_101"
"l10npy_rcsdc_2011","2011","CURUPICA'Y","l10npy_rcsd_101"
"l10npy_rcsdc_2012","2012","CURUZU ESTEBAN","l10npy_rcsd_101"
"l10npy_rcsdc_2013","2013","CURE BARRERO","l10npy_rcsd_101"
"l10npy_rcsdc_2014","2014","DESGRACIA CUE","l10npy_rcsd_101"
"l10npy_rcsdc_2015","2015","ESTANCIA CARISSIMO","l10npy_rcsd_101"
"l10npy_rcsdc_2016","2016","ESTANCIA GUBETICH","l10npy_rcsd_101"
"l10npy_rcsdc_2017","2017","ESTANCIA MENDEZ","l10npy_rcsd_101"
"l10npy_rcsdc_2018","2018","ESTANCIA NISQUE","l10npy_rcsd_101"
"l10npy_rcsdc_2019","2019","ESTANCIA SANTA ROSA","l10npy_rcsd_101"
"l10npy_rcsdc_2020","2020","ESTANCIA TACUAPI","l10npy_rcsd_101"
"l10npy_rcsdc_2021","2021","ESTANCIA YSYPOYU (YSYPOJHU)","l10npy_rcsd_101"
"l10npy_rcsdc_2022","2022","FLEITAS CUE","l10npy_rcsd_101"
"l10npy_rcsdc_2023","2023","GAONA CUE","l10npy_rcsd_101"
"l10npy_rcsdc_2024","2024","GUAZU CORA","l10npy_rcsd_101"
"l10npy_rcsdc_2025","2025","GUAZU YGUA","l10npy_rcsd_101"
"l10npy_rcsdc_2026","2026","IBARRA CUE","l10npy_rcsd_101"
"l10npy_rcsdc_2027","2027","ITA ANGU'A","l10npy_rcsd_101"
"l10npy_rcsdc_2028","2028","KY'YI","l10npy_rcsd_101"
"l10npy_rcsdc_2029","2029","LOM JHOVY","l10npy_rcsd_101"
"l10npy_rcsdc_2030","2030","MANDYYU TYNGUE","l10npy_rcsd_101"
"l10npy_rcsdc_2031","2031","MBOCA PIRAY (ESTANCIA)","l10npy_rcsd_101"
"l10npy_rcsdc_2032","2032","MBOCAYA","l10npy_rcsd_101"
"l10npy_rcsdc_2033","2033","MBURUCUYA","l10npy_rcsd_101"
"l10npy_rcsdc_2034","2034","MOROTINGUE","l10npy_rcsd_101"
"l10npy_rcsdc_2035","2035","NOVIRETA","l10npy_rcsd_101"
"l10npy_rcsdc_2036","2036","PASTOREO","l10npy_rcsd_101"
"l10npy_rcsdc_2037","2037","PIKY","l10npy_rcsd_101"
"l10npy_rcsdc_2038","2038","PINDOYU","l10npy_rcsd_101"
"l10npy_rcsdc_2039","2039","PIRITY","l10npy_rcsd_101"
"l10npy_rcsdc_2040","2040","POTRERITO","l10npy_rcsd_101"
"l10npy_rcsdc_2041","2041","POTRERO BENITEZ","l10npy_rcsd_101"
"l10npy_rcsdc_2042","2042","POTRERO GOMEZ","l10npy_rcsd_101"
"l10npy_rcsdc_2043","2043","POTRERO SAN JOSE","l10npy_rcsd_101"
"l10npy_rcsdc_2044","2044","POTRERO YAPEPO","l10npy_rcsd_101"
"l10npy_rcsdc_2045","2045","POTRERO YBATE","l10npy_rcsd_101"
"l10npy_rcsdc_2046","2046","POTRERO ÑEMBOTY","l10npy_rcsd_101"
"l10npy_rcsdc_2047","2047","PUNTA PORA","l10npy_rcsd_101"
"l10npy_rcsdc_2048","2048","PUNTA RATI","l10npy_rcsd_101"
"l10npy_rcsdc_2049","2049","RINCON DE LUNA","l10npy_rcsd_101"
"l10npy_rcsdc_2050","2050","SALITRE CUE","l10npy_rcsd_101"
"l10npy_rcsdc_2051","2051","SAN AGUSTIN","l10npy_rcsd_101"
"l10npy_rcsdc_2052","2052","SAN ANTONIO (ESTANCIA)","l10npy_rcsd_101"
"l10npy_rcsdc_2053","2053","SAN ANTONIO GUAZU","l10npy_rcsd_101"
"l10npy_rcsdc_2054","2054","SAN ANTONIO MI","l10npy_rcsd_101"
"l10npy_rcsdc_2055","2055","SAN CLEMENTE","l10npy_rcsd_101"
"l10npy_rcsdc_2056","2056","SAN ISIDRO (YHU ESTANCIA)","l10npy_rcsd_101"
"l10npy_rcsdc_2057","2057","SAN JUAN GUAZU","l10npy_rcsd_101"
"l10npy_rcsdc_2058","2058","SAN JUAN GUAZU","l10npy_rcsd_101"
"l10npy_rcsdc_6297","6297","SAN PEDRO DEL PARANA","l10npy_rcsd_101"
"l10npy_rcsdc_1399","1399","CAP. VICENTE MATIAUDA","l10npy_rcsd_102"
"l10npy_rcsdc_1400","1400","CALLE D","l10npy_rcsd_102"
"l10npy_rcsdc_1401","1401","CALLE E","l10npy_rcsd_102"
"l10npy_rcsdc_1402","1402","CALLE 14","l10npy_rcsd_102"
"l10npy_rcsdc_1403","1403","CALLE 15","l10npy_rcsd_102"
"l10npy_rcsdc_1404","1404","CALLE 16","l10npy_rcsd_102"
"l10npy_rcsdc_1405","1405","CALLE 17","l10npy_rcsd_102"
"l10npy_rcsdc_1406","1406","CAP.MATIAUDA (MUNICIPIO)","l10npy_rcsd_102"
"l10npy_rcsdc_1407","1407","COL.ALBORADA A","l10npy_rcsd_102"
"l10npy_rcsdc_1408","1408","COL.ALBORADA B","l10npy_rcsd_102"
"l10npy_rcsdc_1409","1409","COL. ALBORADA C","l10npy_rcsd_102"
"l10npy_rcsdc_1410","1410","COL. ALBORADA B","l10npy_rcsd_102"
"l10npy_rcsdc_1411","1411","COL. ALBORADA E","l10npy_rcsd_102"
"l10npy_rcsdc_1412","1412","COL. TRINIDAD","l10npy_rcsd_102"
"l10npy_rcsdc_1413","1413","ITA CAJON","l10npy_rcsd_102"
"l10npy_rcsdc_1414","1414","PUERTO CANTERAS","l10npy_rcsd_102"
"l10npy_rcsdc_1415","1415","PUERTO PARAISO","l10npy_rcsd_102"
"l10npy_rcsdc_1416","1416","PUERTO SAMU-U","l10npy_rcsd_102"
"l10npy_rcsdc_1417","1417","PUERTO TEYU CUARE","l10npy_rcsd_102"
"l10npy_rcsdc_1418","1418","PUERTO 3 PALMITOS","l10npy_rcsd_102"
"l10npy_rcsdc_1419","1419","VILLA ALBORADA","l10npy_rcsd_102"
"l10npy_rcsdc_1420","1420","TRINIDAD","l10npy_rcsd_103"
"l10npy_rcsdc_1421","1421","CERRO ITA MBARACA","l10npy_rcsd_103"
"l10npy_rcsdc_1422","1422","COL.FEDERICO CHAVEZ","l10npy_rcsd_103"
"l10npy_rcsdc_1423","1423","COL.PTO.TRINIDAD","l10npy_rcsd_103"
"l10npy_rcsdc_1424","1424","COL.SAN ANTONIO","l10npy_rcsd_103"
"l10npy_rcsdc_1425","1425","CORRAL","l10npy_rcsd_103"
"l10npy_rcsdc_1426","1426","ITA MBARACA","l10npy_rcsd_103"
"l10npy_rcsdc_1427","1427","NATALIO","l10npy_rcsd_104"
"l10npy_rcsdc_1428","1428","ADMINISTRACION","l10npy_rcsd_104"
"l10npy_rcsdc_1429","1429","BARRIO NUEVO HORIZONTE","l10npy_rcsd_104"
"l10npy_rcsdc_1430","1430","BARRIO STO.DOMINGO","l10npy_rcsd_104"
"l10npy_rcsdc_1431","1431","COL.REPATRIACION SUR","l10npy_rcsd_104"
"l10npy_rcsdc_1432","1432","NATALICIO","l10npy_rcsd_104"
"l10npy_rcsdc_1433","1433","PALOMA","l10npy_rcsd_104"
"l10npy_rcsdc_1434","1434","PUERTO MAINUMBY","l10npy_rcsd_104"
"l10npy_rcsdc_1435","1435","PUERTO PALOMA","l10npy_rcsd_104"
"l10npy_rcsdc_1436","1436","PUERTO TRIUNFO","l10npy_rcsd_104"
"l10npy_rcsdc_1437","1437","PUERTO YATAITY","l10npy_rcsd_104"
"l10npy_rcsdc_1438","1438","RAFAEL MONZON","l10npy_rcsd_104"
"l10npy_rcsdc_1439","1439","YACARE CUE","l10npy_rcsd_104"
"l10npy_rcsdc_1440","1440","JOSE LEANDRO OVIEDO","l10npy_rcsd_105"
"l10npy_rcsdc_1441","1441","ESTANCIA BARBOZA","l10npy_rcsd_105"
"l10npy_rcsdc_1442","1442","GANADERIA SALITRE CUE","l10npy_rcsd_105"
"l10npy_rcsdc_1443","1443","MUNICIPIO","l10npy_rcsd_105"
"l10npy_rcsdc_1444","1444","PUESTO AGUADA","l10npy_rcsd_105"
"l10npy_rcsdc_1445","1445","PUESTO YATAI","l10npy_rcsd_105"
"l10npy_rcsdc_1446","1446","VICENTE MATIAUDA","l10npy_rcsd_106"
"l10npy_rcsdc_1447","1447","ALBORADA 1","l10npy_rcsd_106"
"l10npy_rcsdc_1448","1448","CERRO PORTEÑO","l10npy_rcsd_106"
"l10npy_rcsdc_1449","1449","CIA.SAMUHU","l10npy_rcsd_106"
"l10npy_rcsdc_1450","1450","COL.VICENTE MATIAUDA","l10npy_rcsd_106"
"l10npy_rcsdc_1451","1451","PTO.CANTERA","l10npy_rcsd_106"
"l10npy_rcsdc_1452","1452","PTO.PARAISO","l10npy_rcsd_106"
"l10npy_rcsdc_1453","1453","PTO.SAMUHU","l10npy_rcsd_106"
"l10npy_rcsdc_1454","1454","PTO.TRES PALMITOS","l10npy_rcsd_106"
"l10npy_rcsdc_1455","1455","VILLA ALBORADA","l10npy_rcsd_106"
"l10npy_rcsdc_6253","6253","PTO.YBYCUI ÑARO","l10npy_rcsd_106"
"l10npy_rcsdc_1456","1456","CARLOS A. LOPEZ","l10npy_rcsd_107"
"l10npy_rcsdc_1457","1457","22 DE MAYO","l10npy_rcsd_107"
"l10npy_rcsdc_1458","1458","CALLE 7 DE AGOSTO","l10npy_rcsd_107"
"l10npy_rcsdc_1459","1459","COL.ALBORADA","l10npy_rcsd_107"
"l10npy_rcsdc_1460","1460","COL.PORVENIR","l10npy_rcsd_107"
"l10npy_rcsdc_1461","1461","COL.SAN LORENZO","l10npy_rcsd_107"
"l10npy_rcsdc_1462","1462","COL.TEMBEY","l10npy_rcsd_107"
"l10npy_rcsdc_1463","1463","KILOMETRO 4,8,17,14 Y 21","l10npy_rcsd_107"
"l10npy_rcsdc_1464","1464","NARANJITO","l10npy_rcsd_107"
"l10npy_rcsdc_1465","1465","PLANCHADA MARGARITA","l10npy_rcsd_107"
"l10npy_rcsdc_1466","1466","PLANCHADA SAN JOSE","l10npy_rcsd_107"
"l10npy_rcsdc_1467","1467","PUERTO DE AGOSTO","l10npy_rcsd_107"
"l10npy_rcsdc_1468","1468","PUERTO CARLOS A.LOPEZ","l10npy_rcsd_107"
"l10npy_rcsdc_1469","1469","PUERTO PORVENIR","l10npy_rcsd_107"
"l10npy_rcsdc_1470","1470","PUERTO SAN RAFAEL","l10npy_rcsd_107"
"l10npy_rcsdc_6254","6254","COL. APE AIME","l10npy_rcsd_107"
"l10npy_rcsdc_6255","6255","NACIENTE DEL TEMBEY","l10npy_rcsd_107"
"l10npy_rcsdc_6256","6256","PUERTO SAN LORENZO","l10npy_rcsd_107"
"l10npy_rcsdc_1471","1471","JULIO D. OTAÑO","l10npy_rcsd_108"
"l10npy_rcsdc_1472","1472","1A.LINEA","l10npy_rcsd_108"
"l10npy_rcsdc_1473","1473","2ALINEA","l10npy_rcsd_108"
"l10npy_rcsdc_1474","1474","3ALINEA","l10npy_rcsd_108"
"l10npy_rcsdc_1475","1475","5ALINEA","l10npy_rcsd_108"
"l10npy_rcsdc_1476","1476","COL.REPATRIACION","l10npy_rcsd_108"
"l10npy_rcsdc_1477","1477","RANCHO CABRERA","l10npy_rcsd_108"
"l10npy_rcsdc_6257","6257","4ALINEA","l10npy_rcsd_108"
"l10npy_rcsdc_1478","1478","COL.REPATRIACION DEL SUR","l10npy_rcsd_109"
"l10npy_rcsdc_1479","1479","CRUCE GUAVIRA","l10npy_rcsd_109"
"l10npy_rcsdc_1480","1480","KILOMETRO 32 EDELIRA","l10npy_rcsd_109"
"l10npy_rcsdc_1481","1481","KILOMETRO 32 YAGUARAZAPA","l10npy_rcsd_109"
"l10npy_rcsdc_1482","1482","MONZON","l10npy_rcsd_109"
"l10npy_rcsdc_6258","6258","ANTIDIA MATIAUDA","l10npy_rcsd_109"
"l10npy_rcsdc_6259","6259","POTRERO PIRAPO","l10npy_rcsd_109"
"l10npy_rcsdc_6400","6400","EDELIRA 60","l10npy_rcsd_109"
"l10npy_rcsdc_1483","1483","SAN JUAN DEL PARANA","l10npy_rcsd_110"
"l10npy_rcsdc_1484","1484","LA PAZ","l10npy_rcsd_111"
"l10npy_rcsdc_1485","1485","CALLE 3","l10npy_rcsd_111"
"l10npy_rcsdc_1486","1486","CALLE 4","l10npy_rcsd_111"
"l10npy_rcsdc_1487","1487","CALLE 5","l10npy_rcsd_111"
"l10npy_rcsdc_1488","1488","CALLE 7","l10npy_rcsd_111"
"l10npy_rcsdc_1489","1489","CALLE A","l10npy_rcsd_111"
"l10npy_rcsdc_1490","1490","CALLE D","l10npy_rcsd_111"
"l10npy_rcsdc_1491","1491","CALLE P","l10npy_rcsd_111"
"l10npy_rcsdc_1492","1492","CALLE Q","l10npy_rcsd_111"
"l10npy_rcsdc_1493","1493","CALLE R","l10npy_rcsd_111"
"l10npy_rcsdc_1494","1494","CALLE T","l10npy_rcsd_111"
"l10npy_rcsdc_1495","1495","CIA.SANTA ROSA","l10npy_rcsd_111"
"l10npy_rcsdc_1496","1496","CIA.AGRIC.LTDA. LA PAZ","l10npy_rcsd_111"
"l10npy_rcsdc_1497","1497","CIA.SAN CARLOS","l10npy_rcsd_111"
"l10npy_rcsdc_1498","1498","CALLE 2","l10npy_rcsd_111"
"l10npy_rcsdc_6260","6260","CALLE 6","l10npy_rcsd_111"
"l10npy_rcsdc_6261","6261","CALLE N","l10npy_rcsd_111"
"l10npy_rcsdc_6262","6262","CIA. CAAGUAZU","l10npy_rcsd_111"
"l10npy_rcsdc_6263","6263","NACIENTE DEL TEMBEY","l10npy_rcsd_111"
"l10npy_rcsdc_1499","1499","MARIA AUXILIADORA","l10npy_rcsd_112"
"l10npy_rcsdc_1500","1500","KILOMETRO 51 TRIUNFO","l10npy_rcsd_112"
"l10npy_rcsdc_1501","1501","PUENTE SAN BRULLO CUE","l10npy_rcsd_112"
"l10npy_rcsdc_1502","1502","YATAITY","l10npy_rcsd_113"
"l10npy_rcsdc_1503","1503","YATYTAY","l10npy_rcsd_113"
"l10npy_rcsdc_1504","1504","HERIBERTA S.DE IGLESIAS","l10npy_rcsd_114"
"l10npy_rcsdc_1505","1505","CERRO BARRERO","l10npy_rcsd_114"
"l10npy_rcsdc_1506","1506","CERRO BERTA","l10npy_rcsd_114"
"l10npy_rcsdc_1507","1507","CERRO MBATOVY","l10npy_rcsd_114"
"l10npy_rcsdc_1508","1508","CERRO PABLA","l10npy_rcsd_114"
"l10npy_rcsdc_1509","1509","CERRO SAN RAFAEL","l10npy_rcsd_114"
"l10npy_rcsdc_1510","1510","CERRO TACUARY","l10npy_rcsd_114"
"l10npy_rcsdc_1511","1511","CERRO VIOLETA","l10npy_rcsd_114"
"l10npy_rcsdc_1512","1512","CERRO YAGUA CUA","l10npy_rcsd_114"
"l10npy_rcsdc_1513","1513","CERRO YAGUA GUAZU","l10npy_rcsd_114"
"l10npy_rcsdc_1514","1514","COCHI","l10npy_rcsd_114"
"l10npy_rcsdc_1515","1515","COL.ALTO VERA","l10npy_rcsd_114"
"l10npy_rcsdc_1516","1516","CRUCE GUAVIRA","l10npy_rcsd_114"
"l10npy_rcsdc_1517","1517","POTRERO PASTOREO","l10npy_rcsd_114"
"l10npy_rcsdc_1518","1518","POTRERO PIRAPO","l10npy_rcsd_114"
"l10npy_rcsdc_1519","1519","POTRERO SAN PABLO","l10npy_rcsd_114"
"l10npy_rcsdc_1520","1520","POTRERO SAN PEDRO MI","l10npy_rcsd_114"
"l10npy_rcsdc_1521","1521","POTRERO TAGUATO","l10npy_rcsd_114"
"l10npy_rcsdc_1522","1522","POTRERO YUQUERI","l10npy_rcsd_114"
"l10npy_rcsdc_1523","1523","TAYI POTRERO","l10npy_rcsd_114"
"l10npy_rcsdc_1855","1855","ESTANCIA SALTO","l10npy_rcsd_95"
"l10npy_rcsdc_1856","1856","ESTANCIA SAN ANTONIO","l10npy_rcsd_95"
"l10npy_rcsdc_1857","1857","ESTANCIA SANTA TERESA","l10npy_rcsd_95"
"l10npy_rcsdc_1858","1858","ESTANCIA YBYRA PIRU","l10npy_rcsd_95"
"l10npy_rcsdc_1859","1859","ESTNACIA ÑEEMBUCU","l10npy_rcsd_95"
"l10npy_rcsdc_1860","1860","GANADERA SALITRE CUE","l10npy_rcsd_95"
"l10npy_rcsdc_1861","1861","GRAL.GERVACIO ARTIGAS (MUNIC.)","l10npy_rcsd_95"
"l10npy_rcsdc_1862","1862","HURTADO CUE","l10npy_rcsd_95"
"l10npy_rcsdc_1863","1863","ISLA ALTA","l10npy_rcsd_95"
"l10npy_rcsdc_1864","1864","ITACURUBI","l10npy_rcsd_95"
"l10npy_rcsdc_1865","1865","COL.SANTA MARIA","l10npy_rcsd_95"
"l10npy_rcsdc_1866","1866","PICADA PYTA","l10npy_rcsd_95"
"l10npy_rcsdc_1867","1867","POTRERITO","l10npy_rcsd_95"
"l10npy_rcsdc_1868","1868","POTRERO DUARTE","l10npy_rcsd_95"
"l10npy_rcsdc_1869","1869","PUESTO AGUADA","l10npy_rcsd_95"
"l10npy_rcsdc_1870","1870","PUESTO CAAGUAZU","l10npy_rcsd_95"
"l10npy_rcsdc_1871","1871","PUESTO IRALA PINDO","l10npy_rcsd_95"
"l10npy_rcsdc_1872","1872","PUESTO SOLEDAD","l10npy_rcsd_95"
"l10npy_rcsdc_1873","1873","PUESTO TAYY","l10npy_rcsd_95"
"l10npy_rcsdc_1874","1874","SAN BLAS","l10npy_rcsd_95"
"l10npy_rcsdc_1875","1875","SAN IDIDRO","l10npy_rcsd_95"
"l10npy_rcsdc_1876","1876","SAN MIGUEL","l10npy_rcsd_95"
"l10npy_rcsdc_1877","1877","SAN MIGUL POTRERO","l10npy_rcsd_95"
"l10npy_rcsdc_1878","1878","SYRYRYCA","l10npy_rcsd_95"
"l10npy_rcsdc_1879","1879","TOROPE","l10npy_rcsd_95"
"l10npy_rcsdc_1880","1880","YPAYERE","l10npy_rcsd_95"
"l10npy_rcsdc_1881","1881","YUKYRAYI","l10npy_rcsd_95"
"l10npy_rcsdc_1882","1882","ZANJA HONDO","l10npy_rcsd_95"
"l10npy_rcsdc_1883","1883","ÑU GUAZU","l10npy_rcsd_95"
"l10npy_rcsdc_1884","1884","ÑU PYAJHU","l10npy_rcsd_95"
"l10npy_rcsdc_4079","4079","GRAL. ARGTIGAS","l10npy_rcsd_95"
"l10npy_rcsdc_4080","4080","ALBARDON","l10npy_rcsd_95"
"l10npy_rcsdc_4081","4081","BOBI PUCU","l10npy_rcsd_95"
"l10npy_rcsdc_4082","4082","BUENA VISTA","l10npy_rcsd_95"
"l10npy_rcsdc_4083","4083","CAMBAY","l10npy_rcsd_95"
"l10npy_rcsdc_4084","4084","CERRITO","l10npy_rcsd_95"
"l10npy_rcsdc_4085","4085","COL. INDEPENDENCIA","l10npy_rcsd_95"
"l10npy_rcsdc_4086","4086","CURUPAYTYUAYA","l10npy_rcsd_95"
"l10npy_rcsdc_4087","4087","ERATY","l10npy_rcsd_95"
"l10npy_rcsdc_4088","4088","ESTANCIA AREQUITA","l10npy_rcsd_95"
"l10npy_rcsdc_4089","4089","ESANCIA BADO ISLA PE H","l10npy_rcsd_95"
"l10npy_rcsdc_4090","4090","ESTANCIA CABALLERO GATTI","l10npy_rcsd_95"
"l10npy_rcsdc_4091","4091","ESTANCIA ISLA CAMBA","l10npy_rcsd_95"
"l10npy_rcsdc_4092","4092","ESTANCIA LOMA","l10npy_rcsd_95"
"l10npy_rcsdc_4093","4093","ESTANCIA PIRITY","l10npy_rcsd_95"
"l10npy_rcsdc_5786","5786","ARROYO VUELTA","l10npy_rcsd_95"
"l10npy_rcsdc_5787","5787","COL. URUGUAYA","l10npy_rcsd_95"
"l10npy_rcsdc_5788","5788","ESTANCIA BADO ISLA PE L","l10npy_rcsd_95"
"l10npy_rcsdc_1885","1885","GRAL. DELGADO","l10npy_rcsd_96"
"l10npy_rcsdc_1886","1886","BOQUERON","l10npy_rcsd_96"
"l10npy_rcsdc_1887","1887","CAA-TY","l10npy_rcsd_96"
"l10npy_rcsdc_1888","1888","COSTA JHU","l10npy_rcsd_96"
"l10npy_rcsdc_1889","1889","ESTANCIA FRANCO CUE","l10npy_rcsd_96"
"l10npy_rcsdc_1890","1890","ESTANCIA LAUREL","l10npy_rcsd_96"
"l10npy_rcsdc_1891","1891","ESTANCIA SAN ANTONIO","l10npy_rcsd_96"
"l10npy_rcsdc_1892","1892","ESTANCIA SAN MIGUELITO","l10npy_rcsd_96"
"l10npy_rcsdc_1893","1893","ESTANCIA SANTA MARIA","l10npy_rcsd_96"
"l10npy_rcsdc_1894","1894","ESTANCIA YCUA ÑU","l10npy_rcsd_96"
"l10npy_rcsdc_1895","1895","GRAL. DELGADO (MUNICIPIO)","l10npy_rcsd_96"
"l10npy_rcsdc_1896","1896","ISLA GUAZU","l10npy_rcsd_96"
"l10npy_rcsdc_1897","1897","ISLA PERU","l10npy_rcsd_96"
"l10npy_rcsdc_1898","1898","JHUGUA GUAZU","l10npy_rcsd_96"
"l10npy_rcsdc_1899","1899","JHUGUA-I","l10npy_rcsd_96"
"l10npy_rcsdc_1900","1900","LOMITA","l10npy_rcsd_96"
"l10npy_rcsdc_1901","1901","MANDYYU-TYGUE","l10npy_rcsd_96"
"l10npy_rcsdc_1902","1902","PASO LAUREL","l10npy_rcsd_96"
"l10npy_rcsdc_1903","1903","POSTA CUE","l10npy_rcsd_96"
"l10npy_rcsdc_1904","1904","PUNTA PORA","l10npy_rcsd_96"
"l10npy_rcsdc_1905","1905","SAN ANTONIO (JHUGUA-MI)","l10npy_rcsd_96"
"l10npy_rcsdc_1906","1906","SAN BLAS","l10npy_rcsd_96"
"l10npy_rcsdc_1907","1907","SAN DIONISIO","l10npy_rcsd_96"
"l10npy_rcsdc_1908","1908","SAN ESTANISLAO","l10npy_rcsd_96"
"l10npy_rcsdc_1909","1909","SAN ISIDRO","l10npy_rcsd_96"
"l10npy_rcsdc_1910","1910","SAN PEDRO","l10npy_rcsd_96"
"l10npy_rcsdc_1911","1911","SANTA MARIA","l10npy_rcsd_96"
"l10npy_rcsdc_1912","1912","TAVA-I","l10npy_rcsd_96"
"l10npy_rcsdc_1913","1913","YBYRATY","l10npy_rcsd_96"
"l10npy_rcsdc_1914","1914","YHACA","l10npy_rcsd_96"
"l10npy_rcsdc_1915","1915","HOHENAU","l10npy_rcsd_97"
"l10npy_rcsdc_1916","1916","CABAYU-Y","l10npy_rcsd_97"
"l10npy_rcsdc_1917","1917","CAMPO ANGEL","l10npy_rcsd_97"
"l10npy_rcsdc_1918","1918","FISCO HOHENAU","l10npy_rcsd_97"
"l10npy_rcsdc_1919","1919","HOHENAU 1","l10npy_rcsd_97"
"l10npy_rcsdc_1920","1920","HOHENAU 2 (MUNICIPIO)","l10npy_rcsd_97"
"l10npy_rcsdc_1921","1921","HOHENAU 3","l10npy_rcsd_97"
"l10npy_rcsdc_1922","1922","HOHENAU 4","l10npy_rcsd_97"
"l10npy_rcsdc_1923","1923","ITAPE SYI","l10npy_rcsd_97"
"l10npy_rcsdc_1924","1924","LA MORENA","l10npy_rcsd_97"
"l10npy_rcsdc_1925","1925","PUERTO HOHENAU","l10npy_rcsd_97"
"l10npy_rcsdc_1926","1926","PUERTO SANTA ROSA","l10npy_rcsd_97"
"l10npy_rcsdc_1927","1927","SANTA MARIA 1RO.","l10npy_rcsd_97"
"l10npy_rcsdc_1928","1928","SANTA MARIA 2A.(COLONIA)","l10npy_rcsd_97"
"l10npy_rcsdc_1929","1929","JESUS","l10npy_rcsd_98"
"l10npy_rcsdc_1930","1930","CAAGUAZU (C.FEDERICO CHAVEZ)","l10npy_rcsd_98"
"l10npy_rcsdc_1931","1931","CAMBAY","l10npy_rcsd_98"
"l10npy_rcsdc_1932","1932","CAMPOS TERWINDT","l10npy_rcsd_98"
"l10npy_rcsdc_1933","1933","CAPIIBARY (PASO CARLIN)","l10npy_rcsd_98"
"l10npy_rcsdc_1934","1934","CARUMBEY","l10npy_rcsd_98"
"l10npy_rcsdc_1935","1935","COL.JESUS","l10npy_rcsd_98"
"l10npy_rcsdc_1936","1936","JESUS (MUNICIPIO)","l10npy_rcsd_98"
"l10npy_rcsdc_1937","1937","MADISOVY (CAMPO TOMAS)","l10npy_rcsd_98"
"l10npy_rcsdc_1938","1938","SAN ANTONIO","l10npy_rcsd_98"
"l10npy_rcsdc_1939","1939","SAN JUSTO","l10npy_rcsd_98"
"l10npy_rcsdc_1940","1940","SAN LUIS","l10npy_rcsd_98"
"l10npy_rcsdc_1941","1941","SANTA TERESA","l10npy_rcsd_98"
"l10npy_rcsdc_1942","1942","OBLIGADO","l10npy_rcsd_99"
"l10npy_rcsdc_1943","1943","ARROYO GUAZU","l10npy_rcsd_99"
"l10npy_rcsdc_1944","1944","COL.OBLIGADO KM. 10","l10npy_rcsd_99"
"l10npy_rcsdc_1945","1945","KILOMETRO 10","l10npy_rcsd_99"
"l10npy_rcsdc_1946","1946","KILOMETRO 25","l10npy_rcsd_99"
"l10npy_rcsdc_1947","1947","KILOMETRO 26","l10npy_rcsd_99"
"l10npy_rcsdc_1948","1948","OBLIGADO (MUNICIPIO)","l10npy_rcsd_99"
"l10npy_rcsdc_1949","1949","OBLIGADO 3RO.","l10npy_rcsd_99"
"l10npy_rcsdc_1950","1950","PASTOREO","l10npy_rcsd_99"
"l10npy_rcsdc_1951","1951","PUERTO OBLIGADO","l10npy_rcsd_99"
"l10npy_rcsdc_1952","1952","VILLA ALEGRE","l10npy_rcsd_99"
"l10npy_rcsdc_6287","6287","CAMPO ANGEL","l10npy_rcsd_99"
"l10npy_rcsdc_6288","6288","LAPACHAL","l10npy_rcsd_99"
"l10npy_rcsdc_6289","6289","VACAY","l10npy_rcsd_99"
"l10npy_rcsdc_1953","1953","SAN COSME","l10npy_rcsd_100"
"l10npy_rcsdc_1954","1954","ARROCERA BOLF","l10npy_rcsd_100"
"l10npy_rcsdc_1955","1955","CHACO-I","l10npy_rcsd_100"
"l10npy_rcsdc_1956","1956","COL.TIBURCIO BOGADO..........","l10npy_rcsd_100"
"l10npy_rcsdc_1957","1957","COL.YBYCUI (CERRO)","l10npy_rcsd_100"
"l10npy_rcsdc_1958","1958","CURUPAY CARE","l10npy_rcsd_100"
"l10npy_rcsdc_1959","1959","ESTANCIA BAEZ","l10npy_rcsd_100"
"l10npy_rcsdc_1960","1960","ESTANCIA JORGE BOLF","l10npy_rcsd_100"
"l10npy_rcsdc_1961","1961","ESTANCIA MALAY","l10npy_rcsd_100"
"l10npy_rcsdc_1962","1962","ESTANCIA MORA","l10npy_rcsd_100"
"l10npy_rcsdc_1963","1963","GUACURU CUA","l10npy_rcsd_100"
"l10npy_rcsdc_1964","1964","ISLA BUENA VISTA","l10npy_rcsd_100"
"l10npy_rcsdc_1965","1965","ISLA FLORES","l10npy_rcsd_100"
"l10npy_rcsdc_1966","1966","ISLA JUPITER","l10npy_rcsd_100"
"l10npy_rcsdc_1967","1967","ISLA MBOREVI II","l10npy_rcsd_100"
"l10npy_rcsdc_1968","1968","ISLA MYTU-I","l10npy_rcsd_100"
"l10npy_rcsdc_1969","1969","ISLA PUCU","l10npy_rcsd_100"
"l10npy_rcsdc_1970","1970","ISLA SAUCE","l10npy_rcsd_100"
"l10npy_rcsdc_1971","1971","ISLA TALAVERA","l10npy_rcsd_100"
"l10npy_rcsdc_1972","1972","ISLA YACY RETA","l10npy_rcsd_100"
"l10npy_rcsdc_1973","1973","ISLA YPYTA","l10npy_rcsd_100"
"l10npy_rcsdc_1974","1974","LOMA SAN ANTONIO","l10npy_rcsd_100"
"l10npy_rcsdc_1975","1975","MISERICORDIA","l10npy_rcsd_100"
"l10npy_rcsdc_1976","1976","PIRITY","l10npy_rcsd_100"
"l10npy_rcsdc_1977","1977","POTRERO YBATE","l10npy_rcsd_100"
"l10npy_rcsdc_1978","1978","POTRERO ÑA'U","l10npy_rcsd_100"
"l10npy_rcsdc_1979","1979","PUERTO BARRANQUERITA","l10npy_rcsd_100"
"l10npy_rcsdc_1980","1980","PUERTO PICARDIA","l10npy_rcsd_100"
"l10npy_rcsdc_1981","1981","PUESTO","l10npy_rcsd_100"
"l10npy_rcsdc_1982","1982","SAN COSME Y DAMIAN (MUNICIPIO)","l10npy_rcsd_100"
"l10npy_rcsdc_1983","1983","SAN LORENZO","l10npy_rcsd_100"
"l10npy_rcsdc_1984","1984","SAN MAURICIO","l10npy_rcsd_100"
"l10npy_rcsdc_1985","1985","SANTA LUCIA","l10npy_rcsd_100"
"l10npy_rcsdc_1986","1986","SANTO TOMAS","l10npy_rcsd_100"
"l10npy_rcsdc_1987","1987","TAMBURA","l10npy_rcsd_100"
"l10npy_rcsdc_6290","6290","CAMBYRETA","l10npy_rcsd_100"
"l10npy_rcsdc_6291","6291","ESTANCIA ABELARDA (ABELANDRA)","l10npy_rcsd_100"
"l10npy_rcsdc_6292","6292","ISLA GARZALITO","l10npy_rcsd_100"
"l10npy_rcsdc_6293","6293","ISLA RICA","l10npy_rcsd_100"
"l10npy_rcsdc_6294","6294","LOMA","l10npy_rcsd_100"
"l10npy_rcsdc_6295","6295","POTRERO CARDOZO","l10npy_rcsd_100"
"l10npy_rcsdc_6296","6296","PUESTO MBERU (TOMBERU)","l10npy_rcsd_100"
"l10npy_rcsdc_2226","2226","ENCARNACION","l10npy_rcsd_87"
"l10npy_rcsdc_2227","2227","3 POTRERO","l10npy_rcsd_87"
"l10npy_rcsdc_2228","2228","4 POTRERO","l10npy_rcsd_87"
"l10npy_rcsdc_2229","2229","AGUIRRE CUE","l10npy_rcsd_87"
"l10npy_rcsdc_2230","2230","ARROYO PORA","l10npy_rcsd_87"
"l10npy_rcsdc_2231","2231","BARRIO POTI Y (ISLA)","l10npy_rcsd_87"
"l10npy_rcsdc_2232","2232","BARRIO VIUDITA","l10npy_rcsd_87"
"l10npy_rcsdc_2233","2233","BARRIO YBYCUI 1A.(ISLA)","l10npy_rcsd_87"
"l10npy_rcsdc_2234","2234","BARRIO YBYCUI 2DA.(ISLA)","l10npy_rcsd_87"
"l10npy_rcsdc_2235","2235","BARRIO BEATO ROQUE","l10npy_rcsd_87"
"l10npy_rcsdc_2236","2236","BARRIO ESTACION","l10npy_rcsd_87"
"l10npy_rcsdc_2237","2237","BARRIO FABRIL","l10npy_rcsd_87"
"l10npy_rcsdc_2238","2238","BARRIO LOMA CLAVEL","l10npy_rcsd_87"
"l10npy_rcsdc_2239","2239","BARRIO SANTA MARIA","l10npy_rcsd_87"
"l10npy_rcsdc_2240","2240","BARRIO SANTA ROSA 2DA.","l10npy_rcsd_87"
"l10npy_rcsdc_2241","2241","C.5,6,7 COL.DR.F.ESCULIES","l10npy_rcsd_87"
"l10npy_rcsdc_2242","2242","CAAGUY COL.SANTO DOMINGO","l10npy_rcsd_87"
"l10npy_rcsdc_2243","2243","CALLE 1 COL.DR.F.ESCULIES","l10npy_rcsd_87"
"l10npy_rcsdc_2244","2244","CALLE 2 COL.DR.F.ESCULIES","l10npy_rcsd_87"
"l10npy_rcsdc_2245","2245","CALLE 3 COL.DR.F.ESCULIES","l10npy_rcsd_87"
"l10npy_rcsdc_2246","2246","CALLE 4 DR.F.ESCULIES","l10npy_rcsd_87"
"l10npy_rcsdc_2247","2247","CALLE 6 Y 7 (CERRITO)","l10npy_rcsd_87"
"l10npy_rcsdc_2248","2248","CAMPO SANTO DOMINGO","l10npy_rcsd_87"
"l10npy_rcsdc_2249","2249","CHAIPE","l10npy_rcsd_87"
"l10npy_rcsdc_2250","2250","CURUPAYTY","l10npy_rcsd_87"
"l10npy_rcsdc_2251","2251","CURUZU TOMAS","l10npy_rcsd_87"
"l10npy_rcsdc_2252","2252","ENCARNACION (MUNICIPIO)","l10npy_rcsd_87"
"l10npy_rcsdc_2253","2253","ESTANCIA MATIAUDA","l10npy_rcsd_87"
"l10npy_rcsdc_2254","2254","FATIMA","l10npy_rcsd_87"
"l10npy_rcsdc_2255","2255","ISLA B.DEL MEDIO","l10npy_rcsd_87"
"l10npy_rcsdc_2256","2256","ISLA B.TATAINDY","l10npy_rcsd_87"
"l10npy_rcsdc_2257","2257","ISLA MBOREVI","l10npy_rcsd_87"
"l10npy_rcsdc_2258","2258","ISLA PANAMBI","l10npy_rcsd_87"
"l10npy_rcsdc_2259","2259","ISLA PARANA 1RO.","l10npy_rcsd_87"
"l10npy_rcsdc_2260","2260","ISLA VICTORIA","l10npy_rcsd_87"
"l10npy_rcsdc_2261","2261","ITA ANGUA GUAZU","l10npy_rcsd_87"
"l10npy_rcsdc_2262","2262","ITA ANGUA I","l10npy_rcsd_87"
"l10npy_rcsdc_2263","2263","ITA CUA","l10npy_rcsd_87"
"l10npy_rcsdc_2264","2264","ITA PASO (SANTO DOMINGO)","l10npy_rcsd_87"
"l10npy_rcsdc_2265","2265","MBOI CAE","l10npy_rcsd_87"
"l10npy_rcsdc_2266","2266","PACU CUA (BARRIO)","l10npy_rcsd_87"
"l10npy_rcsdc_2267","2267","PACU CUA 3RO.","l10npy_rcsd_87"
"l10npy_rcsdc_2268","2268","PICADA PYTA","l10npy_rcsd_87"
"l10npy_rcsdc_2269","2269","PLANTA URBANA (COL.ESCULIES)","l10npy_rcsd_87"
"l10npy_rcsdc_2270","2270","QUITERIO","l10npy_rcsd_87"
"l10npy_rcsdc_2271","2271","RETIRO CARAGUATA","l10npy_rcsd_87"
"l10npy_rcsdc_2272","2272","SAN BLAS (COL.INDEPENDENCIA)","l10npy_rcsd_87"
"l10npy_rcsdc_2273","2273","SAN CARLOS","l10npy_rcsd_87"
"l10npy_rcsdc_2274","2274","SAN ISIDRO (COL.INDEPENDENCIA)","l10npy_rcsd_87"
"l10npy_rcsdc_2275","2275","SAN JUAN DEL PARANA","l10npy_rcsd_87"
"l10npy_rcsdc_2276","2276","SAN MIGUEL","l10npy_rcsd_87"
"l10npy_rcsdc_2277","2277","SAN MIGUEL (COL.STO.DOMINGO)","l10npy_rcsd_87"
"l10npy_rcsdc_2278","2278","SAN NICOLAS","l10npy_rcsd_87"
"l10npy_rcsdc_2279","2279","SANTA LUCIA (COL.C.A.LOPEZ)","l10npy_rcsd_87"
"l10npy_rcsdc_2280","2280","SANTA MARIA","l10npy_rcsd_87"
"l10npy_rcsdc_2281","2281","SANTA ROSA 1RO.","l10npy_rcsd_87"
"l10npy_rcsdc_2282","2282","SANTA ROSA DEL PARANA","l10npy_rcsd_87"
"l10npy_rcsdc_2283","2283","TACUARI","l10npy_rcsd_87"
"l10npy_rcsdc_2284","2284","TATU CUA 3RO.","l10npy_rcsd_87"
"l10npy_rcsdc_2285","2285","VILLA CRISTINA","l10npy_rcsd_87"
"l10npy_rcsdc_2286","2286","YPE CURU 2DO.","l10npy_rcsd_87"
"l10npy_rcsdc_4601","4601","NUEVA AURORA","l10npy_rcsd_87"
"l10npy_rcsdc_6308","6308","SAN ANTONIO","l10npy_rcsd_87"
"l10npy_rcsdc_6309","6309","SAN LUIS DEL PARANA","l10npy_rcsd_87"
"l10npy_rcsdc_6310","6310","SANTA ROSA 2DO.","l10npy_rcsd_87"
"l10npy_rcsdc_6311","6311","YPE CURU 1RO.","l10npy_rcsd_87"
"l10npy_rcsdc_2287","2287","BELLA VISTA","l10npy_rcsd_88"
"l10npy_rcsdc_2288","2288","ACA CARAYA KM.20","l10npy_rcsd_88"
"l10npy_rcsdc_2289","2289","ACA CARAYA KM.22","l10npy_rcsd_88"
"l10npy_rcsdc_2290","2290","BELLA VISTA (MUNICIPIO)","l10npy_rcsd_88"
"l10npy_rcsdc_2291","2291","CALLE 1RO.PIRAPO","l10npy_rcsd_88"
"l10npy_rcsdc_2292","2292","CAARENDY","l10npy_rcsd_88"
"l10npy_rcsdc_2293","2293","COL.FORDI-I","l10npy_rcsd_88"
"l10npy_rcsdc_2294","2294","COL.PIRAPO KM.13","l10npy_rcsd_88"
"l10npy_rcsdc_2295","2295","COL.PIRAPO KM.15","l10npy_rcsd_88"
"l10npy_rcsdc_2296","2296","COL.SANTA CLARA","l10npy_rcsd_88"
"l10npy_rcsdc_2297","2297","COL.UNION","l10npy_rcsd_88"
"l10npy_rcsdc_2298","2298","COL.URUGUAYA","l10npy_rcsd_88"
"l10npy_rcsdc_2299","2299","COL.VACAY","l10npy_rcsd_88"
"l10npy_rcsdc_2300","2300","FISCO KM.25","l10npy_rcsd_88"
"l10npy_rcsdc_2301","2301","KILOMETRO 19 COL.PIRAPO","l10npy_rcsd_88"
"l10npy_rcsdc_2302","2302","LA TRINIDAD","l10npy_rcsd_88"
"l10npy_rcsdc_2303","2303","PIRAPO (PLANTA URBANA)","l10npy_rcsd_88"
"l10npy_rcsdc_2304","2304","PIRAPO KM.17","l10npy_rcsd_88"
"l10npy_rcsdc_2305","2305","PIRAPO KM.25","l10npy_rcsd_88"
"l10npy_rcsdc_2593","2593","PUERTO ACA CARAYA","l10npy_rcsd_88"
"l10npy_rcsdc_2594","2594","PUERTO BELLA VISTA","l10npy_rcsd_88"
"l10npy_rcsdc_2595","2595","PUERTO CAARENDY","l10npy_rcsd_88"
"l10npy_rcsdc_2596","2596","PUERTO FORDI-I","l10npy_rcsd_88"
"l10npy_rcsdc_2597","2597","PUERTO PIRAPO","l10npy_rcsd_88"
"l10npy_rcsdc_2598","2598","PUERTO VACAY","l10npy_rcsd_88"
"l10npy_rcsdc_2599","2599","VILLA CAPSA","l10npy_rcsd_88"
"l10npy_rcsdc_6312","6312","CALLE 1RO. ACA CARAYA","l10npy_rcsd_88"
"l10npy_rcsdc_6313","6313","COL.PIRAPO KM.22","l10npy_rcsd_88"
"l10npy_rcsdc_6314","6314","KILOMETRO 23 COL.PIRAPO","l10npy_rcsd_88"
"l10npy_rcsdc_6327","6327","PUERTO ITALIA","l10npy_rcsd_88"
"l10npy_rcsdc_2402","2402","BELLA VISTA","l10npy_rcsd_88"
"l10npy_rcsdc_2403","2403","ARROYO CAA","l10npy_rcsd_88"
"l10npy_rcsdc_2404","2404","ARROYO LEON","l10npy_rcsd_88"
"l10npy_rcsdc_2405","2405","ARROYO YBYGUY","l10npy_rcsd_88"
"l10npy_rcsdc_2406","2406","AYALA CUE","l10npy_rcsd_88"
"l10npy_rcsdc_2407","2407","BELLA VISTA (MUNICIPIO)","l10npy_rcsd_88"
"l10npy_rcsdc_2408","2408","CABAYU Y","l10npy_rcsd_88"
"l10npy_rcsdc_2409","2409","CASUALIDAD","l10npy_rcsd_88"
"l10npy_rcsdc_2410","2410","COL.CERRO POI","l10npy_rcsd_88"
"l10npy_rcsdc_2411","2411","COL.CERRO TRANQUERITA","l10npy_rcsd_88"
"l10npy_rcsdc_2412","2412","COL.SARGENTO DURE","l10npy_rcsd_88"
"l10npy_rcsdc_2413","2413","ESTANCIA APAMI","l10npy_rcsd_88"
"l10npy_rcsdc_2414","2414","ESTANCIA ARAMBURU","l10npy_rcsd_88"
"l10npy_rcsdc_2415","2415","ESTANCIA ARROYO 1A.","l10npy_rcsd_88"
"l10npy_rcsdc_2416","2416","ESTANCIA BARRERO","l10npy_rcsd_88"
"l10npy_rcsdc_2417","2417","ESTANCIA BEDOYA","l10npy_rcsd_88"
"l10npy_rcsdc_2418","2418","ESTANCIA CARMEN DE LA SIERRA","l10npy_rcsd_88"
"l10npy_rcsdc_2419","2419","ESTANCIA CIERVO","l10npy_rcsd_88"
"l10npy_rcsdc_2420","2420","ESTANCIA DUARTE CUE","l10npy_rcsd_88"
"l10npy_rcsdc_2421","2421","ESTANCIA GUARANI","l10npy_rcsd_88"
"l10npy_rcsdc_2422","2422","ESTANCIA LAS MERCEDES","l10npy_rcsd_88"
"l10npy_rcsdc_2423","2423","ESTANCIA LOMA","l10npy_rcsd_88"
"l10npy_rcsdc_2424","2424","ESTANCIA PINDURACUE","l10npy_rcsd_88"
"l10npy_rcsdc_2425","2425","ESTANCIA POSITO","l10npy_rcsd_88"
"l10npy_rcsdc_2426","2426","ESTANCIA SAN ALFREDO","l10npy_rcsd_88"
"l10npy_rcsdc_2427","2427","ESTANCIA SAN CARLOS","l10npy_rcsd_88"
"l10npy_rcsdc_2428","2428","ESTANCIA SAN JOSE","l10npy_rcsd_88"
"l10npy_rcsdc_2429","2429","ESTANCIA SAN JUAN (NORTE)","l10npy_rcsd_88"
"l10npy_rcsdc_2430","2430","ESTANCIA SAN LORENZO","l10npy_rcsd_88"
"l10npy_rcsdc_2431","2431","ESTANCIA SAN ROQUE","l10npy_rcsd_88"
"l10npy_rcsdc_2432","2432","ESTANCIA SAN VICTOR","l10npy_rcsd_88"
"l10npy_rcsdc_2433","2433","ESTANCIA SANTA AMALIA","l10npy_rcsd_88"
"l10npy_rcsdc_2434","2434","ESTANCIA SANTA LINA","l10npy_rcsd_88"
"l10npy_rcsdc_2435","2435","ESTANCIA SANTA NIDIA","l10npy_rcsd_88"
"l10npy_rcsdc_2436","2436","ESTANCIA YBU MI","l10npy_rcsd_88"
"l10npy_rcsdc_2437","2437","ESTANCIA ZEPELLO","l10npy_rcsd_88"
"l10npy_rcsdc_2438","2438","ESTANCIA ÑU POI","l10npy_rcsd_88"
"l10npy_rcsdc_2439","2439","INVERNADA YATEBU","l10npy_rcsd_88"
"l10npy_rcsdc_2440","2440","ISLA ALTA","l10npy_rcsd_88"
"l10npy_rcsdc_2441","2441","OBRAJE ZUBIZARRETA","l10npy_rcsd_88"
"l10npy_rcsdc_2442","2442","OVELAR CUE","l10npy_rcsd_88"
"l10npy_rcsdc_2443","2443","PUENTE KYJHA","l10npy_rcsd_88"
"l10npy_rcsdc_2444","2444","PUESTO SANTA RITA","l10npy_rcsd_88"
"l10npy_rcsdc_2445","2445","ESTANCIA TOLDO CUE","l10npy_rcsd_88"
"l10npy_rcsdc_2446","2446","RETIRO ALEGRIA","l10npy_rcsd_88"
"l10npy_rcsdc_2447","2447","RETIRO APA MI","l10npy_rcsd_88"
"l10npy_rcsdc_2448","2448","RETIRO CERRO ACANGUE","l10npy_rcsd_88"
"l10npy_rcsdc_2449","2449","RETIRO CHAMIZO","l10npy_rcsd_88"
"l10npy_rcsdc_2450","2450","RETIRO LOMA I","l10npy_rcsd_88"
"l10npy_rcsdc_2451","2451","RETIRO LOMA PORA","l10npy_rcsd_88"
"l10npy_rcsdc_2452","2452","RETIRO LOMA PORA 2A.","l10npy_rcsd_88"
"l10npy_rcsdc_2453","2453","RETIRO MARGARITA","l10npy_rcsd_88"
"l10npy_rcsdc_2454","2454","RETIRO NAPEGUE","l10npy_rcsd_88"
"l10npy_rcsdc_2455","2455","RETIRO NOAGA","l10npy_rcsd_88"
"l10npy_rcsdc_2456","2456","RETIRO OLIVA","l10npy_rcsd_88"
"l10npy_rcsdc_2457","2457","RETIRO PAÑUELO","l10npy_rcsd_88"
"l10npy_rcsdc_2458","2458","RETIRO PEGUAJHO","l10npy_rcsd_88"
"l10npy_rcsdc_2459","2459","RETIRO PENSAMIENTO","l10npy_rcsd_88"
"l10npy_rcsdc_2460","2460","RETIRO PYPUCU","l10npy_rcsd_88"
"l10npy_rcsdc_2461","2461","RETIRO PYSYRY","l10npy_rcsd_88"
"l10npy_rcsdc_2462","2462","RETIRO RINCONADA","l10npy_rcsd_88"
"l10npy_rcsdc_2463","2463","RETIRO RUDA","l10npy_rcsd_88"
"l10npy_rcsdc_2464","2464","RETIRO SAN PABLO","l10npy_rcsd_88"
"l10npy_rcsdc_2465","2465","RETIRO SANTA LUISA","l10npy_rcsd_88"
"l10npy_rcsdc_2466","2466","RETIRO SANTA RITA","l10npy_rcsd_88"
"l10npy_rcsdc_2467","2467","RETIRO SUCIA","l10npy_rcsd_88"
"l10npy_rcsdc_2468","2468","RETIRO TORO PASO","l10npy_rcsd_88"
"l10npy_rcsdc_2469","2469","RETIRO TRANQUERITA","l10npy_rcsd_88"
"l10npy_rcsdc_2470","2470","SAN JOSE","l10npy_rcsd_88"
"l10npy_rcsdc_2471","2471","SANTA ELISA","l10npy_rcsd_88"
"l10npy_rcsdc_2472","2472","SANTA TERESA","l10npy_rcsd_88"
"l10npy_rcsdc_2473","2473","SANTO DOMINGO","l10npy_rcsd_88"
"l10npy_rcsdc_2474","2474","SOBERANA","l10npy_rcsd_88"
"l10npy_rcsdc_2475","2475","YARAGUA","l10npy_rcsd_88"
"l10npy_rcsdc_2476","2476","YUGO PENGUE","l10npy_rcsd_88"
"l10npy_rcsdc_6317","6317","ESTANCIA SAN JUAN (SUR)","l10npy_rcsd_88"
"l10npy_rcsdc_6318","6318","ESTANCIA SANTA VICTORIA","l10npy_rcsd_88"
"l10npy_rcsdc_6319","6319","LA MILAGROSA","l10npy_rcsd_88"
"l10npy_rcsdc_6320","6320","RANCHO ALEGRE","l10npy_rcsd_88"
"l10npy_rcsdc_6321","6321","RETIRO FAUSTINO CUE","l10npy_rcsd_88"
"l10npy_rcsdc_6322","6322","RETIRO NARZISA","l10npy_rcsd_88"
"l10npy_rcsdc_6323","6323","RETIRO PILETA","l10npy_rcsd_88"
"l10npy_rcsdc_6324","6324","RETIRO SAN NICOLAS","l10npy_rcsd_88"
"l10npy_rcsdc_6325","6325","RODEO TAPE","l10npy_rcsd_88"
"l10npy_rcsdc_2600","2600","CAMBYRETA","l10npy_rcsd_89"
"l10npy_rcsdc_2601","2601","BARRERO GUAZU","l10npy_rcsd_89"
"l10npy_rcsdc_2602","2602","CALLE A CAMBYRETA","l10npy_rcsd_89"
"l10npy_rcsdc_2603","2603","CAMBYRETA (MUNICIPIO)","l10npy_rcsd_89"
"l10npy_rcsdc_2604","2604","COL.CAMPICHUELO","l10npy_rcsd_89"
"l10npy_rcsdc_2605","2605","COL.PARANA","l10npy_rcsd_89"
"l10npy_rcsdc_2606","2606","PUERTO CAMPICHUELO","l10npy_rcsd_89"
"l10npy_rcsdc_2607","2607","SAN MIGUEL CURUZU","l10npy_rcsd_89"
"l10npy_rcsdc_2608","2608","TRES PALMITOS","l10npy_rcsd_89"
"l10npy_rcsdc_6328","6328","ARROYO VERDE","l10npy_rcsd_89"
"l10npy_rcsdc_6329","6329","COL.PARANA ""A"" (CALLE)","l10npy_rcsd_89"
"l10npy_rcsdc_2609","2609","CAPITAN MEZA","l10npy_rcsd_90"
"l10npy_rcsdc_2610","2610","CAPITAN MEZA (MUNICIPIO)","l10npy_rcsd_90"
"l10npy_rcsdc_2611","2611","COL. CARLOS A.LOPEZ","l10npy_rcsd_90"
"l10npy_rcsdc_2612","2612","COL.EDELIRA","l10npy_rcsd_90"
"l10npy_rcsdc_2613","2613","COL. INDIGENA","l10npy_rcsd_90"
"l10npy_rcsdc_2614","2614","COL. NATALICIO 5A. LINEA","l10npy_rcsd_90"
"l10npy_rcsdc_2615","2615","COL. NUEVA","l10npy_rcsd_90"
"l10npy_rcsdc_2616","2616","COL. TEMBEY","l10npy_rcsd_90"
"l10npy_rcsdc_2617","2617","COL. MAYOR OTAÑO 1,2,3,4,5,LIN","l10npy_rcsd_90"
"l10npy_rcsdc_2618","2618","COL. REPATRIACION 2A. LINEA","l10npy_rcsd_90"
"l10npy_rcsdc_2619","2619","COL. REPATRIACION 3RA. LINEA","l10npy_rcsd_90"
"l10npy_rcsdc_2620","2620","EDELIRA-I","l10npy_rcsd_90"
"l10npy_rcsdc_2621","2621","EDELIRA KM.12","l10npy_rcsd_90"
"l10npy_rcsdc_2622","2622","EDELIRA KM.16","l10npy_rcsd_90"
"l10npy_rcsdc_2623","2623","EDELIRA KM.26","l10npy_rcsd_90"
"l10npy_rcsdc_2624","2624","ISLA PARAJHA","l10npy_rcsd_90"
"l10npy_rcsdc_2625","2625","KILOMETRO 49 -OBRAJE MANSON","l10npy_rcsd_90"
"l10npy_rcsdc_2626","2626","KILOMETRO 54 OBRAJE BARANA","l10npy_rcsd_90"
"l10npy_rcsdc_2627","2627","OBRAJE KM. 15","l10npy_rcsd_90"
"l10npy_rcsdc_2628","2628","PALOMA","l10npy_rcsd_90"
"l10npy_rcsdc_2629","2629","PARAJHA","l10npy_rcsd_90"
"l10npy_rcsdc_2630","2630","PIRAYU-I","l10npy_rcsd_90"
"l10npy_rcsdc_2631","2631","PUERTO 15 DE AGOSTO (C.APE-AI)","l10npy_rcsd_90"
"l10npy_rcsdc_2632","2632","PUERTO 3 DE MAYO","l10npy_rcsd_90"
"l10npy_rcsdc_3949","3949","PUERTO CARLOS A. LOPEZ","l10npy_rcsd_90"
"l10npy_rcsdc_3950","3950","PUERTO MAINUMBY","l10npy_rcsd_90"
"l10npy_rcsdc_3951","3951","PUERTO NATALICIO","l10npy_rcsd_90"
"l10npy_rcsdc_3952","3952","PUERTO PALOMA","l10npy_rcsd_90"
"l10npy_rcsdc_3953","3953","PUERTO PORVENIR","l10npy_rcsd_90"
"l10npy_rcsdc_3954","3954","PUERTO SAN LORENZO","l10npy_rcsd_90"
"l10npy_rcsdc_3955","3955","PUERTO SAN RAFAEL","l10npy_rcsd_90"
"l10npy_rcsdc_3956","3956","PUERTO YACUY","l10npy_rcsd_90"
"l10npy_rcsdc_3957","3957","PUERTO YAGUA RASAPA","l10npy_rcsd_90"
"l10npy_rcsdc_3958","3958","SAN JUAN","l10npy_rcsd_90"
"l10npy_rcsdc_3959","3959","TOLDERIA KM. 9","l10npy_rcsd_90"
"l10npy_rcsdc_3960","3960","TOLDERIA PIRAYU (PTO.CADENA)","l10npy_rcsd_90"
"l10npy_rcsdc_3961","3961","TOLDERIA YAGUA RASAPA","l10npy_rcsd_90"
"l10npy_rcsdc_3962","3962","TRIUNFO KM. 25","l10npy_rcsd_90"
"l10npy_rcsdc_3963","3963","URUTAU KM. 40","l10npy_rcsd_90"
"l10npy_rcsdc_6330","6330","COL. APE-AIME","l10npy_rcsd_90"
"l10npy_rcsdc_6331","6331","COL. SANTA ROSA","l10npy_rcsd_90"
"l10npy_rcsdc_6332","6332","EDELIRA 1RO.Y 2DA. LINEA","l10npy_rcsd_90"
"l10npy_rcsdc_6333","6333","KILOMETRO 72 OBRAJE KATUPYRY","l10npy_rcsd_90"
"l10npy_rcsdc_3964","3964","CARMEN DEL PARANA","l10npy_rcsd_91"
"l10npy_rcsdc_3965","3965","CALLE A ESTE","l10npy_rcsd_91"
"l10npy_rcsdc_3966","3966","CALLE 1 OESTE","l10npy_rcsd_91"
"l10npy_rcsdc_3967","3967","CALLE 2 OESTE","l10npy_rcsd_91"
"l10npy_rcsdc_3968","3968","CALLE 3 OESTE","l10npy_rcsd_91"
"l10npy_rcsdc_3969","3969","CALLE 4 OESTE","l10npy_rcsd_91"
"l10npy_rcsdc_3970","3970","CALLE 5 OESTE","l10npy_rcsd_91"
"l10npy_rcsdc_3971","3971","CALLE 6 OESTE","l10npy_rcsd_91"
"l10npy_rcsdc_3972","3972","CALLE 7","l10npy_rcsd_91"
"l10npy_rcsdc_3973","3973","CALLE 7 (A-B)OESTE","l10npy_rcsd_91"
"l10npy_rcsdc_3974","3974","CALLE A-B-C-","l10npy_rcsd_91"
"l10npy_rcsdc_3975","3975","CALLE AUXILIAR","l10npy_rcsd_91"
"l10npy_rcsdc_3976","3976","CALLE B ESTE","l10npy_rcsd_91"
"l10npy_rcsdc_3977","3977","CALLE B OESTE","l10npy_rcsd_91"
"l10npy_rcsdc_3978","3978","CALLE C ESTE","l10npy_rcsd_91"
"l10npy_rcsdc_3979","3979","CALLE C OESTE","l10npy_rcsd_91"
"l10npy_rcsdc_3980","3980","CALLE D ESTE","l10npy_rcsd_91"
"l10npy_rcsdc_3981","3981","CALLE D OESTE","l10npy_rcsd_91"
"l10npy_rcsdc_3982","3982","CALLE E ESTE","l10npy_rcsd_91"
"l10npy_rcsdc_3983","3983","CALLE E OESTE","l10npy_rcsd_91"
"l10npy_rcsdc_3984","3984","CAMPAÑA COHTCF","l10npy_rcsd_91"
"l10npy_rcsdc_3985","3985","CARAGUATA","l10npy_rcsd_91"
"l10npy_rcsdc_3986","3986","CARMEN DEL PARANA (MUNICIPIO)","l10npy_rcsd_91"
"l10npy_rcsdc_3987","3987","CERRITO","l10npy_rcsd_91"
"l10npy_rcsdc_3988","3988","ESTANCIA WILKE","l10npy_rcsd_91"
"l10npy_rcsdc_3989","3989","PUESTO WILKE (WILKIN)","l10npy_rcsd_91"
"l10npy_rcsdc_3990","3990","SAN MARTIN","l10npy_rcsd_91"
"l10npy_rcsdc_3991","3991","YACAREY","l10npy_rcsd_91"
"l10npy_rcsdc_3992","3992","YBYRAITY","l10npy_rcsd_91"
"l10npy_rcsdc_3993","3993","CAPITAN MIRANDA","l10npy_rcsd_92"
"l10npy_rcsdc_3994","3994","CALLE 13 CAPITAN MIRANDA","l10npy_rcsd_92"
"l10npy_rcsdc_3995","3995","CALLE 7 CAPITAN MIRANDA","l10npy_rcsd_92"
"l10npy_rcsdc_3996","3996","CALLE A CAPITAN MIRANDA","l10npy_rcsd_92"
"l10npy_rcsdc_3997","3997","CALLE A SUR CAPITAN MIRANDA","l10npy_rcsd_92"
"l10npy_rcsdc_3998","3998","CALLE B 2DA. CAPITAN MIRANDA","l10npy_rcsd_92"
"l10npy_rcsdc_3999","3999","CALLE B CAPITAN MIRANDA","l10npy_rcsd_92"
"l10npy_rcsdc_4000","4000","CALLE B SUR CAPITAN MIRANDA","l10npy_rcsd_92"
"l10npy_rcsdc_4001","4001","CALLE C SUR CAPITAN MIRANDA","l10npy_rcsd_92"
"l10npy_rcsdc_4002","4002","CALLE C CAPITAN MIRANDA","l10npy_rcsd_92"
"l10npy_rcsdc_4003","4003","CALLE JESUS CAPITAN MIRANDA","l10npy_rcsd_92"
"l10npy_rcsdc_4004","4004","CAP. MIRANDA (MUNICIPIO)","l10npy_rcsd_92"
"l10npy_rcsdc_4005","4005","COL. ALBORADA 1 CAP. MIRANDA","l10npy_rcsd_92"
"l10npy_rcsdc_4006","4006","COL. ALBORADA 2 CAP. MIRANDA","l10npy_rcsd_92"
"l10npy_rcsdc_4007","4007","YTORORO CAP. MIRANDA","l10npy_rcsd_92"
"l10npy_rcsdc_4008","4008","CORONEL BOGADO","l10npy_rcsd_93"
"l10npy_rcsdc_4009","4009","AGUARA","l10npy_rcsd_93"
"l10npy_rcsdc_4010","4010","ANTEQUERA 1RO.","l10npy_rcsd_93"
"l10npy_rcsdc_4011","4011","ANTEQUERA 2DO.","l10npy_rcsd_93"
"l10npy_rcsdc_4012","4012","BONETE","l10npy_rcsd_93"
"l10npy_rcsdc_4013","4013","CABAYU-I","l10npy_rcsd_93"
"l10npy_rcsdc_4014","4014","CAMBAY","l10npy_rcsd_93"
"l10npy_rcsdc_4015","4015","CAMBA RUGUA","l10npy_rcsd_93"
"l10npy_rcsdc_4016","4016","CARUÑAI","l10npy_rcsd_93"
"l10npy_rcsdc_4017","4017","CAUCASIA","l10npy_rcsd_93"
"l10npy_rcsdc_4018","4018","CERRITO","l10npy_rcsd_93"
"l10npy_rcsdc_4019","4019","CNEL.JOSE F.BOGADO (MUNICIPIO)","l10npy_rcsd_93"
"l10npy_rcsdc_4020","4020","COL. CAP.BADO","l10npy_rcsd_93"
"l10npy_rcsdc_4021","4021","COL. SIBERIA","l10npy_rcsd_93"
"l10npy_rcsdc_4022","4022","COSTA TACUARY","l10npy_rcsd_93"
"l10npy_rcsdc_4023","4023","CRISTO REY","l10npy_rcsd_93"
"l10npy_rcsdc_4024","4024","ESTANCIA EL PROGRESO","l10npy_rcsd_93"
"l10npy_rcsdc_4025","4025","ESTANCIA FERNANDEZ","l10npy_rcsd_93"
"l10npy_rcsdc_4026","4026","ESTANCIA MEFFER","l10npy_rcsd_93"
"l10npy_rcsdc_4027","4027","MBUTUY","l10npy_rcsd_93"
"l10npy_rcsdc_4028","4028","PICADA TUNA","l10npy_rcsd_93"
"l10npy_rcsdc_4029","4029","POTRERITO","l10npy_rcsd_93"
"l10npy_rcsdc_4030","4030","PUESTO GUAICURU","l10npy_rcsd_93"
"l10npy_rcsdc_4031","4031","RESQUIN CUE","l10npy_rcsd_93"
"l10npy_rcsdc_4032","4032","SAN ANTONIO","l10npy_rcsd_93"
"l10npy_rcsdc_4033","4033","SAN FRANCISCO","l10npy_rcsd_93"
"l10npy_rcsdc_4034","4034","SAN ISIDRO","l10npy_rcsd_93"
"l10npy_rcsdc_4035","4035","SAN JUAN JHUGUA-I","l10npy_rcsd_93"
"l10npy_rcsdc_4036","4036","SAN MIGUEL POTRERO","l10npy_rcsd_93"
"l10npy_rcsdc_4037","4037","SAN RAFAEL","l10npy_rcsd_93"
"l10npy_rcsdc_4038","4038","SAN ROQUE","l10npy_rcsd_93"
"l10npy_rcsdc_4039","4039","SANTA RITA","l10npy_rcsd_93"
"l10npy_rcsdc_4040","4040","SATI","l10npy_rcsd_93"
"l10npy_rcsdc_4041","4041","TACUARY","l10npy_rcsd_93"
"l10npy_rcsdc_4042","4042","TACUATY","l10npy_rcsd_93"
"l10npy_rcsdc_4043","4043","TYMACA","l10npy_rcsd_93"
"l10npy_rcsdc_4044","4044","TELLEZ - I","l10npy_rcsd_93"
"l10npy_rcsdc_4045","4045","TELLEZ CUE","l10npy_rcsd_93"
"l10npy_rcsdc_4046","4046","YPYTA","l10npy_rcsd_93"
"l10npy_rcsdc_4047","4047","FRAM","l10npy_rcsd_94"
"l10npy_rcsdc_4048","4048","CALLE AUXILIAR T","l10npy_rcsd_94"
"l10npy_rcsdc_4049","4049","CALLE E ESTE","l10npy_rcsd_94"
"l10npy_rcsdc_4050","4050","CALLE E OESTE","l10npy_rcsd_94"
"l10npy_rcsdc_4051","4051","CALLE F ESTE","l10npy_rcsd_94"
"l10npy_rcsdc_4052","4052","CALLE F OESTE","l10npy_rcsd_94"
"l10npy_rcsdc_4053","4053","CALLE G ESTE","l10npy_rcsd_94"
"l10npy_rcsdc_4054","4054","CALLE G OESTE","l10npy_rcsd_94"
"l10npy_rcsdc_4055","4055","CALLE H ESTE","l10npy_rcsd_94"
"l10npy_rcsdc_4056","4056","CALLE H OESTE","l10npy_rcsd_94"
"l10npy_rcsdc_4057","4057","CALLE I ESTE","l10npy_rcsd_94"
"l10npy_rcsdc_4058","4058","CALLE I OESTE","l10npy_rcsd_94"
"l10npy_rcsdc_4059","4059","CALLE J ESTE","l10npy_rcsd_94"
"l10npy_rcsdc_4060","4060","CALLE J OESTE","l10npy_rcsd_94"
"l10npy_rcsdc_4061","4061","CALLE K ESTE","l10npy_rcsd_94"
"l10npy_rcsdc_4062","4062","CALLE K OESTE","l10npy_rcsd_94"
"l10npy_rcsdc_4063","4063","CALLE I OESTE","l10npy_rcsd_94"
"l10npy_rcsdc_4064","4064","CALLE M ESTE","l10npy_rcsd_94"
"l10npy_rcsdc_4065","4065","CALLE M OESTE","l10npy_rcsd_94"
"l10npy_rcsdc_4066","4066","CALLE N ESTE","l10npy_rcsd_94"
"l10npy_rcsdc_4067","4067","CALLE N OESTE","l10npy_rcsd_94"
"l10npy_rcsdc_4068","4068","CALLE P ESTE","l10npy_rcsd_94"
"l10npy_rcsdc_4069","4069","CALLE P OESTE","l10npy_rcsd_94"
"l10npy_rcsdc_4070","4070","CALLE Q ESTE","l10npy_rcsd_94"
"l10npy_rcsdc_4071","4071","CALLE Q OESTE","l10npy_rcsd_94"
"l10npy_rcsdc_4072","4072","CALLE S ESTE","l10npy_rcsd_94"
"l10npy_rcsdc_4073","4073","CALLE S OESTE","l10npy_rcsd_94"
"l10npy_rcsdc_4074","4074","CALLE T ESTE","l10npy_rcsd_94"
"l10npy_rcsdc_4075","4075","CAALE T OESTE","l10npy_rcsd_94"
"l10npy_rcsdc_4076","4076","CALLE U ESTE","l10npy_rcsd_94"
"l10npy_rcsdc_4077","4077","CALLE V OESTE","l10npy_rcsd_94"
"l10npy_rcsdc_4078","4078","FRAM ( MUNICIPIO )","l10npy_rcsd_94"
"l10npy_rcsdc_5783","5783","CALLE O ESTE","l10npy_rcsd_94"
"l10npy_rcsdc_5784","5784","CALLE R OESTE","l10npy_rcsd_94"
"l10npy_rcsdc_5785","5785","CALLE U OESTE","l10npy_rcsd_94"
"l10npy_rcsdc_4606","4606","ITAPUA POTY","l10npy_rcsd_232"
"l10npy_rcsdc_4609","4609","FEDERICO CHAVEZ","l10npy_rcsd_243"
"l10npy_rcsdc_5698","5698","PIRAPO","l10npy_rcsd_221"
"l10npy_rcsdc_5711","5711","COL. CARANDAY","l10npy_rcsd_221"
"l10npy_rcsdc_5895","5895","CIA. VACA I","l10npy_rcsd_221"
"l10npy_rcsdc_801","801","SAN FERNANDO","l10npy_rcsd_121"
"l10npy_rcsdc_802","802","SAN GERONIMO","l10npy_rcsd_121"
"l10npy_rcsdc_803","803","SANTA MARIA (MUNICIPIO)","l10npy_rcsd_121"
"l10npy_rcsdc_804","804","TRINIDAD CUE","l10npy_rcsd_121"
"l10npy_rcsdc_805","805","YACAREY MI","l10npy_rcsd_121"
"l10npy_rcsdc_806","806","ZANJA CORA","l10npy_rcsd_121"
"l10npy_rcsdc_1627","1627","SANTA MARIA","l10npy_rcsd_121"
"l10npy_rcsdc_1628","1628","ARROYO CARE","l10npy_rcsd_121"
"l10npy_rcsdc_1629","1629","CERRO COSTA","l10npy_rcsd_121"
"l10npy_rcsdc_1630","1630","ESTANCIA ARNOL CUE","l10npy_rcsd_121"
"l10npy_rcsdc_1631","1631","ESTANCIA CA'A CORA","l10npy_rcsd_121"
"l10npy_rcsdc_1632","1632","ESTANCIA CAPURRO","l10npy_rcsd_121"
"l10npy_rcsdc_1633","1633","ESTANCIA MARIA HORTENCIA","l10npy_rcsd_121"
"l10npy_rcsdc_1634","1634","ESTANCIA RAMIREZ CUE","l10npy_rcsd_121"
"l10npy_rcsdc_1635","1635","ESTANCIA SAN BORJA","l10npy_rcsd_121"
"l10npy_rcsdc_1636","1636","ESTANCIA TORORO 1A.","l10npy_rcsd_121"
"l10npy_rcsdc_1637","1637","ESTANCIA TORORO 2A.","l10npy_rcsd_121"
"l10npy_rcsdc_1638","1638","ESTANCIA LA ARMONIA","l10npy_rcsd_121"
"l10npy_rcsdc_1639","1639","ITACURUBI","l10npy_rcsd_121"
"l10npy_rcsdc_1640","1640","PARACAU","l10npy_rcsd_121"
"l10npy_rcsdc_1641","1641","PUERTO ROAS CUE","l10npy_rcsd_121"
"l10npy_rcsdc_1642","1642","SAN ANTONIO","l10npy_rcsd_121"
"l10npy_rcsdc_6210","6210","SAN JUAN BERGMAN","l10npy_rcsd_121"
"l10npy_rcsdc_6267","6267","CURUPAYTY","l10npy_rcsd_121"
"l10npy_rcsdc_6268","6268","ESTANCIA FERLONI","l10npy_rcsd_121"
"l10npy_rcsdc_6269","6269","ESTANCIA V.ALEGRE","l10npy_rcsd_121"
"l10npy_rcsdc_807","807","SANTA ROSA","l10npy_rcsd_122"
"l10npy_rcsdc_808","808","BARRIO SAN JOSE","l10npy_rcsd_122"
"l10npy_rcsdc_809","809","CERRO COSTA","l10npy_rcsd_122"
"l10npy_rcsdc_810","810","COL.E ACEVEDO","l10npy_rcsd_122"
"l10npy_rcsdc_811","811","COL.POTRERO GUAZU","l10npy_rcsd_122"
"l10npy_rcsdc_812","812","ESTANCIA CAA TYGUE","l10npy_rcsd_122"
"l10npy_rcsdc_813","813","ESTANCIA ISLA ALTA","l10npy_rcsd_122"
"l10npy_rcsdc_814","814","ESTANCIA ISLA CHAJHA","l10npy_rcsd_122"
"l10npy_rcsdc_815","815","ESTANCIA JHUGUA GUAZU","l10npy_rcsd_122"
"l10npy_rcsdc_816","816","ESTANCIA JHUGUA POI","l10npy_rcsd_122"
"l10npy_rcsdc_817","817","ESTANCIA LA NEGRA","l10npy_rcsd_122"
"l10npy_rcsdc_818","818","ESTANCIA SAN GABRIEL","l10npy_rcsd_122"
"l10npy_rcsdc_819","819","ESTANCIA SAN JOSE","l10npy_rcsd_122"
"l10npy_rcsdc_820","820","ESTANCIA SAN TADEO","l10npy_rcsd_122"
"l10npy_rcsdc_821","821","ESTANCIA SANTA","l10npy_rcsd_122"
"l10npy_rcsdc_822","822","ESTANCIA SEGOVIA","l10npy_rcsd_122"
"l10npy_rcsdc_823","823","ITA JHUGUA","l10npy_rcsd_122"
"l10npy_rcsdc_824","824","POTRERO ALTO","l10npy_rcsd_122"
"l10npy_rcsdc_825","825","POTRERO MBYYUI","l10npy_rcsd_122"
"l10npy_rcsdc_826","826","POTRERO SAN ANTONIO","l10npy_rcsd_122"
"l10npy_rcsdc_827","827","PUESTO TOLEDO CUE","l10npy_rcsd_122"
"l10npy_rcsdc_828","828","SAN FRANCISCO CUE","l10npy_rcsd_122"
"l10npy_rcsdc_829","829","SAN GABRIEL","l10npy_rcsd_122"
"l10npy_rcsdc_830","830","SAN JOSE","l10npy_rcsd_122"
"l10npy_rcsdc_831","831","SAN RAFAEL","l10npy_rcsd_122"
"l10npy_rcsdc_2633","2633","SAN SOLANO","l10npy_rcsd_122"
"l10npy_rcsdc_2634","2634","SANTA CRUZ","l10npy_rcsd_122"
"l10npy_rcsdc_2635","2635","SANTA ELENA","l10npy_rcsd_122"
"l10npy_rcsdc_2636","2636","SANTA ROSA (MUNICIPIO)","l10npy_rcsd_122"
"l10npy_rcsdc_3873","3873","YACAREY","l10npy_rcsd_122"
"l10npy_rcsdc_3874","3874","YPUCU","l10npy_rcsd_122"
"l10npy_rcsdc_3875","3875","ZAPATERO CUE","l10npy_rcsd_122"
"l10npy_rcsdc_6211","6211","BARRIO CRISTO REY","l10npy_rcsd_122"
"l10npy_rcsdc_6212","6212","ESTANCIA CONCEPCION","l10npy_rcsd_122"
"l10npy_rcsdc_6213","6213","ESTANCIA MARTA ESTHER","l10npy_rcsd_122"
"l10npy_rcsdc_6214","6214","ESTANCIA VANNI","l10npy_rcsd_122"
"l10npy_rcsdc_6215","6215","SAN FRANCISCO","l10npy_rcsd_122"
"l10npy_rcsdc_1524","1524","SAN JUAN BAUTISTA","l10npy_rcsd_115"
"l10npy_rcsdc_1525","1525","CERRO PERO","l10npy_rcsd_115"
"l10npy_rcsdc_1526","1526","COCHI-Y","l10npy_rcsd_115"
"l10npy_rcsdc_1527","1527","COL.SAN JUAN","l10npy_rcsd_115"
"l10npy_rcsdc_1528","1528","GARAY","l10npy_rcsd_115"
"l10npy_rcsdc_1529","1529","ISLA TOBATI","l10npy_rcsd_115"
"l10npy_rcsdc_1530","1530","SAN CRISTOBAL","l10npy_rcsd_115"
"l10npy_rcsdc_1531","1531","SAN JUAN BAUTISTA (MUNICIPIO)","l10npy_rcsd_115"
"l10npy_rcsdc_1532","1532","SAN ROQUE","l10npy_rcsd_115"
"l10npy_rcsdc_1533","1533","TRISTEN SALAZAR","l10npy_rcsd_115"
"l10npy_rcsdc_1534","1534","AYOLAS","l10npy_rcsd_116"
"l10npy_rcsdc_1535","1535","3 COQUEROS","l10npy_rcsd_116"
"l10npy_rcsdc_1536","1536","ATINGUY","l10npy_rcsd_116"
"l10npy_rcsdc_1537","1537","AVILA CUE","l10npy_rcsd_116"
"l10npy_rcsdc_1538","1538","AYOLAS (MUNICIPIO)","l10npy_rcsd_116"
"l10npy_rcsdc_1539","1539","BASE AEREA YACYRETA","l10npy_rcsd_116"
"l10npy_rcsdc_1540","1540","BOQUERON","l10npy_rcsd_116"
"l10npy_rcsdc_1541","1541","CHACO-I","l10npy_rcsd_116"
"l10npy_rcsdc_1542","1542","COCHI-Y","l10npy_rcsd_116"
"l10npy_rcsdc_1543","1543","COL.ALEJO GARCIA 1A.","l10npy_rcsd_116"
"l10npy_rcsdc_1544","1544","COL.CO'EYU","l10npy_rcsd_116"
"l10npy_rcsdc_1545","1545","COSTA YABEBYRY","l10npy_rcsd_116"
"l10npy_rcsdc_1546","1546","COL.ALEJO GARCIA 2A.","l10npy_rcsd_116"
"l10npy_rcsdc_1547","1547","ISLA CURE'I","l10npy_rcsd_116"
"l10npy_rcsdc_1548","1548","ISLA PAJARO","l10npy_rcsd_116"
"l10npy_rcsdc_1549","1549","ISLA TRES HERMANAS","l10npy_rcsd_116"
"l10npy_rcsdc_1550","1550","LIMA","l10npy_rcsd_116"
"l10npy_rcsdc_1551","1551","MBOCAYA","l10npy_rcsd_116"
"l10npy_rcsdc_1552","1552","MBURAJHEY","l10npy_rcsd_116"
"l10npy_rcsdc_1553","1553","MEDIO DIA","l10npy_rcsd_116"
"l10npy_rcsdc_1554","1554","POTRERO","l10npy_rcsd_116"
"l10npy_rcsdc_1555","1555","PUERTO CORATEI","l10npy_rcsd_116"
"l10npy_rcsdc_1556","1556","PUERTO GUARDIA CUE","l10npy_rcsd_116"
"l10npy_rcsdc_1557","1557","PUERTO TURI","l10npy_rcsd_116"
"l10npy_rcsdc_1558","1558","SALTO YASYRETA","l10npy_rcsd_116"
"l10npy_rcsdc_1559","1559","SAN IGNACIO CUE(I.IGNACIO CUE)","l10npy_rcsd_116"
"l10npy_rcsdc_1560","1560","SAN RAFAEL","l10npy_rcsd_116"
"l10npy_rcsdc_1561","1561","YAGUARY","l10npy_rcsd_116"
"l10npy_rcsdc_1562","1562","YASYRETA PUNTA","l10npy_rcsd_116"
"l10npy_rcsdc_1563","1563","YATAITY","l10npy_rcsd_116"
"l10npy_rcsdc_1564","1564","SAN IGNACIO","l10npy_rcsd_117"
"l10npy_rcsdc_1565","1565","ARROYO VERDE","l10npy_rcsd_117"
"l10npy_rcsdc_1566","1566","COL.CA'A YOJHA","l10npy_rcsd_117"
"l10npy_rcsdc_1567","1567","COL.MANZANA D","l10npy_rcsd_117"
"l10npy_rcsdc_1568","1568","COSTA BRASIL","l10npy_rcsd_117"
"l10npy_rcsdc_1569","1569","COSTA PUCU","l10npy_rcsd_117"
"l10npy_rcsdc_1570","1570","ESTANCIA AGRO SAN JUAN","l10npy_rcsd_117"
"l10npy_rcsdc_1571","1571","ESTANCIA PARAGUAY","l10npy_rcsd_117"
"l10npy_rcsdc_1572","1572","ISLA GUAZU","l10npy_rcsd_117"
"l10npy_rcsdc_1573","1573","PLATERO","l10npy_rcsd_117"
"l10npy_rcsdc_1574","1574","SAN BENTO","l10npy_rcsd_117"
"l10npy_rcsdc_1575","1575","SAN IGNACIO (MUNICIPIO)","l10npy_rcsd_117"
"l10npy_rcsdc_1576","1576","SAN JAVIER","l10npy_rcsd_117"
"l10npy_rcsdc_1577","1577","SAN JUAN","l10npy_rcsd_117"
"l10npy_rcsdc_1578","1578","SAN PABLO","l10npy_rcsd_117"
"l10npy_rcsdc_1579","1579","SANGRE DE DRAGON","l10npy_rcsd_117"
"l10npy_rcsdc_1580","1580","SANTA RITA","l10npy_rcsd_117"
"l10npy_rcsdc_1581","1581","TAJHYI-TY","l10npy_rcsd_117"
"l10npy_rcsdc_1582","1582","TAYY","l10npy_rcsd_117"
"l10npy_rcsdc_1583","1583","TAÑERENDY","l10npy_rcsd_117"
"l10npy_rcsdc_1584","1584","SAN MIGUEL","l10npy_rcsd_118"
"l10npy_rcsdc_1585","1585","ARAZAPE","l10npy_rcsd_118"
"l10npy_rcsdc_1586","1586","COL.YSYPO POTRERO","l10npy_rcsd_118"
"l10npy_rcsdc_1587","1587","COSTA JHU","l10npy_rcsd_118"
"l10npy_rcsdc_1588","1588","ESTANCIA CAPII BEBE","l10npy_rcsd_118"
"l10npy_rcsdc_1589","1589","ESTANCIA LOMA POTY","l10npy_rcsd_118"
"l10npy_rcsdc_1590","1590","ESTANCIA MEZA","l10npy_rcsd_118"
"l10npy_rcsdc_1591","1591","ESTANCIA ROSARIO","l10npy_rcsd_118"
"l10npy_rcsdc_1592","1592","ESTANCIA SAN JUAN","l10npy_rcsd_118"
"l10npy_rcsdc_1593","1593","ESTANCIA SAN ROQUE","l10npy_rcsd_118"
"l10npy_rcsdc_1594","1594","ESTANCIA SANTA NINA","l10npy_rcsd_118"
"l10npy_rcsdc_1595","1595","ESTANCIA SANTA TERESA","l10npy_rcsd_118"
"l10npy_rcsdc_1596","1596","ESTANCIA SANTO TOMAS","l10npy_rcsd_118"
"l10npy_rcsdc_1597","1597","ESTANCIA TEBICUARY","l10npy_rcsd_118"
"l10npy_rcsdc_1598","1598","ESTANCIA YGAU","l10npy_rcsd_118"
"l10npy_rcsdc_1599","1599","ESTANCIA Z.BARRIOS","l10npy_rcsd_118"
"l10npy_rcsdc_1600","1600","ISLA TACUARA","l10npy_rcsd_118"
"l10npy_rcsdc_1601","1601","ITA YURU","l10npy_rcsd_118"
"l10npy_rcsdc_1602","1602","JHUGUA","l10npy_rcsd_118"
"l10npy_rcsdc_1603","1603","PUESTO CAACUPE MI","l10npy_rcsd_118"
"l10npy_rcsdc_1604","1604","PUESTO CANGUERY","l10npy_rcsd_118"
"l10npy_rcsdc_1605","1605","PUESTO ESTANCIA BELLA ITALIA","l10npy_rcsd_118"
"l10npy_rcsdc_1606","1606","PUESTO RANCHO DEL MEDIO","l10npy_rcsd_118"
"l10npy_rcsdc_1607","1607","SAN MAURICIO","l10npy_rcsd_118"
"l10npy_rcsdc_1608","1608","SAN MIGUEL (MUNICIPIO)","l10npy_rcsd_118"
"l10npy_rcsdc_1609","1609","SAN PEDRO","l10npy_rcsd_118"
"l10npy_rcsdc_1610","1610","SAN ROQUE","l10npy_rcsd_118"
"l10npy_rcsdc_1611","1611","YSYPO","l10npy_rcsd_118"
"l10npy_rcsdc_1612","1612","SAN PATRICIO","l10npy_rcsd_119"
"l10npy_rcsdc_1613","1613","ARROCERA ISLA GUAZU","l10npy_rcsd_119"
"l10npy_rcsdc_1614","1614","ESTANCIA ISLA TIMBO","l10npy_rcsd_119"
"l10npy_rcsdc_1615","1615","SANTO ANGEL","l10npy_rcsd_119"
"l10npy_rcsdc_1616","1616","ÑACUTI","l10npy_rcsd_119"
"l10npy_rcsdc_6264","6264","SAN PATRICIO (MUNICIPIO)","l10npy_rcsd_119"
"l10npy_rcsdc_1617","1617","SANTIAGO","l10npy_rcsd_120"
"l10npy_rcsdc_1618","1618","CAAGUAZU","l10npy_rcsd_120"
"l10npy_rcsdc_1619","1619","CAAGUY PO I","l10npy_rcsd_120"
"l10npy_rcsdc_1620","1620","CAAGUY GUAZU","l10npy_rcsd_120"
"l10npy_rcsdc_1621","1621","POTRERO YBATE","l10npy_rcsd_120"
"l10npy_rcsdc_1622","1622","SAN ANTONIO","l10npy_rcsd_120"
"l10npy_rcsdc_1623","1623","SAN FELIPE","l10npy_rcsd_120"
"l10npy_rcsdc_1624","1624","SAN RAMON","l10npy_rcsd_120"
"l10npy_rcsdc_1625","1625","SANTIAGO (MUNICIPIO)","l10npy_rcsd_120"
"l10npy_rcsdc_1626","1626","TAMBORY","l10npy_rcsd_120"
"l10npy_rcsdc_6265","6265","CONCEPCION","l10npy_rcsd_120"
"l10npy_rcsdc_6266","6266","SANTA TERESITA","l10npy_rcsd_120"
"l10npy_rcsdc_3876","3876","VILLA FLORIDA","l10npy_rcsd_123"
"l10npy_rcsdc_3877","3877","ESTANCIA CENTU CUE","l10npy_rcsd_123"
"l10npy_rcsdc_3878","3878","ESTANCIA SAN AGUSTIN","l10npy_rcsd_123"
"l10npy_rcsdc_3879","3879","MATOS CUE","l10npy_rcsd_123"
"l10npy_rcsdc_3880","3880","PUERTO PARAISO","l10npy_rcsd_123"
"l10npy_rcsdc_3881","3881","VILLA FLORIDA (MUNICIPIO)","l10npy_rcsd_123"
"l10npy_rcsdc_3882","3882","YABEBYRY","l10npy_rcsd_124"
"l10npy_rcsdc_3883","3883","BOULES (ISLA MBURUCUYA","l10npy_rcsd_124"
"l10npy_rcsdc_3884","3884","GALEANO CUE","l10npy_rcsd_124"
"l10npy_rcsdc_3885","3885","GUARDIA CUE","l10npy_rcsd_124"
"l10npy_rcsdc_3886","3886","POTRERO FORTUNA","l10npy_rcsd_124"
"l10npy_rcsdc_3887","3887","RORY POTRERO","l10npy_rcsd_124"
"l10npy_rcsdc_3888","3888","YABEBYRY (MUNICIPIO)","l10npy_rcsd_124"
